Modell,RMSE
ARIMA,3017.579568260486
SARIMA,2232.7008578140226
SARIMAX,1814.8774056988962
