model,country,origin_year,year,h,y_true,y_pred,q10,q90
chronos2,ABW,1999,2000,1,7.62292064930222,2.3666906356811523,-1.7109122276306152,7.148659706115723
chronos2,ABW,1999,2001,2,4.1820016304779,2.6137757301330566,-3.081967830657959,9.49238395690918
chronos2,ABW,1999,2002,3,-0.944953481157384,3.0108256340026855,-3.590609073638916,11.384288787841797
chronos2,ABW,1999,2003,4,1.11050459944282,3.4013285636901855,-4.45958948135376,13.673198699951172
chronos2,ABW,1999,2004,5,7.29372807096192,3.7578258514404297,-4.639005184173584,15.953971862792969
chronos2,ALB,1999,2000,1,7.46285871776054,10.859626770019531,-1.6274681091308594,20.00340461730957
chronos2,ALB,1999,2001,2,8.8637306604876,9.84852409362793,-6.054427623748779,22.23727798461914
chronos2,ALB,1999,2002,3,4.62839587394552,9.346464157104492,-10.218990325927734,23.617389678955078
chronos2,ALB,1999,2003,4,5.33326426009945,8.807188034057617,-13.614675521850586,25.033313751220703
chronos2,ALB,1999,2004,5,5.26626173860785,8.062318801879883,-16.18098258972168,24.976905822753906
chronos2,AUS,1999,2000,1,3.9160574881715,4.296905517578125,2.248734474182129,6.083560943603516
chronos2,AUS,1999,2001,2,2.03145880248898,4.203286647796631,1.8003003597259521,6.263022422790527
chronos2,AUS,1999,2002,3,3.94980535772942,4.140787124633789,1.5256454944610596,6.42529296875
chronos2,AUS,1999,2003,4,3.0912800997751,4.124490261077881,1.3243489265441895,6.542675018310547
chronos2,AUS,1999,2004,5,4.21894147547516,4.1043009757995605,1.2410304546356201,6.592691421508789
chronos2,AUT,1999,2000,1,3.18952292988787,2.8980467319488525,0.9976999759674072,4.684352397918701
chronos2,AUT,1999,2001,2,1.31698749571339,2.855515956878662,0.7332236766815186,4.811739444732666
chronos2,AUT,1999,2002,3,1.48436877605324,2.7597615718841553,0.4240529537200928,4.879267692565918
chronos2,AUT,1999,2003,4,1.14156504542775,2.638289451599121,0.18900609016418457,4.902637481689453
chronos2,AUT,1999,2004,5,2.56525534067859,2.602020740509033,0.06881952285766602,4.958706855773926
chronos2,BEL,1999,2000,1,3.71670510672588,2.8198163509368896,0.4252638816833496,5.105180740356445
chronos2,BEL,1999,2001,2,1.09960362419645,2.831691026687622,0.26550817489624023,5.274759292602539
chronos2,BEL,1999,2002,3,1.70689430349601,2.822547674179077,0.05995440483093262,5.408627033233643
chronos2,BEL,1999,2003,4,1.03795518162204,2.8155691623687744,-0.010420560836791992,5.465410232543945
chronos2,BEL,1999,2004,5,3.57120671942319,2.7878758907318115,-0.06747174263000488,5.488302230834961
chronos2,BEN,1999,2000,1,5.85771420543269,4.248857021331787,0.01804804801940918,8.041213989257812
chronos2,BEN,1999,2001,2,5.33313570603937,4.184713363647461,-0.3495447635650635,8.25870418548584
chronos2,BEN,1999,2002,3,4.64303087074482,4.124728679656982,-0.6918203830718994,8.511788368225098
chronos2,BEN,1999,2003,4,3.44357677591658,4.0983357429504395,-0.9307901859283447,8.749421119689941
chronos2,BEN,1999,2004,5,4.42968455385082,4.122706413269043,-0.9967715740203857,8.855793952941895
chronos2,BFA,1999,2000,1,1.88847388906525,4.685161590576172,-0.014337301254272461,9.924230575561523
chronos2,BFA,1999,2001,2,6.61340574539679,4.544167995452881,-0.3617715835571289,9.938606262207031
chronos2,BFA,1999,2002,3,4.35296382988099,4.632101535797119,-0.4048590660095215,9.936368942260742
chronos2,BFA,1999,2003,4,7.80249388870359,4.5435872077941895,-0.4040107727050781,10.05108642578125
chronos2,BFA,1999,2004,5,4.47845213670386,4.4570441246032715,-0.5413079261779785,9.990328788757324
chronos2,BGD,1999,2000,1,5.29329471892532,4.604269027709961,3.4018688201904297,5.97398567199707
chronos2,BGD,1999,2001,2,5.07728777526728,4.5625505447387695,3.18346905708313,6.001765727996826
chronos2,BGD,1999,2002,3,3.83312393993225,4.537967205047607,2.8062098026275635,6.196057319641113
chronos2,BGD,1999,2003,4,4.73956739963045,4.499051094055176,2.4022321701049805,6.5460968017578125
chronos2,BGD,1999,2004,5,5.23953291029852,4.5020856857299805,2.091337203979492,6.8386688232421875
chronos2,BGR,1999,2000,1,4.58722553234129,-2.6640422344207764,-10.138398170471191,6.603028774261475
chronos2,BGR,1999,2001,2,3.82370222571771,-13.837502479553223,-24.55250358581543,-1.1799266338348389
chronos2,BGR,1999,2002,3,5.87193134676191,-13.656378746032715,-26.08123779296875,-0.1718931496143341
chronos2,BGR,1999,2003,4,5.23715282493174,-6.851621627807617,-20.12137222290039,5.974685192108154
chronos2,BGR,1999,2004,5,6.5104241389717,-7.117764949798584,-20.872394561767578,6.529419422149658
chronos2,BHR,1999,2000,1,5.30006940305884,4.846201419830322,-3.1653079986572266,12.781152725219727
chronos2,BHR,1999,2001,2,2.49094875338352,4.755629062652588,-4.407526016235352,13.902477264404297
chronos2,BHR,1999,2002,3,3.34855067103268,4.47337532043457,-5.872372627258301,14.52234935760498
chronos2,BHR,1999,2003,4,6.29644129075703,4.227605819702148,-7.030614852905273,15.461405754089355
chronos2,BHR,1999,2004,5,6.98096175867695,4.273125648498535,-7.771548271179199,16.182161331176758
chronos2,BHS,1999,2000,1,4.14841930754267,6.073317050933838,-0.3576364517211914,11.459924697875977
chronos2,BHS,1999,2001,2,2.62600982683425,6.028396129608154,-2.3116908073425293,13.07121467590332
chronos2,BHS,1999,2002,3,2.70495624731029,5.9540019035339355,-3.736513614654541,14.466119766235352
chronos2,BHS,1999,2003,4,-1.26491667612372,6.1009039878845215,-4.799262523651123,15.892255783081055
chronos2,BHS,1999,2004,5,0.882373744518318,5.951883316040039,-5.4601874351501465,16.587650299072266
chronos2,BLZ,1999,2000,1,12.2406120663359,8.705062866210938,4.283835411071777,14.100916862487793
chronos2,BLZ,1999,2001,2,4.99356206143864,8.460285186767578,3.332504987716675,14.853699684143066
chronos2,BLZ,1999,2002,3,5.39907320663811,8.146946907043457,2.530855178833008,15.164580345153809
chronos2,BLZ,1999,2003,4,9.66522679614125,7.616408348083496,1.7056899070739746,15.518510818481445
chronos2,BLZ,1999,2004,5,4.78066505273344,6.9970293045043945,0.7587823867797852,15.432412147521973
chronos2,BOL,1999,2000,1,2.50781081484664,1.9089275598526,-1.8691065311431885,5.431726455688477
chronos2,BOL,1999,2001,2,1.68379914527159,1.0651352405548096,-3.4402315616607666,5.179890155792236
chronos2,BOL,1999,2002,3,2.48556576601922,0.022631406784057617,-5.2707977294921875,4.661039352416992
chronos2,BOL,1999,2003,4,2.7113398065361,-1.1590163707733154,-6.760276794433594,4.107110023498535
chronos2,BOL,1999,2004,5,4.1732955905708,-1.9794151782989502,-7.802624702453613,3.7324697971343994
chronos2,BRA,1999,2000,1,4.38794944745618,0.49965763092041016,-3.5979080200195312,4.587961196899414
chronos2,BRA,1999,2001,2,1.38989640095637,-0.014491558074951172,-5.097576141357422,4.742297172546387
chronos2,BRA,1999,2002,3,3.05346185909312,-0.31561803817749023,-6.558276176452637,5.118093967437744
chronos2,BRA,1999,2003,4,1.14082899824888,-0.6037287712097168,-7.582871437072754,5.7707200050354
chronos2,BRA,1999,2004,5,5.75996463670954,-0.9628472328186035,-8.849241256713867,6.139918327331543
chronos2,BRN,1999,2000,1,3.47467627672586,1.213225245475769,-8.340792655944824,10.686710357666016
chronos2,BRN,1999,2001,2,1.4660608198711,1.217963695526123,-9.736522674560547,12.186392784118652
chronos2,BRN,1999,2002,3,3.9614389000248,1.2204207181930542,-10.973540306091309,13.349947929382324
chronos2,BRN,1999,2003,4,3.58342909978997,1.3558639287948608,-12.164026260375977,15.06287956237793
chronos2,BRN,1999,2004,5,0.104538372603315,1.170709490776062,-13.214877128601074,15.911108016967773
chronos2,BTN,1999,2000,1,3.35506838174288,6.392139434814453,0.9923701286315918,12.914341926574707
chronos2,BTN,1999,2001,2,7.32837435673082,6.534936428070068,0.5781660079956055,13.568546295166016
chronos2,BTN,1999,2002,3,10.4437797168913,6.464473724365234,0.066009521484375,14.099140167236328
chronos2,BTN,1999,2003,4,7.78656040877364,6.393126010894775,-0.47310876846313477,14.6463041305542
chronos2,BTN,1999,2004,5,5.15725736177561,6.37760066986084,-0.7612714767456055,15.152970314025879
chronos2,BWA,1999,2000,1,1.98769583378552,8.004627227783203,1.567770004272461,15.379983901977539
chronos2,BWA,1999,2001,2,0.250573949689084,7.458605766296387,-0.22968387603759766,16.104156494140625
chronos2,BWA,1999,2002,3,6.06953087648317,7.016368865966797,-1.1080904006958008,16.437040328979492
chronos2,BWA,1999,2003,4,4.62589474959299,6.797605514526367,-1.76763916015625,16.723033905029297
chronos2,BWA,1999,2004,5,2.70582170611173,6.57810115814209,-2.07086181640625,16.968496322631836
chronos2,CAF,1999,2000,1,-2.48943244028874,1.9274873733520508,-3.6753435134887695,7.318089485168457
chronos2,CAF,1999,2001,2,4.46473902640867,1.8619022369384766,-4.055380821228027,7.439114093780518
chronos2,CAF,1999,2002,3,3.61654219150596,1.8076376914978027,-4.458313465118408,7.525692462921143
chronos2,CAF,1999,2003,4,-5.39748521855877,1.7301615476608276,-4.543646812438965,7.729376792907715
chronos2,CAF,1999,2004,5,5.99488422798696,1.723839282989502,-4.592419624328613,7.716519832611084
chronos2,CAN,1999,2000,1,5.13853918994158,3.8689353466033936,1.3231635093688965,5.974913597106934
chronos2,CAN,1999,2001,2,1.87509813099847,3.507992744445801,0.6361353397369385,5.906296253204346
chronos2,CAN,1999,2002,3,2.99925533832644,3.3784942626953125,0.1347367763519287,5.981805801391602
chronos2,CAN,1999,2003,4,1.8063851195103,3.3604326248168945,-0.14407801628112793,6.1405158042907715
chronos2,CAN,1999,2004,5,3.09236381038156,3.2536587715148926,-0.3415541648864746,6.179106712341309
chronos2,CHE,1999,2000,1,3.63321673470911,1.404192566871643,-0.9720458984375,3.635913610458374
chronos2,CHE,1999,2001,2,1.59219781357001,1.2969741821289062,-1.5023996829986572,3.869058132171631
chronos2,CHE,1999,2002,3,0.380410134195273,1.3125284910202026,-1.6763279438018799,4.077764987945557
chronos2,CHE,1999,2003,4,-0.284222357857615,1.5508356094360352,-1.640533208847046,4.508304595947266
chronos2,CHE,1999,2004,5,2.58692895529093,1.7265598773956299,-1.6484229564666748,4.788496494293213
chronos2,CHL,1999,2000,1,4.9716214882971,4.42860221862793,-2.2923216819763184,10.356775283813477
chronos2,CHL,1999,2001,2,3.15403492459967,4.620591640472412,-2.7137818336486816,11.069247245788574
chronos2,CHL,1999,2002,3,3.20279913520113,4.691399097442627,-3.0286550521850586,11.493017196655273
chronos2,CHL,1999,2003,4,4.72324526861041,4.68889856338501,-3.366091728210449,11.603960037231445
chronos2,CHL,1999,2004,5,6.67425416822923,4.629710674285889,-3.531609058380127,11.57039737701416
chronos2,CHN,1999,2000,1,8.57357328926101,8.720791816711426,4.517199516296387,12.824743270874023
chronos2,CHN,1999,2001,2,8.32404695347056,8.869733810424805,3.5078368186950684,13.777056694030762
chronos2,CHN,1999,2002,3,9.23604870383861,8.403071403503418,1.8711929321289062,13.988574981689453
chronos2,CHN,1999,2003,4,10.1138119025242,7.932594299316406,0.5778408050537109,14.243291854858398
chronos2,CHN,1999,2004,5,10.1404291872206,7.9482197761535645,0.08859062194824219,14.761978149414062
chronos2,CIV,1999,2000,1,-0.265789462275947,3.319736957550049,-3.4664974212646484,9.678522109985352
chronos2,CIV,1999,2001,2,-2.15401249077306,3.5165939331054688,-4.421026229858398,10.958436965942383
chronos2,CIV,1999,2002,3,-2.73052647441901,3.5337088108062744,-4.874133110046387,11.750837326049805
chronos2,CIV,1999,2003,4,-4.72586658630681,4.272069931030273,-4.726489067077637,13.055266380310059
chronos2,CIV,1999,2004,5,3.18503822575397,4.915864944458008,-4.5215559005737305,14.063981056213379
chronos2,CMR,1999,2000,1,3.83241779430614,3.788195848464966,-1.0262696743011475,8.330507278442383
chronos2,CMR,1999,2001,2,4.32426119221549,3.792942523956299,-3.14829421043396,9.876328468322754
chronos2,CMR,1999,2002,3,4.47702683369155,3.730095863342285,-4.518901824951172,11.126543045043945
chronos2,CMR,1999,2003,4,5.45315368881347,3.7018001079559326,-5.488330841064453,11.975385665893555
chronos2,CMR,1999,2004,5,7.04886281858374,3.5866758823394775,-6.07158088684082,12.276638984680176
chronos2,COG,1999,2000,1,7.5759803952642,-0.16430330276489258,-8.636491775512695,6.605780601501465
chronos2,COG,1999,2001,2,3.80260189913561,0.42565464973449707,-9.681869506835938,8.417891502380371
chronos2,COG,1999,2002,3,4.58187006108889,1.8510847091674805,-9.958327293395996,11.052520751953125
chronos2,COG,1999,2003,4,0.813264076303781,1.9910762310028076,-10.202682495117188,12.111091613769531
chronos2,COG,1999,2004,5,3.47663162118089,2.019223213195801,-10.77202033996582,12.812044143676758
chronos2,COL,1999,2000,1,2.92486148176778,-1.9214167594909668,-4.870029926300049,1.5660018920898438
chronos2,COL,1999,2001,2,1.67789830787579,-1.6368608474731445,-5.444239139556885,2.372323513031006
chronos2,COL,1999,2002,3,2.50398046659659,-1.1338448524475098,-5.71427583694458,3.279075860977173
chronos2,COL,1999,2003,4,3.91827190322513,-1.456087589263916,-6.212871074676514,3.232339859008789
chronos2,COL,1999,2004,5,5.33302206759905,-1.5436596870422363,-6.525986194610596,3.312119722366333
chronos2,COM,1999,2000,1,-1.00701887109655,1.7544007301330566,-2.425203323364258,5.666418075561523
chronos2,COM,1999,2001,2,5.41959971808741,2.1960272789001465,-2.694293975830078,6.805096626281738
chronos2,COM,1999,2002,3,4.59768263263243,2.371123790740967,-3.146244525909424,7.528950214385986
chronos2,COM,1999,2003,4,1.93442812313498,2.3717246055603027,-3.458932399749756,7.882498264312744
chronos2,COM,1999,2004,5,3.10041210399676,2.5832698345184326,-3.561143398284912,8.335074424743652
chronos2,CRI,1999,2000,1,3.80207210664838,4.421648025512695,-0.06739377975463867,7.930022239685059
chronos2,CRI,1999,2001,2,3.49117013515725,4.393426895141602,-0.6702723503112793,8.255249977111816
chronos2,CRI,1999,2002,3,3.41687615891895,4.129269599914551,-1.4618144035339355,8.202142715454102
chronos2,CRI,1999,2003,4,4.31718000096654,3.840010404586792,-2.1420536041259766,8.180782318115234
chronos2,CRI,1999,2004,5,4.42459978667458,3.6956491470336914,-2.6813244819641113,8.281683921813965
chronos2,CYP,1999,2000,1,5.96530445494226,4.852579593658447,-0.20229482650756836,9.990337371826172
chronos2,CYP,1999,2001,2,3.95256258200938,4.717824459075928,-1.4284782409667969,10.799407958984375
chronos2,CYP,1999,2002,3,3.72297491128981,4.434155464172363,-2.4509057998657227,11.107538223266602
chronos2,CYP,1999,2003,4,2.62329962315329,4.149609565734863,-3.325778007507324,11.665491104125977
chronos2,CYP,1999,2004,5,5.02627226665527,4.046720504760742,-4.110894203186035,11.953242301940918
chronos2,DEU,1999,2000,1,2.8765231247659,2.1902356147766113,-0.016115188598632812,4.30236291885376
chronos2,DEU,1999,2001,2,1.63614170690956,2.1561460494995117,-0.4305713176727295,4.580929756164551
chronos2,DEU,1999,2002,3,-0.228255715793637,2.1405014991760254,-0.7264230251312256,4.758384704589844
chronos2,DEU,1999,2003,4,-0.529801394291297,2.022883415222168,-0.8987009525299072,4.770664215087891
chronos2,DEU,1999,2004,5,1.16208684507278,1.8898824453353882,-1.1241843700408936,4.722532749176025
chronos2,DNK,1999,2000,1,3.72400899471576,2.6819067001342773,0.42607665061950684,4.928109645843506
chronos2,DNK,1999,2001,2,0.95003224600012,2.6477904319763184,0.13016700744628906,5.15379524230957
chronos2,DNK,1999,2002,3,0.456530018779986,2.6443378925323486,-0.16101765632629395,5.326896667480469
chronos2,DNK,1999,2003,4,0.441091006625101,2.689811944961548,-0.2756466865539551,5.56801176071167
chronos2,DNK,1999,2004,5,2.77635180744053,2.6787033081054688,-0.40277099609375,5.718925476074219
chronos2,DOM,1999,2000,1,4.65172550299128,5.800416946411133,1.3982439041137695,10.40363883972168
chronos2,DOM,1999,2001,2,2.46937023763239,5.555533409118652,0.24516582489013672,10.78564167022705
chronos2,DOM,1999,2002,3,4.48650367045651,5.384366035461426,-0.4300069808959961,10.99642562866211
chronos2,DOM,1999,2003,4,-1.34935744782766,5.2233452796936035,-0.9590921401977539,11.20235824584961
chronos2,DOM,1999,2004,5,2.58556667449577,5.088422775268555,-1.4693455696105957,11.518558502197266
chronos2,DZA,1999,2000,1,3.80000000158476,3.5090219974517822,-1.0881707668304443,7.796758651733398
chronos2,DZA,1999,2001,2,2.99999999863043,3.567370891571045,-1.9541842937469482,8.358759880065918
chronos2,DZA,1999,2002,3,5.40000000000001,3.5096657276153564,-3.0152294635772705,9.332036972045898
chronos2,DZA,1999,2003,4,6.50000000062043,3.7435641288757324,-3.656466245651245,10.667394638061523
chronos2,DZA,1999,2004,5,4.49999999976698,3.532158851623535,-4.772454261779785,11.2520170211792
chronos2,ECU,1999,2000,1,1.09180164720277,1.1433119773864746,-3.749180316925049,5.535315036773682
chronos2,ECU,1999,2001,2,4.20627185748789,-0.060198307037353516,-5.375805377960205,4.474504470825195
chronos2,ECU,1999,2002,3,4.92809549611376,-0.00788736343383789,-5.488264560699463,4.605315208435059
chronos2,ECU,1999,2003,4,2.88450036512064,0.6116855144500732,-5.177982807159424,5.573358535766602
chronos2,ECU,1999,2004,5,6.83239736646514,0.15818262100219727,-5.697220325469971,5.136481285095215
chronos2,EGY,1999,2000,1,6.37000382991766,6.971085548400879,4.120687961578369,9.945883750915527
chronos2,EGY,1999,2001,2,3.53525197391507,6.9022979736328125,3.4376444816589355,10.612504959106445
chronos2,EGY,1999,2002,3,2.39020402675627,6.876748085021973,2.8508100509643555,11.262250900268555
chronos2,EGY,1999,2003,4,3.19345473756772,6.58085823059082,1.9657509326934814,11.631803512573242
chronos2,EGY,1999,2004,5,4.09207161019908,6.885004043579102,1.8292450904846191,12.221778869628906
chronos2,ESP,1999,2000,1,5.20064125553942,4.558593273162842,1.9787492752075195,7.172083377838135
chronos2,ESP,1999,2001,2,3.91908880808811,4.169171333312988,0.49245429039001465,7.808468341827393
chronos2,ESP,1999,2002,3,2.75545611564098,3.4526827335357666,-1.490260124206543,7.977445602416992
chronos2,ESP,1999,2003,4,2.9392895953076,2.978680372238159,-2.7934470176696777,8.557266235351562
chronos2,ESP,1999,2004,5,3.1145314799161,2.8731625080108643,-3.647826671600342,9.243785858154297
chronos2,FIN,1999,2000,1,5.75373770498848,4.216282844543457,2.0964059829711914,6.2332963943481445
chronos2,FIN,1999,2001,2,2.64026205699308,3.9186081886291504,0.794844388961792,6.715457439422607
chronos2,FIN,1999,2002,3,1.68732644358099,3.78177809715271,0.09846782684326172,7.127249717712402
chronos2,FIN,1999,2003,4,2.01179992738312,3.7288668155670166,-0.3615992069244385,7.396778106689453
chronos2,FIN,1999,2004,5,4.00537952277651,3.5997650623321533,-0.728569746017456,7.569002151489258
chronos2,FJI,1999,2000,1,-1.69999776168213,2.505614995956421,-4.397803783416748,9.282695770263672
chronos2,FJI,1999,2001,2,2.00000027123612,2.6811556816101074,-4.6533331871032715,9.736167907714844
chronos2,FJI,1999,2002,3,3.19999861722759,2.4071874618530273,-4.998110294342041,9.693172454833984
chronos2,FJI,1999,2003,4,0.999998995078172,2.4720664024353027,-5.1464409828186035,9.901081085205078
chronos2,FJI,1999,2004,5,5.30000086613597,2.454529285430908,-5.334181308746338,9.831968307495117
chronos2,FRA,1999,2000,1,4.14099996402915,3.8835389614105225,2.236938238143921,5.3691534996032715
chronos2,FRA,1999,2001,2,1.89946701186636,3.975372314453125,1.9549256563186646,5.814525604248047
chronos2,FRA,1999,2002,3,1.06775027069419,4.001725196838379,1.6897969245910645,6.174590110778809
chronos2,FRA,1999,2003,4,0.967827182558352,3.929579257965088,1.39811110496521,6.339700698852539
chronos2,FRA,1999,2004,5,2.86825052501032,3.9571077823638916,1.2991223335266113,6.506510257720947
chronos2,GAB,1999,2000,1,-1.88296639760897,1.4947915077209473,-12.13434886932373,12.206445693969727
chronos2,GAB,1999,2001,2,2.13523342197423,1.9213151931762695,-12.749354362487793,13.585334777832031
chronos2,GAB,1999,2002,3,-0.249033168543434,2.631504774093628,-11.82087230682373,14.112098693847656
chronos2,GAB,1999,2003,4,2.2473300115045,2.5260298252105713,-11.570063591003418,14.051156997680664
chronos2,GAB,1999,2004,5,0.689543058464849,2.520885705947876,-11.986285209655762,13.71140193939209
chronos2,GBR,1999,2000,1,4.52438074810904,3.053236484527588,0.6578453779220581,5.212160110473633
chronos2,GBR,1999,2001,2,2.39102229602824,3.0384843349456787,0.383528470993042,5.446267127990723
chronos2,GBR,1999,2002,3,1.70902736258567,2.950446844100952,0.17716383934020996,5.528556823730469
chronos2,GBR,1999,2003,4,3.21851612669614,2.918470859527588,0.028998374938964844,5.573542594909668
chronos2,GBR,1999,2004,5,2.32601853325993,2.7545273303985596,-0.19414854049682617,5.526970863342285
chronos2,GEO,1999,2000,1,1.84038117927339,4.290531158447266,-2.4858336448669434,9.312995910644531
chronos2,GEO,1999,2001,2,4.80729867243699,3.57033371925354,-5.291912078857422,10.173057556152344
chronos2,GEO,1999,2002,3,5.47402488700408,3.012742519378662,-8.339068412780762,10.87462043762207
chronos2,GEO,1999,2003,4,11.0570310020104,2.714926242828369,-10.696666717529297,11.262080192565918
chronos2,GEO,1999,2004,5,5.79268292682926,2.3254780769348145,-13.37870979309082,11.663634300231934
chronos2,GHA,1999,2000,1,3.70000008164408,4.349252700805664,2.2375590801239014,5.5843000411987305
chronos2,GHA,1999,2001,2,4.00000012807919,4.266651630401611,2.0014560222625732,5.679835319519043
chronos2,GHA,1999,2002,3,4.49999955900331,4.2235918045043945,1.4405533075332642,5.794904708862305
chronos2,GHA,1999,2003,4,5.200000133101,4.249183177947998,1.1913124322891235,5.938374996185303
chronos2,GHA,1999,2004,5,5.59999999077445,4.2056779861450195,0.6796602010726929,6.193345069885254
chronos2,GMB,1999,2000,1,5.50000021632955,4.37862491607666,0.9267773628234863,7.648324966430664
chronos2,GMB,1999,2001,2,5.80000024323377,4.24102258682251,0.31742262840270996,8.082347869873047
chronos2,GMB,1999,2002,3,-3.25000014970206,4.1070756912231445,-0.27666807174682617,8.383501052856445
chronos2,GMB,1999,2003,4,6.86999962173842,3.9854073524475098,-0.6981186866760254,8.678007125854492
chronos2,GMB,1999,2004,5,7.05000000064635,4.131619453430176,-0.7020692825317383,8.957297325134277
chronos2,GNB,1999,2000,1,1.10027815777423,5.09244441986084,-5.16634464263916,15.391984939575195
chronos2,GNB,1999,2001,2,4.7859716500482,-1.9473142623901367,-13.995055198669434,7.837757110595703
chronos2,GNB,1999,2002,3,3.65393603642713,7.25731897354126,-3.4802627563476562,18.94416046142578
chronos2,GNB,1999,2003,4,-0.285931052286514,3.8706159591674805,-7.471017837524414,14.477595329284668
chronos2,GNB,1999,2004,5,1.17189152277038,1.9768366813659668,-9.432147026062012,12.380335807800293
chronos2,GRC,1999,2000,1,4.13782699405849,2.2810893058776855,-0.29016685485839844,4.6001458168029785
chronos2,GRC,1999,2001,2,4.65041459442163,2.127720594406128,-1.0520849227905273,5.018131256103516
chronos2,GRC,1999,2002,3,4.68313727063017,1.9512155055999756,-1.7414894104003906,5.361329555511475
chronos2,GRC,1999,2003,4,5.79682274294369,1.8488128185272217,-2.2855963706970215,5.740133285522461
chronos2,GRC,1999,2004,5,5.37786634595851,1.7726976871490479,-2.7427010536193848,5.94352912902832
chronos2,GTM,1999,2000,1,3.6088687174876,4.4688615798950195,2.0223395824432373,6.738037109375
chronos2,GTM,1999,2001,2,2.33257486608854,4.42156457901001,0.949782133102417,7.6773681640625
chronos2,GTM,1999,2002,3,3.83928708556792,4.284143924713135,-0.0984654426574707,8.443437576293945
chronos2,GTM,1999,2003,4,2.56037766801896,3.8141517639160156,-1.454690933227539,8.905220031738281
chronos2,GTM,1999,2004,5,3.13791683609193,3.3921058177948,-2.949350357055664,9.10345458984375
chronos2,HKG,1999,2000,1,7.66344398397743,4.466061592102051,-1.75400972366333,9.688220977783203
chronos2,HKG,1999,2001,2,0.560867137855524,4.199985027313232,-2.2471585273742676,9.602712631225586
chronos2,HKG,1999,2002,3,1.6567016736435,3.554055690765381,-3.2650561332702637,9.03400707244873
chronos2,HKG,1999,2003,4,3.05635886663597,2.8533148765563965,-3.9720025062561035,8.548800468444824
chronos2,HKG,1999,2004,5,8.70006555836002,3.8628005981445312,-3.3188652992248535,9.892853736877441
chronos2,HND,1999,2000,1,9.61221879337278,14.33951187133789,6.040982723236084,25.054494857788086
chronos2,HND,1999,2001,2,2.72319327321379,14.0086669921875,4.215008735656738,27.25406837463379
chronos2,HND,1999,2002,3,3.75433786119939,13.877598762512207,2.9633607864379883,28.610441207885742
chronos2,HND,1999,2003,4,4.54703805165397,13.236180305480957,1.7255220413208008,30.27320671081543
chronos2,HND,1999,2004,5,6.23230296069102,12.789619445800781,0.5267477035522461,30.420024871826172
chronos2,HTI,1999,2000,1,0.870059259424892,3.0492238998413086,-1.66769278049469,8.04725170135498
chronos2,HTI,1999,2001,2,-0.342747883252144,3.021440029144287,-3.081408977508545,9.313458442687988
chronos2,HTI,1999,2002,3,1.05182013450109,2.5593552589416504,-4.469758987426758,9.9763822555542
chronos2,HTI,1999,2003,4,3.48077973188326,2.424109935760498,-5.229092121124268,10.94180679321289
chronos2,HTI,1999,2004,5,-1.3178567596495,1.9199540615081787,-6.1354241371154785,10.8221435546875
chronos2,HUN,1999,2000,1,4.40937501806403,2.9864299297332764,0.8710761070251465,5.278109550476074
chronos2,HUN,1999,2001,2,4.06202617226026,3.26138973236084,0.4809384346008301,5.928834915161133
chronos2,HUN,1999,2002,3,4.73006530805553,3.130237102508545,0.0011463165283203125,6.193417549133301
chronos2,HUN,1999,2003,4,3.93877761242727,2.9216418266296387,-0.6839053630828857,6.284979820251465
chronos2,HUN,1999,2004,5,4.96312536156307,2.897947311401367,-1.610802412033081,6.905026912689209
chronos2,IDN,1999,2000,1,4.9200677470169,3.9014010429382324,-4.6876959800720215,8.605241775512695
chronos2,IDN,1999,2001,2,3.64346644721492,3.989868402481079,-5.289207935333252,8.774077415466309
chronos2,IDN,1999,2002,3,4.49947539085764,3.8902831077575684,-6.128507137298584,8.864355087280273
chronos2,IDN,1999,2003,4,4.78036912167654,3.9211270809173584,-6.410193920135498,9.182720184326172
chronos2,IDN,1999,2004,5,5.03087394501685,4.013376235961914,-6.6138482093811035,9.446439743041992
chronos2,IND,1999,2000,1,3.84099115686554,6.348836898803711,3.0656957626342773,9.107791900634766
chronos2,IND,1999,2001,2,4.82396626397303,6.354509353637695,2.987051010131836,9.249932289123535
chronos2,IND,1999,2002,3,3.80397532120038,6.359776973724365,2.8195619583129883,9.372603416442871
chronos2,IND,1999,2003,4,7.86038147545045,6.409754276275635,2.8493213653564453,9.519113540649414
chronos2,IND,1999,2004,5,7.92293661307978,6.228362560272217,2.570730209350586,9.32042121887207
chronos2,IRL,1999,2000,1,9.40352476399653,9.798938751220703,5.667576789855957,13.083330154418945
chronos2,IRL,1999,2001,2,5.30582133514299,9.799482345581055,5.07155179977417,13.559483528137207
chronos2,IRL,1999,2002,3,5.89936506079005,9.722415924072266,4.406317710876465,14.343951225280762
chronos2,IRL,1999,2003,4,3.01383869396012,9.616456985473633,3.9597887992858887,14.684819221496582
chronos2,IRL,1999,2004,5,6.78813990621356,9.413419723510742,3.4085676670074463,14.66907787322998
chronos2,IRN,1999,2000,1,5.84552747578209,2.421893835067749,-5.516029357910156,9.50657844543457
chronos2,IRN,1999,2001,2,2.39217271207868,2.1770737171173096,-8.956887245178223,12.056556701660156
chronos2,IRN,1999,2002,3,8.07882927975243,1.763218641281128,-11.737415313720703,13.700657844543457
chronos2,IRN,1999,2003,4,8.6392983972006,2.0152037143707275,-12.873327255249023,15.779953002929688
chronos2,IRN,1999,2004,5,4.33666597851041,2.4800992012023926,-13.747587203979492,17.42239761352539
chronos2,IRQ,1999,2000,1,16.7961344439661,12.950322151184082,-4.515149116516113,31.68659782409668
chronos2,IRQ,1999,2001,2,1.76660876568174,12.104671478271484,-6.620966911315918,32.504947662353516
chronos2,IRQ,1999,2002,3,-8.20370481187175,12.311205863952637,-8.012741088867188,35.19112014770508
chronos2,IRQ,1999,2003,4,-36.6567804383165,11.144388198852539,-10.656167984008789,35.470314025878906
chronos2,IRQ,1999,2004,5,53.3855472887501,11.048591613769531,-10.642391204833984,35.50400924682617
chronos2,ISL,1999,2000,1,4.90518213950493,3.8871207237243652,-0.21090221405029297,7.755815505981445
chronos2,ISL,1999,2001,2,3.84093935332692,3.1967711448669434,-1.4861383438110352,7.7061872482299805
chronos2,ISL,1999,2002,3,0.542286728290463,2.331010580062866,-3.0207715034484863,7.2474470138549805
chronos2,ISL,1999,2003,4,2.28136971847135,2.0542943477630615,-3.6959476470947266,7.465913772583008
chronos2,ISL,1999,2004,5,7.62260520494142,2.775606632232666,-3.331977367401123,8.381423950195312
chronos2,ISR,1999,2000,1,8.59152200608253,3.3914825916290283,0.5219249725341797,6.476606369018555
chronos2,ISR,1999,2001,2,0.270471415054473,3.2363123893737793,-0.330965518951416,7.037017822265625
chronos2,ISR,1999,2002,3,-0.152880392675172,3.012478828430176,-1.3476924896240234,7.3008503913879395
chronos2,ISR,1999,2003,4,1.43455918035305,2.8855247497558594,-1.9679656028747559,7.821457862854004
chronos2,ISR,1999,2004,5,4.64944459908543,2.8360908031463623,-2.6131443977355957,8.205254554748535
chronos2,ITA,1999,2000,1,3.88209885062652,1.6459946632385254,0.04381608963012695,3.1409497261047363
chronos2,ITA,1999,2001,2,2.00643329837733,1.6549386978149414,-0.37365150451660156,3.5929391384124756
chronos2,ITA,1999,2002,3,0.26992966378873,1.674810767173767,-0.8883702754974365,4.0277581214904785
chronos2,ITA,1999,2003,4,0.0665538088732092,1.6420212984085083,-1.1772186756134033,4.410645961761475
chronos2,ITA,1999,2004,5,1.4740217064723,1.6624385118484497,-1.465486764907837,4.7333664894104
chronos2,JPN,1999,2000,1,2.97832688768516,-0.13005733489990234,-2.732966899871826,2.650099754333496
chronos2,JPN,1999,2001,2,0.284608556379041,-0.18024206161499023,-3.313387393951416,2.998642921447754
chronos2,JPN,1999,2002,3,0.0849888050363319,-0.14562129974365234,-3.8153977394104004,3.464367628097534
chronos2,JPN,1999,2003,4,1.38010935830795,-0.1736159324645996,-4.135900020599365,3.915677547454834
chronos2,JPN,1999,2004,5,2.11294823723127,-0.2064046859741211,-4.647964954376221,4.264406204223633
chronos2,KEN,1999,2000,1,0.599695390807426,2.9306888580322266,-0.4190559387207031,6.205595970153809
chronos2,KEN,1999,2001,2,3.77990649795343,2.804381847381592,-1.0666179656982422,6.728793621063232
chronos2,KEN,1999,2002,3,0.546859530175595,2.7624757289886475,-1.4627385139465332,7.00831413269043
chronos2,KEN,1999,2003,4,2.93247554570904,2.7400472164154053,-1.9180941581726074,7.460738658905029
chronos2,KEN,1999,2004,5,5.10429977629738,2.805330991744995,-2.1330137252807617,7.77623176574707
chronos2,KGZ,1999,2000,1,5.44333663288322,4.809891700744629,-5.110732078552246,14.199504852294922
chronos2,KGZ,1999,2001,2,5.32162141190466,5.1339521408081055,-10.02590560913086,20.265972137451172
chronos2,KGZ,1999,2002,3,-0.0173246130360667,5.639767646789551,-13.135760307312012,25.25322723388672
chronos2,KGZ,1999,2003,4,7.03029319731168,5.383360862731934,-16.329614639282227,28.866254806518555
chronos2,KGZ,1999,2004,5,7.02681242497607,4.881570816040039,-20.40380859375,29.917972564697266
chronos2,KHM,1999,2000,1,9.99358032292079,10.230207443237305,-3.0582833290100098,19.951902389526367
chronos2,KHM,1999,2001,2,7.38971065070517,10.017997741699219,-6.87858247756958,23.610431671142578
chronos2,KHM,1999,2002,3,6.26507280509637,10.249246597290039,-10.653704643249512,26.578968048095703
chronos2,KHM,1999,2003,4,10.2836813071691,9.8651123046875,-14.649227142333984,29.674821853637695
chronos2,KHM,1999,2004,5,9.45769481103929,9.591930389404297,-16.368167877197266,29.635093688964844
chronos2,KOR,1999,2000,1,9.2018583880479,9.840164184570312,4.104032516479492,13.572166442871094
chronos2,KOR,1999,2001,2,4.72593560322356,9.376218795776367,3.1021270751953125,13.31627368927002
chronos2,KOR,1999,2002,3,7.74399895319569,9.142396926879883,2.6755075454711914,13.273740768432617
chronos2,KOR,1999,2003,4,3.07472661826947,8.377510070800781,1.2476458549499512,12.625057220458984
chronos2,KOR,1999,2004,5,5.1836368597334,8.977299690246582,2.066141128540039,13.13121223449707
chronos2,KWT,1999,2000,1,4.69458187079211,-0.9835102558135986,-13.375847816467285,10.357815742492676
chronos2,KWT,1999,2001,2,0.213332576499354,-2.0612196922302246,-16.587678909301758,11.5341796875
chronos2,KWT,1999,2002,3,3.01428315192251,-2.406963348388672,-18.731103897094727,13.131220817565918
chronos2,KWT,1999,2003,4,17.3260204175143,-2.863654136657715,-20.722196578979492,14.908295631408691
chronos2,KWT,1999,2004,5,10.2402980586354,-2.900134563446045,-22.084009170532227,15.938714981079102
chronos2,LBY,1999,2000,1,3.6792704082,2.8578333854675293,-8.830388069152832,15.033153533935547
chronos2,LBY,1999,2001,2,-1.76283887062603,3.6414523124694824,-10.115181922912598,17.55878257751465
chronos2,LBY,1999,2002,3,-0.958897332849631,4.3213911056518555,-11.244410514831543,19.624897003173828
chronos2,LBY,1999,2003,4,13.0160372478013,4.990592002868652,-11.885931968688965,21.75490951538086
chronos2,LBY,1999,2004,5,4.46163899648637,4.807130813598633,-12.819802284240723,22.868797302246094
chronos2,LKA,1999,2000,1,6.00003315828934,4.64278507232666,2.5737719535827637,6.587264060974121
chronos2,LKA,1999,2001,2,-1.54540813366026,4.7904157638549805,2.4776909351348877,6.937112808227539
chronos2,LKA,1999,2002,3,3.96467568513113,4.910503387451172,2.4360647201538086,7.174951553344727
chronos2,LKA,1999,2003,4,5.9402690780223,5.037326335906982,2.4897377490997314,7.445613861083984
chronos2,LKA,1999,2004,5,5.44506127885352,5.092581748962402,2.4819066524505615,7.523130416870117
chronos2,LUX,1999,2000,1,6.93809504692074,5.726771354675293,1.0962793827056885,10.376103401184082
chronos2,LUX,1999,2001,2,3.07427520210337,5.306456565856934,0.34453558921813965,10.353943824768066
chronos2,LUX,1999,2002,3,3.22528846998354,5.155187129974365,-0.03631591796875,10.303829193115234
chronos2,LUX,1999,2003,4,2.6192502126754,5.071998596191406,-0.1990034580230713,10.530986785888672
chronos2,LUX,1999,2004,5,4.23067892192488,4.887480735778809,-0.4879286289215088,10.404693603515625
chronos2,MAC,1999,2000,1,5.74714593475937,-3.116191864013672,-8.4105224609375,3.796701192855835
chronos2,MAC,1999,2001,2,2.88824010651439,-3.1520767211914062,-10.486823081970215,6.297565937042236
chronos2,MAC,1999,2002,3,8.90480904902596,-2.481405735015869,-11.38249397277832,8.34854793548584
chronos2,MAC,1999,2003,4,11.6433551416587,-1.9464926719665527,-12.215740203857422,10.929502487182617
chronos2,MAC,1999,2004,5,26.6368742306114,-1.2779450416564941,-12.356378555297852,13.899574279785156
chronos2,MAR,1999,2000,1,2.58218091499747,4.575894355773926,-0.9597392082214355,9.928413391113281
chronos2,MAR,1999,2001,2,7.72182519577728,2.7735629081726074,-3.3541598320007324,8.644349098205566
chronos2,MAR,1999,2002,3,3.73019737485745,3.9963033199310303,-2.513701915740967,10.380181312561035
chronos2,MAR,1999,2003,4,6.17110214953244,3.0655646324157715,-3.7801260948181152,9.708780288696289
chronos2,MAR,1999,2004,5,4.57138016516208,3.8283467292785645,-3.331390857696533,10.787820816040039
chronos2,MDG,1999,2000,1,4.45685893956946,2.524738311767578,-1.017956256866455,5.671206474304199
chronos2,MDG,1999,2001,2,5.98023576982733,2.458911418914795,-1.2334833145141602,5.798395156860352
chronos2,MDG,1999,2002,3,-12.4079711055149,2.361030340194702,-1.44075345993042,5.878482818603516
chronos2,MDG,1999,2003,4,9.78489212474175,2.3623809814453125,-1.5783426761627197,5.918928623199463
chronos2,MDG,1999,2004,5,5.25700362208742,2.3107986450195312,-1.6851632595062256,6.0052032470703125
chronos2,MEX,1999,2000,1,5.02928399378261,3.7123236656188965,-1.3306083679199219,7.960785388946533
chronos2,MEX,1999,2001,2,-0.450845253215945,3.845503807067871,-1.941744327545166,8.777828216552734
chronos2,MEX,1999,2002,3,-0.236588001922641,4.448428630828857,-1.9262032508850098,9.94441032409668
chronos2,MEX,1999,2003,4,1.18554486709559,4.538175106048584,-2.243752956390381,10.632850646972656
chronos2,MEX,1999,2004,5,3.56544102622887,4.373193264007568,-2.7419304847717285,10.84674072265625
chronos2,MLI,1999,2000,1,-0.736019992224286,4.2043609619140625,-3.4996087551116943,12.356338500976562
chronos2,MLI,1999,2001,2,15.806031742271,3.9095678329467773,-4.414912223815918,12.632701873779297
chronos2,MLI,1999,2002,3,3.03627540738884,3.914442539215088,-5.041022300720215,12.9907808303833
chronos2,MLI,1999,2003,4,9.79712256086644,3.9802775382995605,-5.171923637390137,13.530399322509766
chronos2,MLI,1999,2004,5,1.47732490290102,3.778710126876831,-5.616925239562988,13.602231979370117
chronos2,MLT,1999,2000,1,19.6812693530689,5.111637115478516,2.6849546432495117,7.781245708465576
chronos2,MLT,1999,2001,2,-0.757203651807174,5.1365227699279785,1.679229736328125,8.989522933959961
chronos2,MLT,1999,2002,3,2.74113503379645,5.009315490722656,0.5623722076416016,9.71446418762207
chronos2,MLT,1999,2003,4,3.69331066307235,4.653160095214844,-0.6510677337646484,10.39482307434082
chronos2,MLT,1999,2004,5,0.407354423655889,4.219744682312012,-1.7976436614990234,10.511780738830566
chronos2,MNG,1999,2000,1,1.14606213709108,2.928323268890381,-0.5737721920013428,6.145952224731445
chronos2,MNG,1999,2001,2,2.95271054338117,2.6874310970306396,-3.077871322631836,7.310159206390381
chronos2,MNG,1999,2002,3,4.73297846590111,2.191200017929077,-5.3101325035095215,8.335795402526855
chronos2,MNG,1999,2003,4,7.00463457384886,1.9328162670135498,-7.050885200500488,9.39623737335205
chronos2,MNG,1999,2004,5,10.6254059599309,2.226443290710449,-8.869344711303711,10.947752952575684
chronos2,MRT,1999,2000,1,-3.91802587923293,2.2750327587127686,-3.6160290241241455,8.87187671661377
chronos2,MRT,1999,2001,2,-0.799493815789347,2.8094067573547363,-3.683082342147827,9.881440162658691
chronos2,MRT,1999,2002,3,1.38148396199058,2.798943042755127,-3.9531261920928955,10.099564552307129
chronos2,MRT,1999,2003,4,6.92826955106302,2.5558204650878906,-4.307283401489258,10.162633895874023
chronos2,MRT,1999,2004,5,4.7327579245203,2.5532031059265137,-4.462454795837402,10.475276947021484
chronos2,MUS,1999,2000,1,8.20279174865273,5.334628105163574,1.6272914409637451,9.096170425415039
chronos2,MUS,1999,2001,2,3.3475407273143,4.73274564743042,0.23376893997192383,9.043954849243164
chronos2,MUS,1999,2002,3,1.61491865862438,5.1592020988464355,0.23660039901733398,9.703435897827148
chronos2,MUS,1999,2003,4,5.9254454894774,4.723211765289307,-0.5406064987182617,9.865812301635742
chronos2,MUS,1999,2004,5,4.33001985464323,4.960078239440918,-0.7566986083984375,10.404581069946289
chronos2,MYS,1999,2000,1,8.85886816969386,8.089909553527832,2.5666260719299316,11.84247875213623
chronos2,MYS,1999,2001,2,0.517675319192861,8.053707122802734,2.403034210205078,11.72553539276123
chronos2,MYS,1999,2002,3,5.39098830692797,7.921411037445068,2.1858787536621094,11.658976554870605
chronos2,MYS,1999,2003,4,5.7884992858875,7.946269512176514,2.0972537994384766,11.662208557128906
chronos2,MYS,1999,2004,5,6.78343772370305,7.823314189910889,1.941554069519043,11.568876266479492
chronos2,NER,1999,2000,1,-1.20847774100575,1.9663128852844238,-3.9680848121643066,7.884771347045898
chronos2,NER,1999,2001,2,7.26813490213235,2.4022300243377686,-4.087017059326172,8.912216186523438
chronos2,NER,1999,2002,3,4.91847057594622,2.3798012733459473,-4.369511604309082,9.211370468139648
chronos2,NER,1999,2003,4,2.1706103837418,2.287487268447876,-5.105903625488281,9.784407615661621
chronos2,NER,1999,2004,5,0.363801578722132,2.0962979793548584,-5.791891574859619,10.079221725463867
chronos2,NIC,1999,2000,1,4.10159025073438,6.661930084228516,0.8349186182022095,11.981688499450684
chronos2,NIC,1999,2001,2,2.96084349057273,6.787145614624023,-0.29920387268066406,13.619169235229492
chronos2,NIC,1999,2002,3,0.753938876079573,6.714479446411133,-1.6280875205993652,14.917460441589355
chronos2,NIC,1999,2003,4,2.52073289551447,7.157247543334961,-2.3397459983825684,16.48068618774414
chronos2,NIC,1999,2004,5,5.31217056950739,7.121890068054199,-3.2787694931030273,17.40530776977539
chronos2,NLD,1999,2000,1,4.21970034558892,4.721687316894531,2.8252902030944824,6.329121112823486
chronos2,NLD,1999,2001,2,2.32358454925847,4.682921409606934,2.3172805309295654,6.870273590087891
chronos2,NLD,1999,2002,3,0.24582951723049,4.5512776374816895,1.7399390935897827,7.2587456703186035
chronos2,NLD,1999,2003,4,0.0978549395212411,4.472207546234131,1.3657748699188232,7.469063758850098
chronos2,NLD,1999,2004,5,2.01628331561487,4.361361503601074,1.0751323699951172,7.612758636474609
chronos2,NOR,1999,2000,1,3.443416131481,2.7722158432006836,0.3035449981689453,4.97273063659668
chronos2,NOR,1999,2001,2,2.1634350595868,2.8981974124908447,0.1406264305114746,5.291704177856445
chronos2,NOR,1999,2002,3,1.45747886087304,2.941370964050293,0.10618972778320312,5.464896202087402
chronos2,NOR,1999,2003,4,1.09635781210122,3.0140271186828613,0.029869794845581055,5.64141321182251
chronos2,NOR,1999,2004,5,4.33015597691212,3.0974225997924805,0.009755849838256836,5.777812957763672
chronos2,NPL,1999,2000,1,6.19999998192236,4.394064903259277,1.6123820543289185,7.310663223266602
chronos2,NPL,1999,2001,2,4.79989214255407,3.4502084255218506,0.31443047523498535,6.694425582885742
chronos2,NPL,1999,2002,3,0.120143177369414,4.5097761154174805,1.0375244617462158,8.11306381225586
chronos2,NPL,1999,2003,4,3.94503776051116,3.8738152980804443,0.185821533203125,7.569982051849365
chronos2,NPL,1999,2004,5,4.68260325152944,4.023833274841309,0.19644427299499512,7.981607913970947
chronos2,NZL,1999,2000,1,2.86879087314065,2.725109577178955,-1.1981029510498047,6.298658847808838
chronos2,NZL,1999,2001,2,3.41557461751114,2.768179416656494,-1.3897433280944824,6.664852142333984
chronos2,NZL,1999,2002,3,4.71514593471419,3.022326946258545,-1.3571453094482422,7.160847187042236
chronos2,NZL,1999,2003,4,4.72587484712128,3.47285532951355,-0.9005956649780273,7.659321308135986
chronos2,NZL,1999,2004,5,4.09053577279863,4.065311908721924,-0.3241899013519287,8.171709060668945
chronos2,OMN,1999,2000,1,6.19241063695442,3.0330862998962402,-3.079469680786133,12.625992774963379
chronos2,OMN,1999,2001,2,4.61316649389876,3.1285266876220703,-4.309015274047852,14.098111152648926
chronos2,OMN,1999,2002,3,-0.784165786429256,3.430574893951416,-4.960677146911621,15.520410537719727
chronos2,OMN,1999,2003,4,-2.19466567976842,3.9184160232543945,-5.6934404373168945,18.854049682617188
chronos2,OMN,1999,2004,5,1.99251510973346,4.117327690124512,-5.858092308044434,19.48787498474121
chronos2,PAK,1999,2000,1,4.2600880111325,4.16465425491333,1.4850683212280273,6.8582940101623535
chronos2,PAK,1999,2001,2,3.65135017083765,4.201416492462158,0.9803228378295898,7.260571002960205
chronos2,PAK,1999,2002,3,2.59481668445784,3.941990375518799,0.5542407035827637,7.2236785888671875
chronos2,PAK,1999,2003,4,5.40131087314342,3.869530200958252,0.2627120018005371,7.407402992248535
chronos2,PAK,1999,2004,5,7.83125556961251,4.228828430175781,0.4416007995605469,7.842151641845703
chronos2,PAN,1999,2000,1,4.20900547865375,5.133669376373291,-0.4192328453063965,10.168758392333984
chronos2,PAN,1999,2001,2,0.949908149985234,5.470612049102783,-0.6217174530029297,11.149870872497559
chronos2,PAN,1999,2002,3,2.50884372716125,6.220874786376953,-0.2824835777282715,12.560566902160645
chronos2,PAN,1999,2003,4,5.09686030493801,6.739281177520752,-0.10686683654785156,13.547481536865234
chronos2,PAN,1999,2004,5,8.17565333965649,6.906514644622803,-0.16010475158691406,14.009149551391602
chronos2,PER,1999,2000,1,2.69437139806912,4.204348564147949,-1.552985429763794,9.796348571777344
chronos2,PER,1999,2001,2,0.617892325624297,4.224208831787109,-3.454580068588257,11.423851013183594
chronos2,PER,1999,2002,3,5.45352893818767,3.0526316165924072,-6.135036468505859,11.153663635253906
chronos2,PER,1999,2003,4,4.16502313666112,2.6583034992218018,-7.34942626953125,11.541837692260742
chronos2,PER,1999,2004,5,4.95820320611745,3.009293794631958,-7.369051933288574,12.202412605285645
chronos2,PHL,1999,2000,1,4.38250500083399,3.8831045627593994,0.7250106334686279,6.59531831741333
chronos2,PHL,1999,2001,2,3.04923134463486,3.8155298233032227,0.0019216537475585938,6.9437971115112305
chronos2,PHL,1999,2002,3,3.71625500158383,3.7318484783172607,-0.623812198638916,7.196096897125244
chronos2,PHL,1999,2003,4,5.08691113513073,3.6528091430664062,-1.339266300201416,7.448370456695557
chronos2,PHL,1999,2004,5,6.56922851180626,3.397510528564453,-2.2001237869262695,7.50068998336792
chronos2,PRT,1999,2000,1,3.81617714108242,3.681845188140869,0.9743437767028809,6.155271053314209
chronos2,PRT,1999,2001,2,1.94367213427915,3.581732988357544,0.34882164001464844,6.514664649963379
chronos2,PRT,1999,2002,3,0.770924781247714,3.526455879211426,-0.16717910766601562,6.754180431365967
chronos2,PRT,1999,2003,4,-0.930521045062918,3.5659632682800293,-0.4125504493713379,7.041289329528809
chronos2,PRT,1999,2004,5,1.78873552917291,3.5974626541137695,-0.600675106048584,7.321663856506348
chronos2,PRY,1999,2000,1,-2.31414056819045,-1.4354915618896484,-6.218163013458252,3.340078115463257
chronos2,PRY,1999,2001,2,-0.834054716746095,-1.5737366676330566,-9.068727493286133,4.710264682769775
chronos2,PRY,1999,2002,3,-0.0214043949985694,-1.6745719909667969,-10.730644226074219,5.963005542755127
chronos2,PRY,1999,2003,4,4.32074548551591,-2.0009355545043945,-13.063011169433594,7.160623550415039
chronos2,PRY,1999,2004,5,4.05741836363771,-2.055973529815674,-13.65731430053711,8.140623092651367
chronos2,QAT,1999,2000,1,8.02812548837973,6.016448974609375,-2.434600830078125,15.56190299987793
chronos2,QAT,1999,2001,2,3.89814748805541,5.338777542114258,-4.4012770652771,16.507768630981445
chronos2,QAT,1999,2002,3,7.18252331136711,5.093151569366455,-5.5078816413879395,17.158403396606445
chronos2,QAT,1999,2003,4,3.7199194981967,4.689498424530029,-6.4533305168151855,17.285240173339844
chronos2,QAT,1999,2004,5,19.2185032411244,4.364998817443848,-7.295407772064209,17.478734970092773
chronos2,RUS,1999,2000,1,10.0000668136515,10.188455581665039,-2.9782028198242188,22.44759750366211
chronos2,RUS,1999,2001,2,5.10005122572568,12.914887428283691,-2.8551416397094727,29.096515655517578
chronos2,RUS,1999,2002,3,4.69999190914258,13.937426567077637,-4.245333671569824,33.40879821777344
chronos2,RUS,1999,2003,4,7.29995234528189,14.738163948059082,-4.919345855712891,36.236572265625
chronos2,RUS,1999,2004,5,7.19994786954857,13.629349708557129,-6.7582244873046875,35.245609283447266
chronos2,RWA,1999,2000,1,8.37089593573039,3.7026360034942627,-9.705467224121094,16.019540786743164
chronos2,RWA,1999,2001,2,8.48456034086699,3.681908369064331,-11.862752914428711,17.476421356201172
chronos2,RWA,1999,2002,3,13.1920736288433,3.989466667175293,-11.309814453125,18.435867309570312
chronos2,RWA,1999,2003,4,2.2023875095978,4.0900492668151855,-11.159578323364258,18.382247924804688
chronos2,RWA,1999,2004,5,7.44766737037035,3.8695359230041504,-9.799036026000977,17.37291717529297
chronos2,SAU,1999,2000,1,4.71813422138024,1.3026337623596191,-5.922041416168213,7.974337577819824
chronos2,SAU,1999,2001,2,0.344593196175438,0.8760828971862793,-8.476694107055664,10.025373458862305
chronos2,SAU,1999,2002,3,-0.688390130317757,0.9191837310791016,-10.853843688964844,11.92678451538086
chronos2,SAU,1999,2003,4,8.76873381743964,0.7251229286193848,-11.893779754638672,13.408584594726562
chronos2,SAU,1999,2004,5,8.63100545880309,0.9457855224609375,-13.090682983398438,14.612285614013672
chronos2,SDN,1999,2000,1,6.34586743997545,3.3618626594543457,-5.71653938293457,12.781494140625
chronos2,SDN,1999,2001,2,6.50036053396883,3.800173044204712,-5.96066951751709,13.690011024475098
chronos2,SDN,1999,2002,3,6.0064715363132,3.930236577987671,-6.279176712036133,13.708571434020996
chronos2,SDN,1999,2003,4,6.28880816146516,3.9202375411987305,-6.193150520324707,14.153242111206055
chronos2,SDN,1999,2004,5,5.14088851762675,3.484539270401001,-6.83467960357666,13.83956527709961
chronos2,SEN,1999,2000,1,3.88721095816793,3.5156242847442627,-1.0022029876708984,7.820028305053711
chronos2,SEN,1999,2001,2,4.31085146618369,3.5465614795684814,-1.303609848022461,8.04896354675293
chronos2,SEN,1999,2002,3,0.0686965747419066,3.256119728088379,-1.8940722942352295,8.030420303344727
chronos2,SEN,1999,2003,4,5.59395094456143,3.3456976413726807,-1.9142282009124756,8.244375228881836
chronos2,SEN,1999,2004,5,4.64329393683312,3.1823837757110596,-2.121797800064087,8.083990097045898
chronos2,SGP,1999,2000,1,9.03831632555163,6.6148200035095215,-0.2453908920288086,10.989408493041992
chronos2,SGP,1999,2001,2,-1.07086275100448,6.920826435089111,-0.3956632614135742,11.376434326171875
chronos2,SGP,1999,2002,3,3.92336076702013,7.0751824378967285,-0.6039772033691406,11.59607982635498
chronos2,SGP,1999,2003,4,4.54825542643229,7.2623443603515625,-0.5713233947753906,11.919743537902832
chronos2,SGP,1999,2004,5,9.93998268434957,7.307982444763184,-0.6345720291137695,12.112467765808105
chronos2,SLB,1999,2000,1,-14.2769995149354,-0.3179056644439697,-4.814063549041748,6.039125442504883
chronos2,SLB,1999,2001,2,-7.95660550454917,-0.2061002254486084,-5.67336368560791,7.20229959487915
chronos2,SLB,1999,2002,3,-2.7999838935951,-0.18041110038757324,-6.031153678894043,7.892151832580566
chronos2,SLB,1999,2003,4,6.52346760921694,0.025614023208618164,-6.650940895080566,9.303415298461914
chronos2,SLB,1999,2004,5,7.68364102152745,0.011035442352294922,-7.042662620544434,10.118043899536133
chronos2,SLV,1999,2000,1,1.12790697674419,2.1195926666259766,-1.3965106010437012,5.0764007568359375
chronos2,SLV,1999,2001,2,0.879613659882722,1.939234733581543,-3.556835651397705,6.091493606567383
chronos2,SLV,1999,2002,3,1.57291844759789,1.6170711517333984,-5.53488302230835,6.803663730621338
chronos2,SLV,1999,2003,4,1.56539303147618,1.026105284690857,-7.641273498535156,7.335352420806885
chronos2,SLV,1999,2004,5,0.889404485692197,0.43925440311431885,-9.680435180664062,7.628647804260254
chronos2,SWE,1999,2000,1,4.63112136551369,3.7483768463134766,1.5103950500488281,5.697077751159668
chronos2,SWE,1999,2001,2,1.36080642694121,3.558042049407959,0.7046879529953003,6.118231773376465
chronos2,SWE,1999,2002,3,2.27772867861897,3.542729139328003,0.33908772468566895,6.472698211669922
chronos2,SWE,1999,2003,4,1.88102769675844,3.6359691619873047,0.17396807670593262,6.817590713500977
chronos2,SWE,1999,2004,5,4.17958419343711,3.5384554862976074,-0.06419944763183594,6.845508575439453
chronos2,SYC,1999,2000,1,4.25319834931828,5.289656639099121,-3.4292006492614746,14.58909797668457
chronos2,SYC,1999,2001,2,-2.27116288552982,5.154552936553955,-4.115753650665283,14.856008529663086
chronos2,SYC,1999,2002,3,1.21283290259314,4.662083148956299,-4.505394458770752,14.809642791748047
chronos2,SYC,1999,2003,4,-5.88712848764477,4.864351749420166,-4.657590389251709,14.89803695678711
chronos2,SYC,1999,2004,5,-2.8504539768538,5.043687343597412,-4.726747035980225,15.092256546020508
chronos2,TCD,1999,2000,1,-0.879681024156014,1.4084241390228271,-5.839504241943359,8.342655181884766
chronos2,TCD,1999,2001,2,11.6581346550771,0.9579527974128723,-6.588263988494873,8.232955932617188
chronos2,TCD,1999,2002,3,8.4912098197177,3.4213368892669678,-4.075850486755371,10.919042587280273
chronos2,TCD,1999,2003,4,14.7216670123589,4.585963726043701,-2.6929078102111816,11.923965454101562
chronos2,TCD,1999,2004,5,33.6293718498522,3.610708713531494,-3.8524937629699707,11.068880081176758
chronos2,TGO,1999,2000,1,-0.783479610048047,4.532727241516113,-4.630377769470215,13.888495445251465
chronos2,TGO,1999,2001,2,0.823438752111855,4.710305213928223,-5.344978332519531,14.949610710144043
chronos2,TGO,1999,2002,3,3.82662257675142,4.981169700622559,-5.6797943115234375,15.580318450927734
chronos2,TGO,1999,2003,4,6.72017142336034,5.025964260101318,-5.819048881530762,16.015186309814453
chronos2,TGO,1999,2004,5,-0.978665332738743,4.971922397613525,-6.0438079833984375,16.227766036987305
chronos2,THA,1999,2000,1,4.45524704335014,7.108267307281494,-0.8854312896728516,13.60769271850586
chronos2,THA,1999,2001,2,3.44424900968372,7.000813961029053,-1.9524788856506348,14.341300964355469
chronos2,THA,1999,2002,3,6.14903605210036,6.789022922515869,-3.2190775871276855,14.334474563598633
chronos2,THA,1999,2003,4,7.18924330340971,6.050765037536621,-4.282742977142334,13.728267669677734
chronos2,THA,1999,2004,5,6.28934214285795,5.614416599273682,-5.32961893081665,13.335451126098633
chronos2,TON,1999,2000,1,3.75409745006452,1.7604422569274902,-1.5863404273986816,5.321028709411621
chronos2,TON,1999,2001,2,1.49248125545273,1.7794642448425293,-2.1851954460144043,5.940871238708496
chronos2,TON,1999,2002,3,4.4292235994526,1.7533879280090332,-2.4493212699890137,6.307692050933838
chronos2,TON,1999,2003,4,0.0518054450729011,1.969831943511963,-2.5242977142333984,6.780863285064697
chronos2,TON,1999,2004,5,-1.96794740326561,2.1526403427124023,-2.603872299194336,7.144741058349609
chronos2,TUN,1999,2000,1,4.7099729138049,4.535211086273193,-0.6612191200256348,9.376908302307129
chronos2,TUN,1999,2001,2,3.79627166202512,4.12748384475708,-1.96466064453125,9.84559440612793
chronos2,TUN,1999,2002,3,1.32255714828946,3.81998872756958,-3.1897621154785156,10.273148536682129
chronos2,TUN,1999,2003,4,4.70239953285241,3.534029722213745,-4.197524070739746,10.757058143615723
chronos2,TUN,1999,2004,5,6.23579072222647,3.2602405548095703,-4.983706474304199,10.996747970581055
chronos2,TUR,1999,2000,1,6.98528697817062,4.193131923675537,-1.9711041450500488,9.5615234375
chronos2,TUR,1999,2001,2,-5.45940838563062,4.201167583465576,-2.1267142295837402,9.54694938659668
chronos2,TUR,1999,2002,3,6.43550883793114,4.1395487785339355,-2.2251205444335938,9.50383186340332
chronos2,TUR,1999,2003,4,5.79909321038525,4.120321273803711,-2.25693416595459,9.556690216064453
chronos2,TUR,1999,2004,5,9.92540551918624,4.116698265075684,-2.304065227508545,9.534690856933594
chronos2,TZA,1999,2000,1,4.52078463603256,4.111945629119873,2.220411777496338,6.63587760925293
chronos2,TZA,1999,2001,2,6.07080828734129,3.952666759490967,1.8193652629852295,6.8413801193237305
chronos2,TZA,1999,2002,3,7.09319498355502,3.8087756633758545,1.265785574913025,7.292713165283203
chronos2,TZA,1999,2003,4,6.67278983053497,3.297290802001953,0.8941415548324585,6.018475532531738
chronos2,TZA,1999,2004,5,7.50381465859829,2.9490904808044434,0.2924327850341797,5.959100723266602
chronos2,UGA,1999,2000,1,3.141907338187,8.754437446594238,4.5454559326171875,12.840564727783203
chronos2,UGA,1999,2001,2,5.18366112490236,9.045207977294922,3.7020504474639893,14.75484848022461
chronos2,UGA,1999,2002,3,8.73268576440127,9.566642761230469,3.0977752208709717,16.433212280273438
chronos2,UGA,1999,2003,4,6.47325867166543,9.025595664978027,1.7907955646514893,16.737302780151367
chronos2,UGA,1999,2004,5,6.80723334361883,7.782912731170654,-0.0014739036560058594,15.645267486572266
chronos2,UKR,1999,2000,1,5.90000000024899,2.5615267753601074,-5.5450263023376465,9.43581771850586
chronos2,UKR,1999,2001,2,8.80000000367222,5.183533191680908,-6.19793701171875,15.634645462036133
chronos2,UKR,1999,2002,3,5.33964720719075,6.509679317474365,-8.074776649475098,20.91060447692871
chronos2,UKR,1999,2003,4,9.51660986436364,6.691711902618408,-10.240327835083008,22.881874084472656
chronos2,UKR,1999,2004,5,11.7953525281136,5.778690814971924,-13.060419082641602,22.137500762939453
chronos2,URY,1999,2000,1,-1.92993063549235,-0.3997800350189209,-5.930797576904297,4.178576469421387
chronos2,URY,1999,2001,2,-3.84412995940374,0.8190739154815674,-5.688265800476074,6.589288711547852
chronos2,URY,1999,2002,3,-7.73200721540044,2.3689768314361572,-4.879693984985352,8.809977531433105
chronos2,URY,1999,2003,4,0.805283915893824,2.5167548656463623,-4.801548957824707,9.534850120544434
chronos2,URY,1999,2004,5,5.00416035564457,2.7498843669891357,-4.851522445678711,9.796274185180664
chronos2,USA,1999,2000,1,4.07758575997799,4.108599662780762,2.0849227905273438,5.810732841491699
chronos2,USA,1999,2001,2,0.955538337599847,4.077078342437744,1.8007389307022095,6.0238142013549805
chronos2,USA,1999,2002,3,1.70044733078285,4.062414646148682,1.614926815032959,6.216662406921387
chronos2,USA,1999,2003,4,2.79560596378604,4.0745930671691895,1.4776742458343506,6.290782928466797
chronos2,USA,1999,2004,5,3.84777169267127,3.9803357124328613,1.3190910816192627,6.330803871154785
chronos2,VNM,1999,2000,1,6.78731640463151,3.7078845500946045,1.613485336303711,6.412688255310059
chronos2,VNM,1999,2001,2,6.19289331233377,3.1552011966705322,0.039682865142822266,6.735856056213379
chronos2,VNM,1999,2002,3,6.32082099160833,2.8815035820007324,-1.0419058799743652,7.264298439025879
chronos2,VNM,1999,2003,4,6.89906349055258,2.5425496101379395,-2.1426186561584473,8.308080673217773
chronos2,VNM,1999,2004,5,7.53641060890386,2.473372459411621,-2.9796900749206543,9.156669616699219
chronos2,VUT,1999,2000,1,5.92480905652918,0.8576122522354126,-4.475226402282715,5.954545497894287
chronos2,VUT,1999,2001,2,-3.39758248938266,0.9172577857971191,-6.299137592315674,8.201152801513672
chronos2,VUT,1999,2002,3,-5.19831875936025,1.092885971069336,-7.457733631134033,10.030147552490234
chronos2,VUT,1999,2003,4,4.28833511695457,1.39701247215271,-7.922068119049072,11.737369537353516
chronos2,VUT,1999,2004,5,3.98739280216959,1.4847922325134277,-8.555200576782227,12.901851654052734
chronos2,ZAF,1999,2000,1,4.20000000067826,2.8233752250671387,-0.22633981704711914,5.629791259765625
chronos2,ZAF,1999,2001,2,2.70000000019104,3.119446039199829,-0.43682384490966797,6.552745342254639
chronos2,ZAF,1999,2002,3,3.70037440406668,3.655895948410034,-0.3160974979400635,7.644645690917969
chronos2,ZAF,1999,2003,4,2.94907546754213,4.040072917938232,-0.22506165504455566,8.460611343383789
chronos2,ZAF,1999,2004,5,4.55455990721774,4.201959609985352,-0.33300113677978516,8.776077270507812
chronos2,ABW,2004,2005,1,-0.383137672063768,5.739574432373047,1.0233216285705566,10.785842895507812
chronos2,ABW,2004,2006,2,1.12741146411624,5.283478260040283,-0.4718151092529297,11.48475456237793
chronos2,ABW,2004,2007,3,3.0895443848509,5.544888973236084,-1.158531665802002,12.747367858886719
chronos2,ABW,2004,2008,4,1.83575517191368,6.162809371948242,-1.124190330505371,14.433513641357422
chronos2,ABW,2004,2009,5,-11.6777413693852,6.363759517669678,-1.4409875869750977,15.363749504089355
chronos2,ALB,2004,2005,1,5.13082193056189,6.092680931091309,0.08006930351257324,11.470379829406738
chronos2,ALB,2004,2006,2,6.0189812403864,6.1401777267456055,-1.8696153163909912,13.409364700317383
chronos2,ALB,2004,2007,3,6.50009261158209,6.21456241607666,-3.7846405506134033,14.958712577819824
chronos2,ALB,2004,2008,4,6.90706230713707,5.913519382476807,-6.1820878982543945,16.452241897583008
chronos2,ALB,2004,2009,5,2.69075152362146,5.3489813804626465,-8.556262016296387,16.651399612426758
chronos2,AUS,2004,2005,1,3.15548121323168,3.73062801361084,1.8402069807052612,5.2000250816345215
chronos2,AUS,2004,2006,2,2.7709261737475,3.720635414123535,1.6066737174987793,5.393937587738037
chronos2,AUS,2004,2007,3,3.78947119882653,3.7338428497314453,1.4429724216461182,5.585982322692871
chronos2,AUS,2004,2008,4,3.62398503565633,3.7517123222351074,1.2966220378875732,5.706361770629883
chronos2,AUS,2004,2009,5,1.95484826298522,3.7398927211761475,1.218543529510498,5.802962779998779
chronos2,AUT,2004,2005,1,2.32036514266782,2.073176860809326,0.5234794616699219,3.6857504844665527
chronos2,AUT,2004,2006,2,3.26933601506059,2.125521659851074,0.3406960964202881,3.9120028018951416
chronos2,AUT,2004,2007,3,3.77522468729185,2.202579975128174,0.21387290954589844,4.065876007080078
chronos2,AUT,2004,2008,4,1.45330562142114,2.2640974521636963,0.18940305709838867,4.264155387878418
chronos2,AUT,2004,2009,5,-3.58626472551299,2.330595016479492,0.16565752029418945,4.432739734649658
chronos2,BEL,2004,2005,1,2.32173792911834,2.7357285022735596,0.9702012538909912,4.5240912437438965
chronos2,BEL,2004,2006,2,2.55234087322462,2.8672571182250977,0.8362805843353271,4.870982646942139
chronos2,BEL,2004,2007,3,3.67692462515802,2.7322301864624023,0.4725215435028076,4.932197570800781
chronos2,BEL,2004,2008,4,0.446905130727231,2.844264507293701,0.4417402744293213,5.215113639831543
chronos2,BEL,2004,2009,5,-1.90644105515335,2.8002443313598633,0.3110506534576416,5.283116340637207
chronos2,BEN,2004,2005,1,1.71316456361184,4.047107696533203,1.8661580085754395,6.28471565246582
chronos2,BEN,2004,2006,2,3.94373882815798,4.012178421020508,1.4638996124267578,6.494052886962891
chronos2,BEN,2004,2007,3,5.98634932177609,4.013459205627441,1.1488678455352783,6.785175323486328
chronos2,BEN,2004,2008,4,4.89657708429647,4.034170150756836,0.972775936126709,7.00511360168457
chronos2,BEN,2004,2009,5,2.31929213912838,3.9834446907043457,0.7664351463317871,7.138494491577148
chronos2,BFA,2004,2005,1,8.66187322841225,5.083183288574219,0.6753809452056885,9.959394454956055
chronos2,BFA,2004,2006,2,6.25316468817478,5.014060020446777,0.36934566497802734,9.977819442749023
chronos2,BFA,2004,2007,3,4.11137901761516,4.950760364532471,0.1229090690612793,10.092124938964844
chronos2,BFA,2004,2008,4,5.79999174105387,4.967568874359131,0.16042065620422363,10.301359176635742
chronos2,BFA,2004,2009,5,2.96195085866692,5.0421833992004395,0.12768888473510742,10.31659984588623
chronos2,BGD,2004,2005,1,6.53594493875502,4.707969665527344,3.6313929557800293,5.735690116882324
chronos2,BGD,2004,2006,2,6.67190498576788,4.691286087036133,3.52280330657959,5.747039794921875
chronos2,BGD,2004,2007,3,7.05859935449848,4.668878078460693,3.1932501792907715,5.929204940795898
chronos2,BGD,2004,2008,4,6.01378975738535,4.659129619598389,2.982246160507202,6.16267204284668
chronos2,BGD,2004,2009,5,5.04512479919337,4.656907081604004,2.754915952682495,6.275568962097168
chronos2,BGR,2004,2005,1,7.05634916258309,6.980795383453369,1.0935733318328857,11.919194221496582
chronos2,BGR,2004,2006,2,6.80259262432862,7.0881829261779785,0.046523332595825195,13.093704223632812
chronos2,BGR,2004,2007,3,6.65438512368812,7.165050506591797,-1.1255131959915161,14.39369010925293
chronos2,BGR,2004,2008,4,6.12955885899744,7.235278606414795,-1.8234087228775024,15.226547241210938
chronos2,BGR,2004,2009,5,-3.34714308501542,7.062729358673096,-2.984717845916748,15.213558197021484
chronos2,BHR,2004,2005,1,6.76899737789502,5.92279052734375,1.8324518203735352,10.340550422668457
chronos2,BHR,2004,2006,2,6.4669995195042,5.933159828186035,0.8396954536437988,11.118478775024414
chronos2,BHR,2004,2007,3,8.29396129093843,6.022305011749268,0.2428445816040039,12.04088020324707
chronos2,BHR,2004,2008,4,6.24501094995797,6.119196891784668,-0.25365734100341797,12.938872337341309
chronos2,BHR,2004,2009,5,2.53988570158225,6.059463977813721,-0.7061214447021484,13.535398483276367
chronos2,BHS,2004,2005,1,3.39608420536011,1.389176845550537,-3.4726414680480957,5.752650737762451
chronos2,BHS,2004,2006,2,2.51659221712706,1.390373945236206,-4.791833400726318,7.188884735107422
chronos2,BHS,2004,2007,3,1.44609991235758,1.503915786743164,-5.92899751663208,8.167593002319336
chronos2,BHS,2004,2008,4,-2.32364807041851,1.379270076751709,-6.831042766571045,8.901103973388672
chronos2,BHS,2004,2009,5,-4.17542805647342,1.4677834510803223,-7.412648677825928,9.673040390014648
chronos2,BLZ,2004,2005,1,2.2191905367057,5.283095836639404,1.5701322555541992,9.480198860168457
chronos2,BLZ,2004,2006,2,4.51145460193301,5.376108646392822,0.9711313247680664,10.374300003051758
chronos2,BLZ,2004,2007,3,3.33939738340764,5.429464340209961,0.612635612487793,10.897161483764648
chronos2,BLZ,2004,2008,4,-1.62747776449082,5.5771074295043945,0.5085420608520508,11.346251487731934
chronos2,BLZ,2004,2009,5,-0.446709636828217,5.630977630615234,0.5587387084960938,11.553546905517578
chronos2,BOL,2004,2005,1,4.42143313550196,2.627882957458496,-0.594883918762207,5.429426193237305
chronos2,BOL,2004,2006,2,4.79700881067477,2.4022159576416016,-1.4857583045959473,5.705506324768066
chronos2,BOL,2004,2007,3,4.56438425143126,2.432831287384033,-1.9329004287719727,6.217480659484863
chronos2,BOL,2004,2008,4,6.14849787777658,2.633730411529541,-2.096043109893799,6.822536468505859
chronos2,BOL,2004,2009,5,3.35699958346049,2.90498423576355,-2.096879482269287,7.4677958488464355
chronos2,BRA,2004,2005,1,3.20213206130431,3.4967422485351562,-1.2482447624206543,7.951562881469727
chronos2,BRA,2004,2006,2,3.96198871122617,3.573291301727295,-2.1060919761657715,8.748165130615234
chronos2,BRA,2004,2007,3,6.06987060678338,3.0401320457458496,-3.575418472290039,8.815679550170898
chronos2,BRA,2004,2008,4,5.09419544658736,3.353846311569214,-3.7018585205078125,9.688777923583984
chronos2,BRA,2004,2009,5,-0.125812002161169,3.1518893241882324,-4.38226318359375,9.817031860351562
chronos2,BRN,2004,2005,1,-0.0039253166074644,1.6020091772079468,-3.9394516944885254,7.412562370300293
chronos2,BRN,2004,2006,2,4.09841257308588,1.6544673442840576,-4.912358283996582,8.073992729187012
chronos2,BRN,2004,2007,3,-3.76362326254647,1.7318223714828491,-5.604450702667236,8.908903121948242
chronos2,BRN,2004,2008,4,-3.90071101715114,1.6729304790496826,-6.227962970733643,9.755361557006836
chronos2,BRN,2004,2009,5,-1.90025367202547,1.621913194656372,-6.773675441741943,10.475419044494629
chronos2,BTN,2004,2005,1,6.93507146766659,6.318768501281738,1.5146851539611816,11.802888870239258
chronos2,BTN,2004,2006,2,5.6408051539139,6.334724426269531,0.6989493370056152,12.729825973510742
chronos2,BTN,2004,2007,3,16.1047836542012,6.3889479637146,0.11539077758789062,13.397501945495605
chronos2,BTN,2004,2008,4,4.52944877696235,6.313581466674805,-0.4413905143737793,13.96738338470459
chronos2,BTN,2004,2009,5,7.66749238553135,6.304749488830566,-0.7724189758300781,14.409515380859375
chronos2,BWA,2004,2005,1,4.55664565323181,3.1152753829956055,-0.5727109909057617,7.466825485229492
chronos2,BWA,2004,2006,2,8.36387109282306,3.226166248321533,-1.2086296081542969,8.417291641235352
chronos2,BWA,2004,2007,3,5.79255577727118,3.3183274269104004,-1.6565790176391602,9.086816787719727
chronos2,BWA,2004,2008,4,3.25207295796832,3.2267932891845703,-1.936173439025879,9.477873802185059
chronos2,BWA,2004,2009,5,-14.1442346163423,3.3978219032287598,-1.9511842727661133,10.091120719909668
chronos2,CAF,2004,2005,1,0.908210514871953,1.4641849994659424,-4.832304954528809,7.406255722045898
chronos2,CAF,2004,2006,2,4.77108543044105,1.8465107679367065,-4.707662105560303,7.882099151611328
chronos2,CAF,2004,2007,3,4.60753485452025,1.3847354650497437,-5.277172088623047,7.777608871459961
chronos2,CAF,2004,2008,4,2.05413096200485,1.5632452964782715,-5.136783599853516,8.00998592376709
chronos2,CAF,2004,2009,5,8.58726042640994,1.4322541952133179,-5.278406143188477,7.803577423095703
chronos2,CAN,2004,2005,1,3.21045441502793,2.6534996032714844,0.30353665351867676,4.761328220367432
chronos2,CAN,2004,2006,2,2.63794375302722,2.654268264770508,0.028451919555664062,4.932512283325195
chronos2,CAN,2004,2007,3,2.04990459443619,2.666928768157959,-0.19661927223205566,5.092662811279297
chronos2,CAN,2004,2008,4,0.995406371264522,2.796137809753418,-0.1489558219909668,5.3313140869140625
chronos2,CAN,2004,2009,5,-2.91508627059555,2.903366804122925,-0.08731436729431152,5.538707733154297
chronos2,CHE,2004,2005,1,2.95208487460334,1.895200490951538,-0.27851152420043945,3.976060390472412
chronos2,CHE,2004,2006,2,4.13432251467916,1.435880422592163,-1.1072566509246826,3.7817015647888184
chronos2,CHE,2004,2007,3,3.98319384807056,1.4374969005584717,-1.2392778396606445,3.925823211669922
chronos2,CHE,2004,2008,4,2.53159615417233,1.674696445465088,-1.113718032836914,4.306896209716797
chronos2,CHE,2004,2009,5,-1.93490944903913,1.9261854887008667,-0.9754214286804199,4.670286178588867
chronos2,CHL,2004,2005,1,5.83704571917758,5.513856887817383,0.5742971897125244,9.757058143615723
chronos2,CHL,2004,2006,2,6.04999082563968,5.364166259765625,-0.41519927978515625,10.338897705078125
chronos2,CHL,2004,2007,3,5.16823098528431,5.193410396575928,-1.0722217559814453,10.662662506103516
chronos2,CHL,2004,2008,4,3.78939280635238,5.150398254394531,-1.5862255096435547,10.902841567993164
chronos2,CHL,2004,2009,5,-1.11803723642878,5.143116474151611,-1.7563977241516113,11.148069381713867
chronos2,CHN,2004,2005,1,11.4535130030645,9.919035911560059,7.540092468261719,12.225921630859375
chronos2,CHN,2004,2006,2,12.6752842281595,9.94406509399414,6.974888324737549,12.665578842163086
chronos2,CHN,2004,2007,3,14.1507710506103,9.885137557983398,6.292965412139893,13.202901840209961
chronos2,CHN,2004,2008,4,9.66877608164454,9.832682609558105,5.326906204223633,13.794683456420898
chronos2,CHN,2004,2009,5,9.40610014336416,9.64834213256836,4.435180187225342,14.274620056152344
chronos2,CIV,2004,2005,1,0.996065564854788,1.3709256649017334,-5.399752616882324,7.460474491119385
chronos2,CIV,2004,2006,2,2.81557859252327,1.4754633903503418,-6.422553062438965,8.375691413879395
chronos2,CIV,2004,2007,3,1.10142976793477,1.4520046710968018,-7.018927574157715,8.968024253845215
chronos2,CIV,2004,2008,4,4.7826659787672,1.9928447008132935,-7.108587265014648,10.147043228149414
chronos2,CIV,2004,2009,5,3.60332156667053,2.3991401195526123,-7.118017196655273,10.982601165771484
chronos2,CMR,2004,2005,1,2.22827020924117,5.645071029663086,2.082784652709961,9.162189483642578
chronos2,CMR,2004,2006,2,3.80958327566137,5.644733428955078,1.3453211784362793,9.782417297363281
chronos2,CMR,2004,2007,3,4.32758900972871,5.502028465270996,0.5937201976776123,10.306017875671387
chronos2,CMR,2004,2008,4,2.8476778892105,5.53078556060791,-0.10457563400268555,10.902931213378906
chronos2,CMR,2004,2009,5,2.57925177738754,5.094130516052246,-0.9699985980987549,11.1122465133667
chronos2,COG,2004,2005,1,7.75575897806648,3.1806106567382812,-3.654665470123291,9.565315246582031
chronos2,COG,2004,2006,2,7.98623836334291,3.3667941093444824,-4.548342227935791,10.71849536895752
chronos2,COG,2004,2007,3,-6.61399480441001,3.193049669265747,-5.674966335296631,11.230525970458984
chronos2,COG,2004,2008,4,6.30637595585259,3.2370057106018066,-6.291123867034912,11.90660285949707
chronos2,COG,2004,2009,5,11.6372888615758,3.0344550609588623,-6.92440938949585,12.19636344909668
chronos2,COL,2004,2005,1,4.82876110773741,4.16140604019165,1.3881886005401611,6.619049072265625
chronos2,COL,2004,2006,2,6.71686869844402,3.9229214191436768,0.7202932834625244,6.822363376617432
chronos2,COL,2004,2007,3,6.73819469090975,3.80381178855896,0.14031362533569336,7.008580207824707
chronos2,COL,2004,2008,4,3.28344618616541,3.879084825515747,0.07885503768920898,7.3256049156188965
chronos2,COL,2004,2009,5,1.13964864548062,3.9031929969787598,0.011976242065429688,7.487271785736084
chronos2,COM,2004,2005,1,5.66520240193151,2.87296986579895,-0.31562376022338867,5.996198654174805
chronos2,COM,2004,2006,2,-1.75444679449394,2.9870142936706543,-0.8104074001312256,6.6983489990234375
chronos2,COM,2004,2007,3,0.803599788247752,2.878946542739868,-1.3816711902618408,7.112247467041016
chronos2,COM,2004,2008,4,3.96461118871815,2.9479310512542725,-1.6763360500335693,7.503700256347656
chronos2,COM,2004,2009,5,3.24074074074075,2.8647544384002686,-1.9969074726104736,7.593372344970703
chronos2,CRI,2004,2005,1,3.97666631433462,3.809695243835449,0.6733431816101074,6.517364501953125
chronos2,CRI,2004,2006,2,7.3266951372695,3.771148204803467,0.26903247833251953,6.715600967407227
chronos2,CRI,2004,2007,3,8.21513209207497,3.6956372261047363,-0.1984248161315918,6.856513977050781
chronos2,CRI,2004,2008,4,4.73817511214847,3.6232409477233887,-0.5372176170349121,7.038363933563232
chronos2,CRI,2004,2009,5,-0.87345608994562,3.6045594215393066,-0.7008519172668457,7.19014835357666
chronos2,CYP,2004,2005,1,4.85298762175586,3.7629380226135254,0.27190351486206055,7.6863789558410645
chronos2,CYP,2004,2006,2,4.71378358593959,3.6904046535491943,-0.678621768951416,8.37247371673584
chronos2,CYP,2004,2007,3,5.09822614854798,3.655569314956665,-1.4177498817443848,9.035738945007324
chronos2,CYP,2004,2008,4,3.64698922103939,3.727942943572998,-1.9141268730163574,9.878613471984863
chronos2,CYP,2004,2009,5,-2.01508203683694,3.8156723976135254,-2.3207345008850098,10.424367904663086
chronos2,DEU,2004,2005,1,0.885485292551564,0.9657237529754639,-0.9222197532653809,2.8967998027801514
chronos2,DEU,2004,2006,2,3.86668241523209,1.0622960329055786,-1.2588248252868652,3.2739787101745605
chronos2,DEU,2004,2007,3,2.8891174138025,0.8639516830444336,-1.7692420482635498,3.287125825881958
chronos2,DEU,2004,2008,4,0.887902330743628,0.42086243629455566,-2.293877363204956,3.0378079414367676
chronos2,DEU,2004,2009,5,-5.54455451920674,0.19490265846252441,-2.6498734951019287,2.9895644187927246
chronos2,DNK,2004,2005,1,2.35960882992528,2.1089367866516113,-0.3277418613433838,4.558994770050049
chronos2,DNK,2004,2006,2,3.81648769908172,2.1420395374298096,-0.5373857021331787,4.800961494445801
chronos2,DNK,2004,2007,3,0.987173815945127,2.1421871185302734,-0.7013258934020996,4.9381184577941895
chronos2,DNK,2004,2008,4,-0.417178439991005,2.1972098350524902,-0.7782149314880371,5.142627239227295
chronos2,DNK,2004,2009,5,-4.97447905669058,2.2018468379974365,-0.8977265357971191,5.228083610534668
chronos2,DOM,2004,2005,1,9.43178931977285,2.879359245300293,-2.67380952835083,8.182028770446777
chronos2,DOM,2004,2006,2,9.17120650955299,2.835905075073242,-3.201836109161377,8.459346771240234
chronos2,DOM,2004,2007,3,7.41840577774235,2.948821783065796,-3.5378060340881348,8.686468124389648
chronos2,DOM,2004,2008,4,3.26808671288212,2.8823628425598145,-3.9957823753356934,9.087770462036133
chronos2,DOM,2004,2009,5,1.00345293018719,2.922342300415039,-4.2537007331848145,9.462861061096191
chronos2,DZA,2004,2005,1,5.39999999969525,4.8613786697387695,1.9930187463760376,8.105393409729004
chronos2,DZA,2004,2006,2,2.89999999905852,4.693006992340088,1.041224479675293,8.38131046295166
chronos2,DZA,2004,2007,3,3.10000000128674,4.652193546295166,0.2843317985534668,8.81656265258789
chronos2,DZA,2004,2008,4,2.49999999929371,4.572907447814941,-0.3415687084197998,9.362957000732422
chronos2,DZA,2004,2009,5,1.19999999969519,4.784390449523926,-0.6855723857879639,10.002131462097168
chronos2,ECU,2004,2005,1,5.39862243994342,4.397392749786377,-0.08246898651123047,8.659937858581543
chronos2,ECU,2004,2006,2,4.34113198577639,4.247515678405762,-0.8282861709594727,9.054576873779297
chronos2,ECU,2004,2007,3,1.90242859700484,3.968933343887329,-1.617159366607666,9.166484832763672
chronos2,ECU,2004,2008,4,6.56492068224719,3.831549882888794,-1.8983893394470215,9.427824020385742
chronos2,ECU,2004,2009,5,1.0910129698311,3.7904491424560547,-2.213376998901367,9.50691032409668
chronos2,EGY,2004,2005,1,4.4717444710621,4.201980113983154,1.6356899738311768,6.65650749206543
chronos2,EGY,2004,2006,2,6.84383819369884,4.27620792388916,1.0326142311096191,7.399329662322998
chronos2,EGY,2004,2007,3,7.08782742675582,4.195369720458984,0.3535332679748535,7.668366432189941
chronos2,EGY,2004,2008,4,7.15628356711522,4.2622575759887695,-0.011759757995605469,8.305049896240234
chronos2,EGY,2004,2009,5,4.67359980000663,4.242445945739746,-0.34580039978027344,8.616445541381836
chronos2,ESP,2004,2005,1,3.5512255846125,3.1218652725219727,1.2494759559631348,4.85658597946167
chronos2,ESP,2004,2006,2,4.04343515605099,3.1902270317077637,0.7301890850067139,5.621589183807373
chronos2,ESP,2004,2007,3,3.53350013165972,3.323528289794922,0.2051074504852295,6.2490997314453125
chronos2,ESP,2004,2008,4,0.767165748290694,3.6698577404022217,0.09021186828613281,7.17733097076416
chronos2,ESP,2004,2009,5,-3.76813306940053,3.9172816276550293,0.02607870101928711,7.954578399658203
chronos2,FIN,2004,2005,1,2.77730918518017,3.663381814956665,1.3047456741333008,5.8328680992126465
chronos2,FIN,2004,2006,2,4.01957326515895,3.5857040882110596,0.4938936233520508,6.2933478355407715
chronos2,FIN,2004,2007,3,5.31280176694145,3.464111089706421,-0.07656693458557129,6.666698455810547
chronos2,FIN,2004,2008,4,0.784431235717051,3.4261317253112793,-0.3962726593017578,6.870521068572998
chronos2,FIN,2004,2009,5,-8.07603116552393,3.3243348598480225,-0.608466386795044,6.950016021728516
chronos2,FJI,2004,2005,1,0.699999592969263,2.1798248291015625,-3.885672092437744,8.209650039672852
chronos2,FJI,2004,2006,2,1.85248357237371,2.1206037998199463,-4.382984638214111,8.457258224487305
chronos2,FJI,2004,2007,3,-0.8506533546566,2.0347585678100586,-4.655515670776367,8.530908584594727
chronos2,FJI,2004,2008,4,1.03279368777636,2.0370445251464844,-4.766831398010254,8.644611358642578
chronos2,FJI,2004,2009,5,-1.38603752085589,2.0417518615722656,-4.977066993713379,8.723592758178711
chronos2,FRA,2004,2005,1,1.88856584109286,2.35858416557312,0.9029405117034912,3.8328940868377686
chronos2,FRA,2004,2006,2,2.71406448755236,2.534294843673706,0.7666022777557373,4.257453441619873
chronos2,FRA,2004,2007,3,2.53048188351066,2.592236280441284,0.6225271224975586,4.437561988830566
chronos2,FRA,2004,2008,4,0.380171435849121,2.585632085800171,0.49346232414245605,4.591896057128906
chronos2,FRA,2004,2009,5,-2.82455153714783,2.5596985816955566,0.37601470947265625,4.674873352050781
chronos2,GAB,2004,2005,1,2.67620333310926,0.520143985748291,-4.642721652984619,5.118795871734619
chronos2,GAB,2004,2006,2,-2.80657835569052,-1.0347709655761719,-8.35610580444336,4.809084415435791
chronos2,GAB,2004,2007,3,6.00810802487668,-0.6712789535522461,-9.454235076904297,6.715238094329834
chronos2,GAB,2004,2008,4,-3.30843064878751,0.2138371467590332,-9.54731559753418,9.631396293640137
chronos2,GAB,2004,2009,5,0.130331119816617,1.1969149112701416,-9.323972702026367,11.789459228515625
chronos2,GBR,2004,2005,1,2.7906547174688,2.7602081298828125,0.6729962825775146,4.808012962341309
chronos2,GBR,2004,2006,2,2.18982132415704,2.7921881675720215,0.5869476795196533,4.9290056228637695
chronos2,GBR,2004,2007,3,2.93091133582351,2.7758004665374756,0.497058629989624,4.9930419921875
chronos2,GBR,2004,2008,4,-0.0494116727402769,2.779412031173706,0.42708683013916016,5.037580490112305
chronos2,GBR,2004,2009,5,-4.58740819226323,2.7767386436462402,0.40544724464416504,5.084242820739746
chronos2,GEO,2004,2005,1,9.59113832853026,5.398066997528076,1.5105133056640625,8.364119529724121
chronos2,GEO,2004,2006,2,9.42148081189909,5.290092945098877,0.6448719501495361,8.782964706420898
chronos2,GEO,2004,2007,3,12.5755698246405,5.289146900177002,-0.20935630798339844,9.631628036499023
chronos2,GEO,2004,2008,4,2.42161440960641,5.669997215270996,-1.0068904161453247,10.386762619018555
chronos2,GEO,2004,2009,5,-3.65075229596822,5.705968379974365,-2.353647232055664,11.005550384521484
chronos2,GHA,2004,2005,1,5.90000381855104,4.873867988586426,3.5208311080932617,6.281698226928711
chronos2,GHA,2004,2006,2,6.39991260618034,4.8462748527526855,3.3806257247924805,6.417441368103027
chronos2,GHA,2004,2007,3,4.34681910440079,4.819433689117432,3.1767005920410156,6.525029182434082
chronos2,GHA,2004,2008,4,9.14979893831817,4.843721389770508,3.036892890930176,6.6274895668029785
chronos2,GHA,2004,2009,5,4.84448705175076,4.830551624298096,2.883715867996216,6.764377593994141
chronos2,GMB,2004,2005,1,-2.35172936176019,4.334588050842285,-0.19131851196289062,9.052431106567383
chronos2,GMB,2004,2006,2,-0.555580977246521,4.212961673736572,-0.5036649703979492,9.113994598388672
chronos2,GMB,2004,2007,3,3.04324950829739,4.15670919418335,-0.6659355163574219,9.184738159179688
chronos2,GMB,2004,2008,4,6.25590553394287,4.156032085418701,-0.6877431869506836,9.170482635498047
chronos2,GMB,2004,2009,5,6.6657243078367,4.149176120758057,-0.6715035438537598,9.131951332092285
chronos2,GNB,2004,2005,1,6.55977111846077,4.479045867919922,-3.063864231109619,12.374792098999023
chronos2,GNB,2004,2006,2,2.66650493269572,3.2159767150878906,-4.981651306152344,11.505888938903809
chronos2,GNB,2004,2007,3,2.55982647078751,2.7400729656219482,-5.24538516998291,10.580680847167969
chronos2,GNB,2004,2008,4,4.52457514610252,3.8247556686401367,-2.152261734008789,10.063446998596191
chronos2,GNB,2004,2009,5,2.44795106098685,3.1933367252349854,-3.3375816345214844,9.323976516723633
chronos2,GRC,2004,2005,1,1.18350635493289,5.046979904174805,2.9602856636047363,6.943572998046875
chronos2,GRC,2004,2006,2,6.44339762487436,5.134775638580322,2.5918898582458496,7.375962257385254
chronos2,GRC,2004,2007,3,3.50686976639459,5.128169536590576,1.956413745880127,7.918152809143066
chronos2,GRC,2004,2008,4,0.0574740238200775,5.280391693115234,1.823044776916504,8.41917610168457
chronos2,GRC,2004,2009,5,-4.11927606715011,5.3357696533203125,1.5201630592346191,8.952312469482422
chronos2,GTM,2004,2005,1,3.27602692588886,2.813154697418213,0.5158195495605469,4.758424282073975
chronos2,GTM,2004,2006,2,5.35139778711536,2.7015862464904785,-0.5496456623077393,5.303450107574463
chronos2,GTM,2004,2007,3,6.33771869016203,2.6841063499450684,-1.3487799167633057,5.676125526428223
chronos2,GTM,2004,2008,4,3.29352400028485,2.6973493099212646,-1.8488991260528564,6.169497489929199
chronos2,GTM,2004,2009,5,0.476898106596394,2.7090978622436523,-2.1335771083831787,6.506646156311035
chronos2,HKG,2004,2005,1,7.38815395153696,4.000412940979004,-1.7244868278503418,9.541077613830566
chronos2,HKG,2004,2006,2,7.03264766297669,3.6779980659484863,-2.298546314239502,9.413676261901855
chronos2,HKG,2004,2007,3,6.46482809096842,3.5556623935699463,-3.05000638961792,9.552962303161621
chronos2,HKG,2004,2008,4,2.12793685154209,3.4809200763702393,-3.3056931495666504,9.851275444030762
chronos2,HKG,2004,2009,5,-2.45909150468412,3.4303367137908936,-3.4629263877868652,9.965253829956055
chronos2,HND,2004,2005,1,6.05059922215973,5.515850067138672,-0.10260581970214844,12.610729217529297
chronos2,HND,2004,2006,2,6.56724355177587,5.484302997589111,-2.0605478286743164,15.021587371826172
chronos2,HND,2004,2007,3,6.18832716678008,5.400994777679443,-3.2829370498657227,16.488746643066406
chronos2,HND,2004,2008,4,4.23160011009342,5.513622283935547,-4.282162666320801,18.566850662231445
chronos2,HND,2004,2009,5,-2.43162787988011,5.65231990814209,-4.738274574279785,19.815818786621094
chronos2,HTI,2004,2005,1,3.07217337664731,0.26997900009155273,-5.411367416381836,5.542601108551025
chronos2,HTI,2004,2006,2,1.76875060288195,0.2457292079925537,-6.338857650756836,6.336342811584473
chronos2,HTI,2004,2007,3,4.70652994008303,0.23746657371520996,-6.968173503875732,7.016129493713379
chronos2,HTI,2004,2008,4,2.6580323082747,0.19196629524230957,-7.278021335601807,7.360442161560059
chronos2,HTI,2004,2009,5,5.89037894844316,0.2673015594482422,-7.590318202972412,7.683237075805664
chronos2,HUN,2004,2005,1,4.30028318461673,4.651196002960205,3.291964530944824,6.617115020751953
chronos2,HUN,2004,2006,2,3.93393162712054,4.832371711730957,3.251638412475586,6.887279987335205
chronos2,HUN,2004,2007,3,0.332354337878925,4.886397838592529,2.9770331382751465,7.249046325683594
chronos2,HUN,2004,2008,4,0.993437085479655,4.897821426391602,2.973731279373169,7.569262504577637
chronos2,HUN,2004,2009,5,-6.7401660845502,4.911916732788086,2.6933398246765137,8.191452026367188
chronos2,IDN,2004,2005,1,5.69257130383384,4.70142936706543,1.1476383209228516,7.031807899475098
chronos2,IDN,2004,2006,2,5.50095178520348,4.563069820404053,0.26673364639282227,7.217463493347168
chronos2,IDN,2004,2007,3,6.34502222667214,4.448939800262451,-0.45665788650512695,7.412961006164551
chronos2,IDN,2004,2008,4,6.01370360009123,4.410170078277588,-0.9314327239990234,7.5786542892456055
chronos2,IDN,2004,2009,5,4.62887118256153,4.166958808898926,-1.6761040687561035,7.71448278427124
chronos2,IND,2004,2005,1,7.92343062131789,6.275742053985596,2.969209671020508,8.946512222290039
chronos2,IND,2004,2006,2,8.06073257305057,6.198755264282227,2.614285945892334,9.077306747436523
chronos2,IND,2004,2007,3,7.66081506510766,6.143402099609375,2.4843082427978516,9.135173797607422
chronos2,IND,2004,2008,4,3.08669805950082,6.205008029937744,2.4815268516540527,9.274889945983887
chronos2,IND,2004,2009,5,7.8618888330338,6.093225479125977,2.3028481006622314,9.183403015136719
chronos2,IRL,2004,2005,1,5.73978202625278,5.985286235809326,2.363722324371338,9.674642562866211
chronos2,IRL,2004,2006,2,4.98785364537615,5.862360954284668,1.8172717094421387,9.958043098449707
chronos2,IRL,2004,2007,3,5.31011830898613,5.777957916259766,1.4241068363189697,10.218240737915039
chronos2,IRL,2004,2008,4,-4.48407081043062,5.71668815612793,1.1930222511291504,10.372640609741211
chronos2,IRL,2004,2009,5,-5.09578277913846,5.644165515899658,0.9422512054443359,10.413558959960938
chronos2,IRN,2004,2005,1,3.18980408728824,4.5809783935546875,-1.9759116172790527,10.93191909790039
chronos2,IRN,2004,2006,2,4.99979526181222,4.277242183685303,-5.088780879974365,12.772012710571289
chronos2,IRN,2004,2007,3,8.15577352358517,4.289079189300537,-7.0298027992248535,14.141220092773438
chronos2,IRN,2004,2008,4,0.250856553493634,4.242037773132324,-8.535690307617188,15.547250747680664
chronos2,IRN,2004,2009,5,1.00738545790475,4.5201287269592285,-9.245088577270508,16.660125732421875
chronos2,IRQ,2004,2005,1,1.67522863586828,14.90262222290039,-12.351896286010742,44.04710006713867
chronos2,IRQ,2004,2006,2,5.63829915220637,11.249654769897461,-39.47451400756836,52.97724914550781
chronos2,IRQ,2004,2007,3,1.88853936243953,2.723106861114502,-58.0285758972168,47.514095306396484
chronos2,IRQ,2004,2008,4,8.22810710383277,9.544933319091797,-26.64234161376953,46.8823127746582
chronos2,IRQ,2004,2009,5,3.37929909442771,7.281012058258057,-23.192230224609375,36.95044708251953
chronos2,ISL,2004,2005,1,7.02934061160924,6.504436492919922,2.1055283546447754,11.057384490966797
chronos2,ISL,2004,2006,2,5.67161248703039,4.547752857208252,-0.9546365737915039,9.991146087646484
chronos2,ISL,2004,2007,3,8.74132941862472,3.7259271144866943,-2.520699977874756,9.85352897644043
chronos2,ISL,2004,2008,4,1.69961072411662,3.525237798690796,-3.158463478088379,9.798067092895508
chronos2,ISL,2004,2009,5,-8.32146414938261,3.303515911102295,-3.585753917694092,9.96588134765625
chronos2,ISR,2004,2005,1,4.35256427740218,2.970611572265625,-0.7833523750305176,6.823409557342529
chronos2,ISR,2004,2006,2,5.59106550120008,3.0587780475616455,-1.1855502128601074,7.180860996246338
chronos2,ISR,2004,2007,3,6.31307137087018,3.059960126876831,-1.5584125518798828,7.533967018127441
chronos2,ISR,2004,2008,4,3.2158134842205,3.1914775371551514,-1.7707314491271973,8.17136287689209
chronos2,ISR,2004,2009,5,1.22017480850096,3.2012248039245605,-2.1030187606811523,8.471446990966797
chronos2,ITA,2004,2005,1,0.762410677306491,1.4411396980285645,-0.352083683013916,3.2895991802215576
chronos2,ITA,2004,2006,2,1.79947992234244,1.4251829385757446,-0.7836616039276123,3.5895073413848877
chronos2,ITA,2004,2007,3,1.46229205289291,1.4382702112197876,-1.134340524673462,3.8884453773498535
chronos2,ITA,2004,2008,4,-1.02313851177097,1.465948224067688,-1.306326150894165,4.1967010498046875
chronos2,ITA,2004,2009,5,-5.30515401233991,1.473541259765625,-1.5048673152923584,4.369319438934326
chronos2,JPN,2004,2005,1,1.8482813374834,1.425813913345337,-0.6203131675720215,3.514176845550537
chronos2,JPN,2004,2006,2,1.54630843078741,1.2240538597106934,-1.3305010795593262,3.6359033584594727
chronos2,JPN,2004,2007,3,1.72837912865577,1.4251434803009033,-1.7310700416564941,4.330105781555176
chronos2,JPN,2004,2008,4,-1.16662209355141,1.7437307834625244,-1.8930535316467285,5.322451114654541
chronos2,JPN,2004,2009,5,-5.9359411383964,1.7983107566833496,-2.208536148071289,5.970706939697266
chronos2,KEN,2004,2005,1,5.90666607980057,3.1154985427856445,-0.5422854423522949,6.7993621826171875
chronos2,KEN,2004,2006,2,6.47249430015484,2.9965438842773438,-1.11491060256958,7.158496856689453
chronos2,KEN,2004,2007,3,6.85072976998784,2.8983540534973145,-1.532205581665039,7.269339561462402
chronos2,KEN,2004,2008,4,0.232282744812977,2.942380428314209,-1.664825439453125,7.622133255004883
chronos2,KEN,2004,2009,5,3.30693981631089,3.0085489749908447,-1.6978516578674316,7.843142509460449
chronos2,KGZ,2004,2005,1,-0.175515404044219,5.811661243438721,-0.5124613642692566,12.325544357299805
chronos2,KGZ,2004,2006,2,3.10289874199981,5.671205520629883,-4.23195743560791,15.108662605285645
chronos2,KGZ,2004,2007,3,8.54287477507607,6.068492412567139,-7.264767646789551,17.916879653930664
chronos2,KGZ,2004,2008,4,8.40161604861429,6.463665008544922,-9.300065040588379,21.28654670715332
chronos2,KGZ,2004,2009,5,2.88629457537731,6.908936500549316,-10.00072193145752,21.899669647216797
chronos2,KHM,2004,2005,1,13.3033338358455,8.439338684082031,1.3205751180648804,14.900792121887207
chronos2,KHM,2004,2006,2,10.9433600681694,8.598808288574219,-0.2862718105316162,16.927366256713867
chronos2,KHM,2004,2007,3,10.398458101201,9.38859748840332,-1.5000276565551758,19.44650650024414
chronos2,KHM,2004,2008,4,7.47636606631011,9.64799690246582,-2.9070253372192383,21.215482711791992
chronos2,KHM,2004,2009,5,4.07477850599065,9.358203887939453,-5.705028533935547,22.89048957824707
chronos2,KOR,2004,2005,1,4.35823667337156,6.391216278076172,1.2914986610412598,10.471382141113281
chronos2,KOR,2004,2006,2,5.24500550580342,6.380679130554199,0.8814339637756348,10.546625137329102
chronos2,KOR,2004,2007,3,5.8419633918717,6.266218185424805,0.3864936828613281,10.570180892944336
chronos2,KOR,2004,2008,4,3.00440451679569,6.1830644607543945,0.0724639892578125,10.798569679260254
chronos2,KOR,2004,2009,5,0.81986175641795,6.417614936828613,0.03767204284667969,11.12248420715332
chronos2,KWT,2004,2005,1,10.6090449840228,6.470029830932617,-5.432378768920898,19.445585250854492
chronos2,KWT,2004,2006,2,7.51477300024021,8.100772857666016,-4.421882629394531,22.143129348754883
chronos2,KWT,2004,2007,3,5.99157551059315,8.242314338684082,-5.552248001098633,23.813417434692383
chronos2,KWT,2004,2008,4,2.47975694278544,6.94113302230835,-7.8241777420043945,22.89034652709961
chronos2,KWT,2004,2009,5,-7.07605643073411,5.955385208129883,-9.718027114868164,22.350505828857422
chronos2,LBY,2004,2005,1,11.8707565226151,3.4547135829925537,-7.5252275466918945,15.40948486328125
chronos2,LBY,2004,2006,2,6.50052541959279,3.1383023262023926,-9.29954719543457,16.1314697265625
chronos2,LBY,2004,2007,3,6.22998278561838,2.1732749938964844,-11.452735900878906,15.963951110839844
chronos2,LBY,2004,2008,4,-0.162048238799883,2.0966134071350098,-11.953645706176758,17.165876388549805
chronos2,LBY,2004,2009,5,-4.4001817631021,3.0568766593933105,-11.751190185546875,18.90428924560547
chronos2,LKA,2004,2005,1,6.24174804376447,5.282008647918701,3.2837934494018555,6.625351428985596
chronos2,LKA,2004,2006,2,7.66829190107919,5.080482006072998,2.71120023727417,6.616982936859131
chronos2,LKA,2004,2007,3,6.79682611892866,4.907479286193848,2.3359644412994385,6.621272563934326
chronos2,LKA,2004,2008,4,5.95008814473897,4.8660125732421875,2.1149394512176514,6.679460525512695
chronos2,LKA,2004,2009,5,3.53891205317842,4.923736572265625,2.1614773273468018,6.729146957397461
chronos2,LUX,2004,2005,1,2.48250499371829,4.243590831756592,0.7581515312194824,7.79886531829834
chronos2,LUX,2004,2006,2,6.01662739677904,4.501736164093018,0.6688556671142578,8.410888671875
chronos2,LUX,2004,2007,3,8.09852098069817,4.504258155822754,0.35270237922668457,8.70116901397705
chronos2,LUX,2004,2008,4,-0.302272983306707,4.233548164367676,-0.07606959342956543,8.705477714538574
chronos2,LUX,2004,2009,5,-3.23895268839308,3.84305739402771,-0.6281774044036865,8.467655181884766
chronos2,MAC,2004,2005,1,8.07794929953978,29.581571578979492,12.412293434143066,45.104637145996094
chronos2,MAC,2004,2006,2,13.3921711919351,32.2078971862793,12.186857223510742,50.99724197387695
chronos2,MAC,2004,2007,3,14.4817728129028,31.73355484008789,9.177558898925781,53.01521301269531
chronos2,MAC,2004,2008,4,3.39251560752048,30.472013473510742,7.558920383453369,53.15764236450195
chronos2,MAC,2004,2009,5,1.29837946885112,23.938194274902344,2.4864566326141357,50.09413528442383
chronos2,MAR,2004,2005,1,3.19224973015831,4.403569221496582,-0.5767250061035156,9.271720886230469
chronos2,MAR,2004,2006,2,7.7908200104027,4.548295497894287,-0.9459056854248047,9.768228530883789
chronos2,MAR,2004,2007,3,3.44106776690418,4.305296421051025,-1.5058708190917969,9.827261924743652
chronos2,MAR,2004,2008,4,5.68453936284732,4.528560161590576,-1.5331568717956543,10.285697937011719
chronos2,MAR,2004,2009,5,3.74576940136258,4.534792423248291,-1.6778569221496582,10.427367210388184
chronos2,MDG,2004,2005,1,4.75584509499119,3.2076382637023926,-2.1918883323669434,8.46886920928955
chronos2,MDG,2004,2006,2,5.3985084485368,3.163449764251709,-2.1187849044799805,8.223213195800781
chronos2,MDG,2004,2007,3,5.71056419885052,3.070559024810791,-2.166381359100342,8.237361907958984
chronos2,MDG,2004,2008,4,6.71263253913001,3.074786424636841,-2.2099266052246094,8.268820762634277
chronos2,MDG,2004,2009,5,-3.9787086116544,3.0138802528381348,-2.289194107055664,8.175812721252441
chronos2,MEX,2004,2005,1,2.11324711473297,2.7022881507873535,-1.7249250411987305,6.507962226867676
chronos2,MEX,2004,2006,2,4.80501351664901,2.712536096572876,-2.3048934936523438,6.87307071685791
chronos2,MEX,2004,2007,3,2.0778639395329,2.5121023654937744,-2.8413443565368652,6.854311943054199
chronos2,MEX,2004,2008,4,0.943331872912935,2.96966552734375,-2.579103469848633,7.590943336486816
chronos2,MEX,2004,2009,5,-6.29525056697287,2.703068733215332,-2.986659049987793,7.57765531539917
chronos2,MLI,2004,2005,1,2.53837834888921,4.7754645347595215,-2.8512003421783447,12.78062629699707
chronos2,MLI,2004,2006,2,3.68960265255278,3.699147939682007,-4.347382545471191,12.107303619384766
chronos2,MLI,2004,2007,3,1.76004607852802,4.200014114379883,-4.202436447143555,12.752681732177734
chronos2,MLI,2004,2008,4,3.63871070923719,3.423520565032959,-4.913670539855957,12.237483978271484
chronos2,MLI,2004,2009,5,5.45473562683669,4.205617427825928,-4.307717323303223,12.981854438781738
chronos2,MLT,2004,2005,1,2.88123652429068,-1.1234831809997559,-4.778497219085693,2.443837881088257
chronos2,MLT,2004,2006,2,2.33618870316785,-1.530773639678955,-6.52485990524292,3.017911434173584
chronos2,MLT,2004,2007,3,5.03640177981643,-1.769132137298584,-7.49994421005249,3.4240429401397705
chronos2,MLT,2004,2008,4,4.41059689827608,-1.3500099182128906,-7.389420986175537,4.742847442626953
chronos2,MLT,2004,2009,5,-1.39524956144803,-0.6743083000183105,-7.070125102996826,5.916730880737305
chronos2,MNG,2004,2005,1,7.25366543796015,10.608512878417969,4.895506858825684,16.555686950683594
chronos2,MNG,2004,2006,2,8.55623481664365,11.155343055725098,4.196942329406738,18.37863540649414
chronos2,MNG,2004,2007,3,10.2480163590057,11.54864501953125,3.22851824760437,20.56598472595215
chronos2,MNG,2004,2008,4,8.90036794067551,11.566856384277344,2.2379884719848633,21.854801177978516
chronos2,MNG,2004,2009,5,-1.26859893608282,11.334577560424805,1.1096912622451782,22.09804344177246
chronos2,MRT,2004,2005,1,8.56628724906668,1.9291764497756958,-3.3464195728302,8.638291358947754
chronos2,MRT,2004,2006,2,18.3331987597713,1.7905793190002441,-3.717026948928833,8.816287994384766
chronos2,MRT,2004,2007,3,-1.96942275160761,1.9354240894317627,-3.879624128341675,9.118032455444336
chronos2,MRT,2004,2008,4,-0.331079195278377,1.8698874711990356,-3.966850996017456,9.299310684204102
chronos2,MRT,2004,2009,5,0.0978758719728035,1.8860142230987549,-4.073732376098633,9.545156478881836
chronos2,MUS,2004,2005,1,1.77754302034465,4.897606372833252,1.8096373081207275,7.848676681518555
chronos2,MUS,2004,2006,2,4.86554460775534,4.939934253692627,1.486642599105835,8.17659854888916
chronos2,MUS,2004,2007,3,5.76380219453068,4.9128947257995605,1.1896576881408691,8.570167541503906
chronos2,MUS,2004,2008,4,5.4630565042284,4.91847562789917,1.0681304931640625,8.877191543579102
chronos2,MUS,2004,2009,5,3.36352090607312,4.930569171905518,0.6238946914672852,9.215160369873047
chronos2,MYS,2004,2005,1,5.33213916141486,6.77394962310791,1.6098847389221191,9.175042152404785
chronos2,MYS,2004,2006,2,5.5848470671515,6.837932109832764,1.1572885513305664,9.419510841369629
chronos2,MYS,2004,2007,3,6.29878592740947,6.858613014221191,0.6713771820068359,9.63231086730957
chronos2,MYS,2004,2008,4,4.83176988913097,6.9180827140808105,0.38718652725219727,9.75581169128418
chronos2,MYS,2004,2009,5,-1.51352871598714,6.913517475128174,0.17348909378051758,9.816868782043457
chronos2,NER,2004,2005,1,7.33186884258517,1.7880570888519287,-3.8670291900634766,7.180501461029053
chronos2,NER,2004,2006,2,5.93104997350342,2.212230920791626,-4.116653919219971,8.24649429321289
chronos2,NER,2004,2007,3,3.14272408386731,2.0691800117492676,-4.662380695343018,8.470730781555176
chronos2,NER,2004,2008,4,7.73141422777337,1.5949065685272217,-5.666318416595459,8.508707046508789
chronos2,NER,2004,2009,5,1.96260090694645,2.1534035205841064,-5.337104320526123,9.479106903076172
chronos2,NIC,2004,2005,1,4.28239833770654,5.06703519821167,0.5266983509063721,9.335933685302734
chronos2,NIC,2004,2006,2,4.15294559846254,5.380161285400391,-0.18384122848510742,10.733560562133789
chronos2,NIC,2004,2007,3,5.0763520180987,5.46180534362793,-0.8927056789398193,11.750139236450195
chronos2,NIC,2004,2008,4,3.43571693608081,5.866357803344727,-1.205453872680664,12.67095947265625
chronos2,NIC,2004,2009,5,-3.2926651586197,5.909986972808838,-1.7751102447509766,13.347305297851562
chronos2,NLD,2004,2005,1,2.03401576512488,1.4111227989196777,-0.7655651569366455,3.4021475315093994
chronos2,NLD,2004,2006,2,3.53729585853395,1.9211713075637817,-0.749047040939331,4.325868606567383
chronos2,NLD,2004,2007,3,3.88542348324803,2.0534443855285645,-0.9527146816253662,4.631634712219238
chronos2,NLD,2004,2008,4,2.11674514240192,2.0628066062927246,-1.017179250717163,4.9041852951049805
chronos2,NLD,2004,2009,5,-3.66528147002826,2.007511615753174,-1.2606947422027588,4.995085716247559
chronos2,NOR,2004,2005,1,2.96973597025936,3.674119472503662,1.1462678909301758,6.137323379516602
chronos2,NOR,2004,2006,2,2.84726376691944,3.4674232006073,0.7138352394104004,6.1493682861328125
chronos2,NOR,2004,2007,3,3.42030119916608,3.194375991821289,0.32686853408813477,6.082368850708008
chronos2,NOR,2004,2008,4,0.822805797014865,3.1234450340270996,0.17265009880065918,6.045166015625
chronos2,NOR,2004,2009,5,-1.61327151945869,3.1237714290618896,-0.060402631759643555,6.058284759521484
chronos2,NPL,2004,2005,1,3.47918104829496,2.9805240631103516,-0.3674163818359375,6.126715660095215
chronos2,NPL,2004,2006,2,3.36461478056277,2.9102907180786133,-0.8783285617828369,6.417280197143555
chronos2,NPL,2004,2007,3,3.41156027980276,2.751873254776001,-1.5159003734588623,6.48343563079834
chronos2,NPL,2004,2008,4,6.10463914373472,2.686945676803589,-1.8402268886566162,6.685111045837402
chronos2,NPL,2004,2009,5,4.5330787246486,2.42816162109375,-2.3993947505950928,6.68271017074585
chronos2,NZL,2004,2005,1,3.35295444152619,3.8588156700134277,0.6325581073760986,6.851251602172852
chronos2,NZL,2004,2006,2,2.7744428588158,3.8743882179260254,0.3430459499359131,7.192425727844238
chronos2,NZL,2004,2007,3,3.06312221869514,3.2041962146759033,-0.5782089233398438,6.860966682434082
chronos2,NZL,2004,2008,4,-1.02561134479848,2.8680672645568848,-1.0778887271881104,6.625529766082764
chronos2,NZL,2004,2009,5,-0.040259885205117,2.995634078979492,-1.0407586097717285,6.814408302307129
chronos2,OMN,2004,2005,1,2.77944360306151,3.096884250640869,-2.1443605422973633,10.194009780883789
chronos2,OMN,2004,2006,2,4.66981481939328,1.4473085403442383,-4.7387285232543945,8.92565631866455
chronos2,OMN,2004,2007,3,4.98065467051528,2.100175380706787,-4.944698333740234,11.136289596557617
chronos2,OMN,2004,2008,4,8.95005895005896,2.8733558654785156,-5.2587690353393555,13.896326065063477
chronos2,OMN,2004,2009,5,5.98196694904402,2.315683364868164,-6.550563812255859,14.574012756347656
chronos2,PAK,2004,2005,1,7.2765744364722,5.828876972198486,2.8175177574157715,8.943028450012207
chronos2,PAK,2004,2006,2,6.05163767569996,5.915693283081055,2.7095978260040283,9.235771179199219
chronos2,PAK,2004,2007,3,4.4448143398844,5.96808385848999,2.6602156162261963,9.370283126831055
chronos2,PAK,2004,2008,4,2.1204410433083,6.021563529968262,2.611015558242798,9.59045124053955
chronos2,PAK,2004,2009,5,3.47255059567348,5.998450756072998,2.5519015789031982,9.59483528137207
chronos2,PAN,2004,2005,1,8.27618334503531,7.34602165222168,3.9348556995391846,10.721826553344727
chronos2,PAN,2004,2006,2,9.85723870564752,6.059726715087891,1.8904895782470703,9.912727355957031
chronos2,PAN,2004,2007,3,13.1530653782933,5.054659366607666,0.31108570098876953,9.14973258972168
chronos2,PAN,2004,2008,4,10.1974325907958,4.660125732421875,-0.48223161697387695,9.044958114624023
chronos2,PAN,2004,2009,5,1.61186405976055,4.878629684448242,-0.3334031105041504,9.403128623962402
chronos2,PER,2004,2005,1,6.28506032509601,4.262082576751709,-0.5685467720031738,8.461482048034668
chronos2,PER,2004,2006,2,7.5288990440594,4.156052112579346,-1.6706790924072266,9.195589065551758
chronos2,PER,2004,2007,3,8.5183877690955,4.075924873352051,-2.210564136505127,9.577896118164062
chronos2,PER,2004,2008,4,9.1265683014642,4.074810981750488,-2.69771146774292,9.896329879760742
chronos2,PER,2004,2009,5,1.0958236592427,3.9813923835754395,-3.017239570617676,10.010577201843262
chronos2,PHL,2004,2005,1,4.94250511877678,4.486455917358398,1.2166740894317627,6.732368469238281
chronos2,PHL,2004,2006,2,5.31641682136939,4.092452049255371,0.2782118320465088,6.741940498352051
chronos2,PHL,2004,2007,3,6.51929155018938,4.476546764373779,0.5613014698028564,7.339465141296387
chronos2,PHL,2004,2008,4,4.34448730509183,4.763279438018799,0.717327356338501,7.684293270111084
chronos2,PHL,2004,2009,5,1.44832306275669,4.752892017364502,0.5395519733428955,7.79541015625
chronos2,PRT,2004,2005,1,0.781847569123585,2.0956661701202393,-0.3453855514526367,4.351536750793457
chronos2,PRT,2004,2006,2,1.62503532956156,2.5875985622406006,-0.15531492233276367,5.098059177398682
chronos2,PRT,2004,2007,3,2.50657937751231,2.856727123260498,-0.07877922058105469,5.436800479888916
chronos2,PRT,2004,2008,4,0.319247344434558,2.8952226638793945,-0.2353510856628418,5.641090393066406
chronos2,PRT,2004,2009,5,-3.12207827545093,2.7649803161621094,-0.42678117752075195,5.649677753448486
chronos2,PRY,2004,2005,1,2.13349066459601,3.98225998878479,0.33502626419067383,6.889770984649658
chronos2,PRY,2004,2006,2,4.80711719268376,3.6835947036743164,-1.7216157913208008,8.200387001037598
chronos2,PRY,2004,2007,3,5.42162287218235,3.6871790885925293,-3.3128223419189453,9.320887565612793
chronos2,PRY,2004,2008,4,6.4962921197091,3.4332399368286133,-4.386740684509277,10.065282821655273
chronos2,PRY,2004,2009,5,-0.261137328080281,3.490614414215088,-5.310179710388184,10.889358520507812
chronos2,QAT,2004,2005,1,7.49272803754515,9.53270149230957,-0.14153814315795898,22.494102478027344
chronos2,QAT,2004,2006,2,26.17039955781,9.8895845413208,-0.9006009101867676,24.76797866821289
chronos2,QAT,2004,2007,3,17.9852165615129,9.462932586669922,-1.9654560089111328,25.967262268066406
chronos2,QAT,2004,2008,4,17.6630346842674,9.790306091308594,-2.3353919982910156,28.230009078979492
chronos2,QAT,2004,2009,5,11.9575512911227,9.18385124206543,-3.0390334129333496,27.825496673583984
chronos2,RUS,2004,2005,1,6.39996544799469,6.667990684509277,1.4514505863189697,12.324941635131836
chronos2,RUS,2004,2006,2,8.20006825456321,6.576279163360596,-0.9956364035606384,14.038997650146484
chronos2,RUS,2004,2007,3,8.49997776916511,6.658076763153076,-3.8726980686187744,16.489667892456055
chronos2,RUS,2004,2008,4,5.19996926404957,6.518924236297607,-6.281075477600098,18.571151733398438
chronos2,RUS,2004,2009,5,-7.79999391271275,5.947721481323242,-8.177286148071289,18.498544692993164
chronos2,RWA,2004,2005,1,9.37789916585375,4.983664512634277,-2.5757594108581543,12.968579292297363
chronos2,RWA,2004,2006,2,9.22707576994632,4.983644008636475,-3.37246036529541,13.406445503234863
chronos2,RWA,2004,2007,3,7.63329819042882,4.878416538238525,-4.371243476867676,13.785850524902344
chronos2,RWA,2004,2008,4,11.161247324054,4.746174335479736,-4.9747819900512695,14.124242782592773
chronos2,RWA,2004,2009,5,6.24825750704265,4.5248942375183105,-5.616936683654785,14.339029312133789
chronos2,SAU,2004,2005,1,5.94489623934835,6.29664421081543,-0.3796381950378418,14.000555038452148
chronos2,SAU,2004,2006,2,3.31348473625901,6.652620315551758,-1.392362117767334,15.202798843383789
chronos2,SAU,2004,2007,3,2.21365396372528,6.461551666259766,-1.8617095947265625,15.65494155883789
chronos2,SAU,2004,2008,4,6.2379875365458,6.628874778747559,-1.7956371307373047,16.260854721069336
chronos2,SAU,2004,2009,5,-1.06671711240203,6.567516326904297,-2.529968738555908,17.03053092956543
chronos2,SDN,2004,2005,1,5.64351551343631,5.384782791137695,-1.2800006866455078,12.066163063049316
chronos2,SDN,2004,2006,2,6.5314117467792,5.113666534423828,-2.324296474456787,12.779886245727539
chronos2,SDN,2004,2007,3,5.73527423664484,5.078143119812012,-3.041153907775879,13.404244422912598
chronos2,SDN,2004,2008,4,3.84674473121058,5.075509548187256,-3.4154858589172363,13.887433052062988
chronos2,SDN,2004,2009,5,-2.76770436599138,5.196541786193848,-3.670194625854492,14.244536399841309
chronos2,SEN,2004,2005,1,4.31023852639633,3.634209394454956,0.06892919540405273,6.830047607421875
chronos2,SEN,2004,2006,2,2.33077098330239,3.4850234985351562,-0.3611152172088623,7.037021636962891
chronos2,SEN,2004,2007,3,2.82711920133374,3.490164279937744,-0.5720272064208984,7.213950157165527
chronos2,SEN,2004,2008,4,3.70316906391386,3.4638266563415527,-0.7734346389770508,7.361798286437988
chronos2,SEN,2004,2009,5,2.75210448455053,3.4872195720672607,-0.840524435043335,7.3751420974731445
chronos2,SGP,2004,2005,1,7.36632239250758,7.830995559692383,1.1003165245056152,11.259708404541016
chronos2,SGP,2004,2006,2,9.00676607871758,7.69209098815918,0.4866299629211426,11.196377754211426
chronos2,SGP,2004,2007,3,9.02151951268893,7.424554347991943,-0.2923550605773926,11.175182342529297
chronos2,SGP,2004,2008,4,1.86348345462035,7.252320766448975,-0.7518906593322754,11.184855461120605
chronos2,SGP,2004,2009,5,0.127953382778088,7.061121940612793,-1.1557021141052246,11.17599105834961
chronos2,SLB,2004,2005,1,7.35907917681935,6.383084774017334,-2.5022225379943848,14.636009216308594
chronos2,SLB,2004,2006,2,4.13726239664898,5.804779529571533,-4.774908065795898,16.016237258911133
chronos2,SLB,2004,2007,3,3.63973499569106,5.532400608062744,-6.175837993621826,16.849353790283203
chronos2,SLB,2004,2008,4,6.22590636247851,4.93754768371582,-7.593156337738037,17.923568725585938
chronos2,SLB,2004,2009,5,2.86486309630651,4.483514308929443,-8.987774848937988,17.958152770996094
chronos2,SLV,2004,2005,1,2.68083009363194,0.9288381338119507,-2.214735269546509,3.285494804382324
chronos2,SLV,2004,2006,2,4.3369986028604,0.8858863115310669,-3.5191147327423096,4.238212585449219
chronos2,SLV,2004,2007,3,1.84760220587859,0.9316220283508301,-4.537741661071777,5.010495185852051
chronos2,SLV,2004,2008,4,2.15440298282768,0.9560571908950806,-5.415609359741211,5.800392150878906
chronos2,SLV,2004,2009,5,-2.10876837627522,1.0679172277450562,-5.800627708435059,6.360279083251953
chronos2,SWE,2004,2005,1,2.79313782840156,3.6362199783325195,1.5416041612625122,5.547690391540527
chronos2,SWE,2004,2006,2,4.67607488877992,3.7163307666778564,1.073906421661377,6.128321647644043
chronos2,SWE,2004,2007,3,3.22486814096095,3.7232580184936523,0.8098033666610718,6.545071601867676
chronos2,SWE,2004,2008,4,-0.923113250067971,3.8066134452819824,0.6315317153930664,6.863527774810791
chronos2,SWE,2004,2009,5,-4.25561384207619,3.7449355125427246,0.4243311882019043,6.912451267242432
chronos2,SYC,2004,2005,1,9.0057617374238,0.4969139099121094,-7.3970723152160645,9.581720352172852
chronos2,SYC,2004,2006,2,9.40612855732827,0.7763912677764893,-7.36511754989624,10.268047332763672
chronos2,SYC,2004,2007,3,8.87606645570879,0.8966405391693115,-7.283144474029541,10.45712661743164
chronos2,SYC,2004,2008,4,-2.72594626154864,1.0879371166229248,-7.427438259124756,10.894112586975098
chronos2,SYC,2004,2009,5,-2.47937594726137,1.288421630859375,-7.405900478363037,11.122371673583984
chronos2,TCD,2004,2005,1,17.3325337352162,12.244728088378906,-0.08954524993896484,29.98615074157715
chronos2,TCD,2004,2006,2,-0.54282957080251,9.96530818939209,-2.7161448001861572,27.384307861328125
chronos2,TCD,2004,2007,3,4.20017418353298,7.194013595581055,-5.462813377380371,25.235626220703125
chronos2,TCD,2004,2008,4,3.08119033854541,8.02860164642334,-4.749956130981445,26.072065353393555
chronos2,TCD,2004,2009,5,-1.40828262637592,9.888772010803223,-2.9221346378326416,27.75844383239746
chronos2,TGO,2004,2005,1,-4.66629938413338,2.837554693222046,-5.1487345695495605,10.796833038330078
chronos2,TGO,2004,2006,2,2.65013209943473,3.134164333343506,-5.487062931060791,11.601852416992188
chronos2,TGO,2004,2007,3,-1.1751368996605,3.290943145751953,-5.621038913726807,12.17198371887207
chronos2,TGO,2004,2008,4,4.03561315398862,3.5518462657928467,-5.6650471687316895,12.675600051879883
chronos2,TGO,2004,2009,5,5.45381096920332,3.429771661758423,-5.882716655731201,12.615554809570312
chronos2,THA,2004,2005,1,4.18763842884337,6.182061195373535,3.761993408203125,8.381762504577637
chronos2,THA,2004,2006,2,4.96781089246107,6.019138813018799,2.8536834716796875,8.821974754333496
chronos2,THA,2004,2007,3,5.43515169050809,5.781431674957275,2.0801382064819336,8.99955940246582
chronos2,THA,2004,2008,4,1.72569884866334,5.693444728851318,1.430868148803711,9.396343231201172
chronos2,THA,2004,2009,5,-0.690618232300579,5.833865165710449,1.2999300956726074,9.923002243041992
chronos2,TON,2004,2005,1,-0.657650703495165,1.1604714393615723,-2.4170775413513184,4.769469738006592
chronos2,TON,2004,2006,2,-2.16566342680382,1.548443078994751,-2.481450080871582,5.620004653930664
chronos2,TON,2004,2007,3,-2.46430779100223,1.8700551986694336,-2.3934826850891113,6.2560858726501465
chronos2,TON,2004,2008,4,4.86284132376997,1.940313696861267,-2.4364476203918457,6.534438133239746
chronos2,TON,2004,2009,5,-5.12917819150532,1.6511497497558594,-2.997485637664795,6.2780022621154785
chronos2,TUN,2004,2005,1,3.4865455430439,4.413273811340332,0.8590469360351562,7.695307731628418
chronos2,TUN,2004,2006,2,5.24409983246916,4.302426815032959,0.07265758514404297,8.186967849731445
chronos2,TUN,2004,2007,3,6.70952097453554,4.335976600646973,-0.49999237060546875,8.725032806396484
chronos2,TUN,2004,2008,4,4.23778147502819,4.387862682342529,-0.9479713439941406,9.28596305847168
chronos2,TUN,2004,2009,5,3.04345012371552,4.177987575531006,-1.4873461723327637,9.438217163085938
chronos2,TUR,2004,2005,1,9.11157745861635,4.807335376739502,-1.1757545471191406,9.750852584838867
chronos2,TUR,2004,2006,2,7.06762607623939,4.87332010269165,-1.469649314880371,9.909305572509766
chronos2,TUR,2004,2007,3,5.10818513903604,4.703196048736572,-1.8510560989379883,9.964273452758789
chronos2,TUR,2004,2008,4,0.920118221365883,4.591001510620117,-1.92958402633667,9.973365783691406
chronos2,TUR,2004,2009,5,-4.88269401706633,4.736434459686279,-1.7573418617248535,10.078191757202148
chronos2,TZA,2004,2005,1,7.47631925974784,5.489833354949951,2.98007869720459,8.017187118530273
chronos2,TZA,2004,2006,2,6.53222138847813,5.360812187194824,2.1073997020721436,8.221200942993164
chronos2,TZA,2004,2007,3,6.76853520293716,5.4077959060668945,1.8415173292160034,8.473742485046387
chronos2,TZA,2004,2008,4,5.68641685905224,5.884525299072266,2.304194927215576,8.940877914428711
chronos2,TZA,2004,2009,5,5.26910524873463,6.212784767150879,2.4963185787200928,9.6591796875
chronos2,UGA,2004,2005,1,6.33256511623156,6.344973087310791,2.2646329402923584,9.983177185058594
chronos2,UGA,2004,2006,2,10.7847443857453,6.174556732177734,1.1329913139343262,10.88608455657959
chronos2,UGA,2004,2007,3,8.41242596551071,6.17664098739624,0.27057695388793945,11.57192611694336
chronos2,UGA,2004,2008,4,8.70875190154499,6.159708499908447,-0.0639801025390625,12.316622734069824
chronos2,UGA,2004,2009,5,6.80151734860395,6.184506893157959,-0.519963264465332,12.509071350097656
chronos2,UKR,2004,2005,1,3.07123039245209,11.74078369140625,7.34842586517334,17.155458450317383
chronos2,UKR,2004,2006,2,7.57142076322967,12.313873291015625,5.50056266784668,18.963600158691406
chronos2,UKR,2004,2007,3,8.21584445165715,13.454517364501953,4.556819915771484,22.469541549682617
chronos2,UKR,2004,2008,4,2.24349159628288,14.318169593811035,2.9507672786712646,24.43095588684082
chronos2,UKR,2004,2009,5,-15.1364679101502,13.836382865905762,1.476454257965088,25.23473358154297
chronos2,URY,2004,2005,1,7.4601321302473,3.9476242065429688,-1.5892064571380615,8.977486610412598
chronos2,URY,2004,2006,2,4.09857735445401,3.3587684631347656,-3.439589738845825,9.437396049499512
chronos2,URY,2004,2007,3,6.54151084504817,2.778456449508667,-4.783319473266602,9.49842643737793
chronos2,URY,2004,2008,4,7.17614466455107,2.5238633155822754,-5.283229827880859,9.862131118774414
chronos2,URY,2004,2009,5,4.24349419462426,2.319620132446289,-5.778933525085449,9.772709846496582
chronos2,USA,2004,2005,1,3.48354993710312,3.2385714054107666,0.9674389362335205,5.040530204772949
chronos2,USA,2004,2006,2,2.78453963674239,3.1580893993377686,0.6794769763946533,5.134597301483154
chronos2,USA,2004,2007,3,2.0038583039496,3.0668458938598633,0.40651917457580566,5.194313049316406
chronos2,USA,2004,2008,4,0.113587247501258,3.094285488128662,0.33280086517333984,5.283697128295898
chronos2,USA,2004,2009,5,-2.5765002366652,3.0963306427001953,0.2773916721343994,5.349740028381348
chronos2,VNM,2004,2005,1,7.54724772895918,7.871769428253174,5.7433180809021,9.725105285644531
chronos2,VNM,2004,2006,2,6.97795481056711,7.964523792266846,5.068859577178955,10.978044509887695
chronos2,VNM,2004,2007,3,7.12950448605439,8.001810073852539,4.390329360961914,11.955130577087402
chronos2,VNM,2004,2008,4,5.66177120891362,7.859189033508301,3.7400293350219727,12.799799919128418
chronos2,VNM,2004,2009,5,5.39789754014181,7.5248003005981445,2.562708854675293,13.14310073852539
chronos2,VUT,2004,2005,1,5.30532647259227,2.010930299758911,-3.9719512462615967,7.96706485748291
chronos2,VUT,2004,2006,2,8.46069747205426,1.8259671926498413,-4.915626525878906,8.60256290435791
chronos2,VUT,2004,2007,3,2.87589228775376,1.7315783500671387,-5.655309677124023,9.044334411621094
chronos2,VUT,2004,2008,4,5.60099182147225,1.705474853515625,-6.065045356750488,9.438578605651855
chronos2,VUT,2004,2009,5,3.03730354099639,1.5500043630599976,-6.477548599243164,9.485543251037598
chronos2,ZAF,2004,2005,1,5.27705197295467,4.086721420288086,1.3233236074447632,6.591346740722656
chronos2,ZAF,2004,2006,2,5.60380645895889,4.1122236251831055,0.7849409580230713,7.300015449523926
chronos2,ZAF,2004,2007,3,5.36047405394162,4.203773021697998,0.5241048336029053,7.901021957397461
chronos2,ZAF,2004,2008,4,3.1910438863288,4.409395217895508,0.38620829582214355,8.46921157836914
chronos2,ZAF,2004,2009,5,-1.53808913525583,4.457693576812744,0.23026680946350098,8.67108154296875
chronos2,ABW,2009,2010,1,-2.73345679250639,-1.062896728515625,-11.827701568603516,7.414793968200684
chronos2,ABW,2009,2011,2,3.36923718421511,-0.5604591369628906,-12.340105056762695,8.597997665405273
chronos2,ABW,2009,2012,3,-1.04079988436683,0.2661294937133789,-12.263908386230469,9.748462677001953
chronos2,ABW,2009,2013,4,6.43146080719245,-0.5299258232116699,-13.321649551391602,9.56624984741211
chronos2,ABW,2009,2014,5,1.42609951155575,-0.3989715576171875,-13.702733993530273,9.77225399017334
chronos2,ALB,2009,2010,1,2.97315442681247,4.727691650390625,-0.4944472312927246,7.932591438293457
chronos2,ALB,2009,2011,2,2.46351683915714,4.453851222991943,-2.176405429840088,8.50320053100586
chronos2,ALB,2009,2012,3,0.984129880204108,4.50728702545166,-4.488447189331055,9.251127243041992
chronos2,ALB,2009,2013,4,1.7072283175406,4.741034984588623,-6.186883449554443,10.070094108581543
chronos2,ALB,2009,2014,5,2.24022695382642,4.5718889236450195,-9.696401596069336,11.458087921142578
chronos2,AUS,2009,2010,1,2.21004795300735,3.3034892082214355,1.3225548267364502,5.201211452484131
chronos2,AUS,2009,2011,2,2.39473494330615,3.4154770374298096,1.2765765190124512,5.4583282470703125
chronos2,AUS,2009,2012,3,3.95247138119184,3.6316370964050293,1.425480842590332,5.71183443069458
chronos2,AUS,2009,2013,4,2.65445302592404,3.723280906677246,1.431849718093872,5.843587875366211
chronos2,AUS,2009,2014,5,2.60118978187332,3.5980427265167236,1.239016056060791,5.823986053466797
chronos2,AUT,2009,2010,1,1.80898243043663,1.629637360572815,-2.1074721813201904,4.317660808563232
chronos2,AUT,2009,2011,2,2.92746800169145,1.5184756517410278,-2.3932082653045654,4.232110023498535
chronos2,AUT,2009,2012,3,0.628246239479637,1.6082242727279663,-2.292638063430786,4.295486927032471
chronos2,AUT,2009,2013,4,-0.250726423318454,2.0888805389404297,-1.6913974285125732,4.7757344245910645
chronos2,AUT,2009,2014,5,0.755798850316665,1.8460216522216797,-2.032025098800659,4.580419063568115
chronos2,BEL,2009,2010,1,2.71031150254662,1.5728304386138916,-1.7788112163543701,4.275865077972412
chronos2,BEL,2009,2011,2,1.93115502411325,1.301995873451233,-2.177701234817505,4.12211275100708
chronos2,BEL,2009,2012,3,0.215803612089744,1.6374975442886353,-2.0378363132476807,4.470512390136719
chronos2,BEL,2009,2013,4,0.305494549070232,1.8847332000732422,-1.8183486461639404,4.7571234703063965
chronos2,BEL,2009,2014,5,1.76554038149924,1.9951632022857666,-1.7839257717132568,4.884894847869873
chronos2,BEN,2009,2010,1,2.11406472648392,4.038191795349121,0.7904965877532959,6.555291175842285
chronos2,BEN,2009,2011,2,2.96375291904201,4.019249439239502,0.6240139007568359,6.63972282409668
chronos2,BEN,2009,2012,3,4.811223315688,4.029607772827148,0.5646874904632568,6.679673671722412
chronos2,BEN,2009,2013,4,7.19143372144946,4.034384250640869,0.43976759910583496,6.705142974853516
chronos2,BEN,2009,2014,5,6.35767909791932,3.9877734184265137,0.20464658737182617,6.849193572998047
chronos2,BFA,2009,2010,1,8.44628157707625,5.557930946350098,1.4989902973175049,9.871788024902344
chronos2,BFA,2009,2011,2,6.62256261306693,5.460234642028809,1.197463035583496,9.960163116455078
chronos2,BFA,2009,2012,3,6.45267237953146,5.413156509399414,1.075488805770874,9.948847770690918
chronos2,BFA,2009,2013,4,5.79258484509867,5.383064270019531,0.9847187995910645,10.038238525390625
chronos2,BFA,2009,2014,5,4.32684561452976,5.363400459289551,0.8830869197845459,10.058706283569336
chronos2,BGD,2009,2010,1,5.57178818533122,5.7582197189331055,4.0419487953186035,7.565589904785156
chronos2,BGD,2009,2011,2,6.46437912497728,5.7757720947265625,3.839689016342163,7.758496284484863
chronos2,BGD,2009,2012,3,6.52145877906443,5.7288641929626465,3.5196499824523926,7.992643356323242
chronos2,BGD,2009,2013,4,6.01360565834344,5.819607734680176,3.3480749130249023,8.256336212158203
chronos2,BGD,2009,2014,5,6.0610593588495,5.784894943237305,3.066214084625244,8.574522018432617
chronos2,BGR,2009,2010,1,1.55536266288017,1.6272555589675903,-5.818149089813232,8.177560806274414
chronos2,BGR,2009,2011,2,2.09017598337418,0.223821759223938,-8.740135192871094,7.948643684387207
chronos2,BGR,2009,2012,3,0.748814556346105,1.7423943281173706,-8.024869918823242,10.016603469848633
chronos2,BGR,2009,2013,4,-0.542753400392826,-4.980752468109131,-15.573726654052734,4.8982038497924805
chronos2,BGR,2009,2014,5,0.949449772002041,-3.0799336433410645,-14.363920211791992,7.168267250061035
chronos2,BHR,2009,2010,1,4.3342989754845,5.030178070068359,1.6544418334960938,8.416932106018066
chronos2,BHR,2009,2011,2,1.92815791170796,5.503021240234375,1.1355838775634766,9.903610229492188
chronos2,BHR,2009,2012,3,3.80302899043062,5.566278457641602,0.6382122039794922,10.505022048950195
chronos2,BHR,2009,2013,4,5.29262224906203,5.490583419799805,0.17540884017944336,10.986078262329102
chronos2,BHR,2009,2014,5,4.30885692657077,5.350955009460449,-0.5456385612487793,11.342065811157227
chronos2,BHS,2009,2010,1,1.53866248693835,-1.445739984512329,-7.189387321472168,3.46567702293396
chronos2,BHS,2009,2011,2,0.613170735890648,-1.5198957920074463,-8.430920600891113,4.417942047119141
chronos2,BHS,2009,2012,3,4.52003886739061,-1.4171907901763916,-9.424674987792969,5.335633277893066
chronos2,BHS,2009,2013,4,-2.86320081549439,-1.2396838665008545,-10.18741226196289,6.186585426330566
chronos2,BHS,2009,2014,5,1.8469701294558,-1.1479475498199463,-10.653387069702148,6.913656234741211
chronos2,BLZ,2009,2010,1,1.41741099233461,2.6912593841552734,-1.889378547668457,7.287230014801025
chronos2,BLZ,2009,2011,2,-0.13007112300869,3.985865592956543,-1.4007997512817383,9.54283618927002
chronos2,BLZ,2009,2012,3,3.94389321816617,5.377442359924316,-0.5596051216125488,11.543367385864258
chronos2,BLZ,2009,2013,4,4.06646561608865,5.809722423553467,-0.2773623466491699,12.605101585388184
chronos2,BLZ,2009,2014,5,3.89226067249989,5.986403942108154,-0.38968515396118164,12.924615859985352
chronos2,BOL,2009,2010,1,4.12672258996274,4.645999431610107,1.520613193511963,7.303605079650879
chronos2,BOL,2009,2011,2,5.20409245282328,4.686452388763428,0.9507601261138916,7.973357677459717
chronos2,BOL,2009,2012,3,5.12227560125973,4.643228530883789,0.4739959239959717,8.457653045654297
chronos2,BOL,2009,2013,4,6.79601141268498,4.763668537139893,0.17881202697753906,8.951201438903809
chronos2,BOL,2009,2014,5,5.46056949136766,4.849582672119141,-0.015502214431762695,9.339136123657227
chronos2,BRA,2009,2010,1,7.52822581815364,1.5298824310302734,-2.9045886993408203,5.887057304382324
chronos2,BRA,2009,2011,2,3.97442307944702,1.1286067962646484,-4.228526592254639,6.019241809844971
chronos2,BRA,2009,2012,3,1.92117598576537,1.511260986328125,-4.651193141937256,6.910501480102539
chronos2,BRA,2009,2013,4,3.00482266944432,1.7213525772094727,-4.774779796600342,7.648205757141113
chronos2,BRA,2009,2014,5,0.503955740242247,2.115889072418213,-5.047065258026123,8.304582595825195
chronos2,BRN,2009,2010,1,2.74136439456163,-0.4511047601699829,-6.2678070068359375,4.780101776123047
chronos2,BRN,2009,2011,2,3.74440625524871,-0.2557321786880493,-6.5867919921875,5.745500564575195
chronos2,BRN,2009,2012,3,0.913135189664487,-0.21119213104248047,-6.849211692810059,6.0227460861206055
chronos2,BRN,2009,2013,4,-2.12478292664558,-0.16452312469482422,-7.06041145324707,6.38320255279541
chronos2,BRN,2009,2014,5,-2.50788727590711,-0.03700995445251465,-7.401178359985352,6.927923202514648
chronos2,BTN,2009,2010,1,11.9318738376229,6.407956600189209,2.014589309692383,12.423258781433105
chronos2,BTN,2009,2011,2,8.4892584842808,6.451006889343262,1.6262741088867188,12.987180709838867
chronos2,BTN,2009,2012,3,5.16482012683895,6.370741367340088,1.6812777519226074,12.745454788208008
chronos2,BTN,2009,2013,4,1.73634039505693,6.302036285400391,1.6872410774230957,12.531318664550781
chronos2,BTN,2009,2014,5,5.88108550658288,6.2829976081848145,1.3842558860778809,12.671575546264648
chronos2,BWA,2009,2010,1,10.119723322694,-2.2365598678588867,-14.504524230957031,6.607777118682861
chronos2,BWA,2009,2011,2,6.83841052493574,-1.1798486709594727,-13.90521240234375,7.9728569984436035
chronos2,BWA,2009,2012,3,-0.170857099335691,0.22150897979736328,-13.053009033203125,9.518270492553711
chronos2,BWA,2009,2013,4,11.1029068737822,0.8326163291931152,-12.045280456542969,10.13949203491211
chronos2,BWA,2009,2014,5,5.69714422072884,1.9341883659362793,-11.30868911743164,11.358589172363281
chronos2,CAF,2009,2010,1,4.63081843223307,2.7493507862091064,-2.8186416625976562,7.882513046264648
chronos2,CAF,2009,2011,2,4.19461533741989,2.3068888187408447,-3.686952590942383,7.609120845794678
chronos2,CAF,2009,2012,3,5.05376125356918,2.221666097640991,-3.9982376098632812,7.655905246734619
chronos2,CAF,2009,2013,4,-36.3919770983887,2.421043872833252,-3.8339972496032715,7.925722122192383
chronos2,CAF,2009,2014,5,0.0810705153264877,2.469543933868408,-3.8494176864624023,7.941980361938477
chronos2,CAN,2009,2010,1,3.09080633744851,1.1355342864990234,-2.7449488639831543,3.9860763549804688
chronos2,CAN,2009,2011,2,3.1371944343876,1.6291139125823975,-2.343596935272217,4.403575897216797
chronos2,CAN,2009,2012,3,1.75566133205234,1.6532810926437378,-2.416767120361328,4.448820114135742
chronos2,CAN,2009,2013,4,2.32581356612762,1.870308518409729,-2.369596481323242,4.709020137786865
chronos2,CAN,2009,2014,5,2.87346675579731,1.8726295232772827,-2.4373793601989746,4.775204181671143
chronos2,CHE,2009,2010,1,3.26063082122047,0.2595195770263672,-2.6808431148529053,3.011739492416382
chronos2,CHE,2009,2011,2,1.40766067483813,0.7383272647857666,-2.694801092147827,3.820223569869995
chronos2,CHE,2009,2012,3,1.12413575027705,1.3206433057785034,-2.261873483657837,4.557854652404785
chronos2,CHE,2009,2013,4,1.83612392927999,1.9122123718261719,-1.8036415576934814,5.292281150817871
chronos2,CHE,2009,2014,5,2.54342347675991,2.1693272590637207,-1.6297857761383057,5.625775337219238
chronos2,CHL,2009,2010,1,5.85165102224047,3.1086997985839844,-2.0432333946228027,7.426357746124268
chronos2,CHL,2009,2011,2,6.22389678509138,3.310457944869995,-2.431936264038086,8.073531150817871
chronos2,CHL,2009,2012,3,6.15534001855494,3.596266269683838,-2.5942940711975098,8.616225242614746
chronos2,CHL,2009,2013,4,3.30850824710085,4.093386173248291,-2.2984118461608887,9.315829277038574
chronos2,CHL,2009,2014,5,1.79264947139259,4.420170783996582,-2.0558624267578125,9.924898147583008
chronos2,CHN,2009,2010,1,10.5916903885704,10.207487106323242,7.779350757598877,12.981669425964355
chronos2,CHN,2009,2011,2,9.46205248298186,10.356254577636719,7.203909397125244,13.640880584716797
chronos2,CHN,2009,2012,3,7.8578201481217,10.413043975830078,6.720667362213135,14.241793632507324
chronos2,CHN,2009,2013,4,7.77842954757257,10.523675918579102,6.35805606842041,14.56156063079834
chronos2,CHN,2009,2014,5,7.46100735778161,10.456670761108398,6.097866058349609,14.973747253417969
chronos2,CIV,2009,2010,1,6.84804939907013,4.52215576171875,-1.1879603862762451,9.801593780517578
chronos2,CIV,2009,2011,2,-5.37044724000579,4.668642520904541,-1.9244844913482666,10.992521286010742
chronos2,CIV,2009,2012,3,7.62041176451649,4.917370319366455,-2.5575897693634033,12.208887100219727
chronos2,CIV,2009,2013,4,10.7602131311256,5.203070640563965,-2.7172720432281494,12.951128959655762
chronos2,CIV,2009,2014,5,9.37199994240375,5.540772914886475,-2.6951682567596436,13.69108772277832
chronos2,CMR,2009,2010,1,2.89902472122014,3.128074884414673,0.14622282981872559,5.937077522277832
chronos2,CMR,2009,2011,2,3.37921128506045,3.128718852996826,-0.8367125988006592,6.651716232299805
chronos2,CMR,2009,2012,3,4.62597872209571,2.999602794647217,-1.643113374710083,7.316220283508301
chronos2,CMR,2009,2013,4,4.99552916130783,2.924250602722168,-2.5704991817474365,8.00299072265625
chronos2,CMR,2009,2014,5,5.71981814509198,2.7751247882843018,-3.399284601211548,8.55234146118164
chronos2,COG,2009,2010,1,9.93126543095578,7.020123481750488,-0.7602500915527344,15.496986389160156
chronos2,COG,2009,2011,2,2.20591936286718,4.739722728729248,-4.589770793914795,13.560304641723633
chronos2,COG,2009,2012,3,9.94715314257564,4.252427101135254,-5.455148220062256,13.28814697265625
chronos2,COG,2009,2013,4,-0.712434451876447,3.9763343334198,-5.447903156280518,12.526702880859375
chronos2,COG,2009,2014,5,6.64606540928447,4.1173834800720215,-5.038156986236572,12.601602554321289
chronos2,COL,2009,2010,1,4.49465897070922,1.8525612354278564,-1.390359878540039,4.811866760253906
chronos2,COL,2009,2011,2,6.94789198173555,1.7806072235107422,-1.9482784271240234,5.067220211029053
chronos2,COL,2009,2012,3,3.91263576716115,2.0997166633605957,-2.0013818740844727,5.632653713226318
chronos2,COL,2009,2013,4,5.13399351995672,2.3024535179138184,-1.9658770561218262,5.966908931732178
chronos2,COL,2009,2014,5,4.49903000110972,2.934626817703247,-1.6057658195495605,6.697021484375
chronos2,COM,2009,2010,1,3.77776673684423,2.6703693866729736,-2.2944376468658447,7.083861351013184
chronos2,COM,2009,2011,2,4.14350668765977,2.5846893787384033,-2.8336069583892822,7.302154541015625
chronos2,COM,2009,2012,3,3.1684098843342,2.568094253540039,-3.218374013900757,7.556866645812988
chronos2,COM,2009,2013,4,4.46624729869704,2.550325632095337,-3.4165561199188232,7.744915008544922
chronos2,COM,2009,2014,5,2.10665760321017,2.5680415630340576,-3.6398017406463623,7.957352638244629
chronos2,CRI,2009,2010,1,5.36034347722267,2.625951051712036,-2.4461402893066406,6.322652816772461
chronos2,CRI,2009,2011,2,4.40315921836142,4.456330299377441,-0.07117509841918945,8.119636535644531
chronos2,CRI,2009,2012,3,4.88259252932575,4.936538219451904,0.4720277786254883,8.632530212402344
chronos2,CRI,2009,2013,4,2.49476596233289,4.94389009475708,0.34685230255126953,8.796491622924805
chronos2,CRI,2009,2014,5,3.54210997703849,4.7289228439331055,-0.0843801498413086,8.533161163330078
chronos2,CYP,2009,2010,1,2.28267100119788,2.61032772064209,-1.9652714729309082,7.131670951843262
chronos2,CYP,2009,2011,2,0.416711868408683,2.5705840587615967,-2.694995403289795,7.523567199707031
chronos2,CYP,2009,2012,3,-3.44738151374587,2.7992289066314697,-3.1920571327209473,8.240640640258789
chronos2,CYP,2009,2013,4,-6.58747751118347,2.749521493911743,-3.475071430206299,8.597951889038086
chronos2,CYP,2009,2014,5,-1.77605867728616,2.8173294067382812,-3.772569179534912,9.01069450378418
chronos2,DEU,2009,2010,1,4.13463778522758,-1.3686175346374512,-6.086528301239014,2.0598058700561523
chronos2,DEU,2009,2011,2,3.75796884489337,-1.6525249481201172,-6.992400646209717,2.2692511081695557
chronos2,DEU,2009,2012,3,0.463512036709204,0.676350474357605,-4.243868827819824,4.080014705657959
chronos2,DEU,2009,2013,4,0.396995583779145,0.5680235624313354,-4.465610027313232,4.17117977142334
chronos2,DEU,2009,2014,5,2.18018602168017,1.1228681802749634,-3.909975528717041,4.772316932678223
chronos2,DNK,2009,2010,1,1.58289703108802,0.6152604818344116,-4.674968242645264,4.790157318115234
chronos2,DNK,2009,2011,2,1.3108037609606,0.38387560844421387,-5.182077407836914,4.739611625671387
chronos2,DNK,2009,2012,3,-0.0054323016167074,0.2971680164337158,-5.369694709777832,4.7155303955078125
chronos2,DNK,2009,2013,4,1.39267343161971,0.30998897552490234,-5.606077194213867,4.879556655883789
chronos2,DNK,2009,2014,5,1.27799983192831,0.553826093673706,-5.656020164489746,5.038127899169922
chronos2,DOM,2009,2010,1,8.40114541209596,3.8634133338928223,-2.2713441848754883,9.705987930297852
chronos2,DOM,2009,2011,2,3.19196227475523,3.9131040573120117,-2.9691739082336426,10.249792098999023
chronos2,DOM,2009,2012,3,2.77567100848816,3.7806761264801025,-3.64674711227417,10.602594375610352
chronos2,DOM,2009,2013,4,4.93473300709881,3.7698349952697754,-4.123867511749268,11.058610916137695
chronos2,DOM,2009,2014,5,7.11122629673892,3.738013982772827,-4.706887722015381,11.448776245117188
chronos2,DZA,2009,2010,1,4.80000000093564,2.0221517086029053,-0.9621138572692871,5.031702995300293
chronos2,DZA,2009,2011,2,2.99999999941909,1.9903428554534912,-1.9349889755249023,5.5768723487854
chronos2,DZA,2009,2012,3,2.40000000034432,1.7148921489715576,-2.963245391845703,5.949914932250977
chronos2,DZA,2009,2013,4,2.60000000061164,1.3170859813690186,-3.7269415855407715,5.933297157287598
chronos2,DZA,2009,2014,5,4.09999999866501,1.0609655380249023,-5.13869571685791,6.271120071411133
chronos2,ECU,2009,2010,1,4.02913787986621,3.142991781234741,-1.213892936706543,7.139040470123291
chronos2,ECU,2009,2011,2,8.48147656332823,2.8943612575531006,-2.0579419136047363,7.349943161010742
chronos2,ECU,2009,2012,3,5.783212336172,2.6731081008911133,-2.601111888885498,7.408938407897949
chronos2,ECU,2009,2013,4,7.21123653679159,2.678435802459717,-2.938326358795166,7.756450653076172
chronos2,ECU,2009,2014,5,4.22606520388456,2.830307960510254,-3.1152830123901367,8.166606903076172
chronos2,EGY,2009,2010,1,5.14723485746742,5.716414451599121,2.820110559463501,8.734827041625977
chronos2,EGY,2009,2011,2,1.76457194806041,5.7595295906066895,2.397271156311035,9.407617568969727
chronos2,EGY,2009,2012,3,2.22619979818487,5.881828308105469,2.0110726356506348,9.926434516906738
chronos2,EGY,2009,2013,4,2.18546605363386,5.630483150482178,1.4646868705749512,10.025740623474121
chronos2,EGY,2009,2014,5,2.91591188052836,5.568454265594482,1.068014144897461,10.09384536743164
chronos2,ESP,2009,2010,1,0.0941223116369514,-1.7843997478485107,-5.315959930419922,2.120540142059326
chronos2,ESP,2009,2011,2,-0.639920636520344,-1.7496941089630127,-6.556720733642578,3.1126656532287598
chronos2,ESP,2009,2012,3,-2.86511368637748,-1.5287201404571533,-7.323931694030762,3.9164061546325684
chronos2,ESP,2009,2013,4,-1.42732224757626,-1.444847822189331,-7.962373733520508,4.447047710418701
chronos2,ESP,2009,2014,5,1.52048593647231,-0.9209625720977783,-8.454278945922852,5.237078666687012
chronos2,FIN,2009,2010,1,3.1682879121621,-3.853740692138672,-12.628670692443848,1.7891627550125122
chronos2,FIN,2009,2011,2,2.39039455396828,-0.25470781326293945,-9.110514640808105,4.845019340515137
chronos2,FIN,2009,2012,3,-1.52284013040689,1.0944912433624268,-8.05622386932373,6.215428352355957
chronos2,FIN,2009,2013,4,-0.979741024949618,2.2169671058654785,-6.511622428894043,7.3719353675842285
chronos2,FIN,2009,2014,5,-0.4780684247837,2.7845869064331055,-5.643363952636719,7.809902667999268
chronos2,FJI,2009,2010,1,2.95467268842502,1.199315071105957,-4.38217306137085,6.778642654418945
chronos2,FJI,2009,2011,2,2.70514231228027,1.0931947231292725,-4.723588943481445,6.905851364135742
chronos2,FJI,2009,2012,3,1.41131415220703,1.068793535232544,-4.935018062591553,7.002485752105713
chronos2,FJI,2009,2013,4,4.7342203729816,1.0520052909851074,-5.1004319190979,7.183394908905029
chronos2,FJI,2009,2014,5,5.60351397766961,1.1180620193481445,-5.2789692878723145,7.33929967880249
chronos2,FRA,2009,2010,1,2.00032476039051,-0.29235267639160156,-2.8777916431427,2.072187900543213
chronos2,FRA,2009,2011,2,2.43757653729007,-0.1121511459350586,-3.0419294834136963,2.45297908782959
chronos2,FRA,2009,2012,3,0.183835264973013,0.16166353225708008,-3.075998544692993,2.8111765384674072
chronos2,FRA,2009,2013,4,0.781756446231,0.16203975677490234,-3.093703508377075,2.8691277503967285
chronos2,FRA,2009,2014,5,0.997832947295251,0.2900567054748535,-3.1598894596099854,3.050452947616577
chronos2,GAB,2009,2010,1,7.08988731455126,1.855041265487671,-4.864193439483643,8.906786918640137
chronos2,GAB,2009,2011,2,7.09175334258654,1.9811131954193115,-5.505904674530029,9.815783500671387
chronos2,GAB,2009,2012,3,5.25107691750407,1.7261734008789062,-5.67476224899292,9.327290534973145
chronos2,GAB,2009,2013,4,5.63869900338696,1.5775084495544434,-6.0341105461120605,9.392831802368164
chronos2,GAB,2009,2014,5,4.31496444107469,1.845249891281128,-6.322825908660889,9.533439636230469
chronos2,GBR,2009,2010,1,2.26054460931586,0.8190568685531616,-4.788625717163086,4.066530704498291
chronos2,GBR,2009,2011,2,0.851437739020326,1.908292531967163,-3.473069429397583,5.279719352722168
chronos2,GBR,2009,2012,3,1.52826034721852,2.03177809715271,-3.364558458328247,5.424839973449707
chronos2,GBR,2009,2013,4,1.71846961308464,1.9684865474700928,-3.4796783924102783,5.402604103088379
chronos2,GBR,2009,2014,5,3.16017351468152,1.8392419815063477,-3.864333391189575,5.275094032287598
chronos2,GEO,2009,2010,1,6.24640865303363,4.776919364929199,-5.519968032836914,9.080443382263184
chronos2,GEO,2009,2011,2,7.9343365253078,4.538479328155518,-7.811849594116211,9.747403144836426
chronos2,GEO,2009,2012,3,6.57883101954195,4.300571918487549,-11.02152156829834,10.173641204833984
chronos2,GEO,2009,2013,4,5.13288531209382,4.067657947540283,-15.442628860473633,10.453718185424805
chronos2,GEO,2009,2014,5,4.09049059581743,3.638289451599121,-18.553665161132812,10.68206787109375
chronos2,GHA,2009,2010,1,7.89971194051621,4.65346622467041,1.8181328773498535,7.202901363372803
chronos2,GHA,2009,2011,2,14.0471235803149,4.610093593597412,1.5463407039642334,7.3979082107543945
chronos2,GHA,2009,2012,3,9.2927894063005,4.547253131866455,0.9959738254547119,7.6529364585876465
chronos2,GHA,2009,2013,4,7.31252501678145,4.572457313537598,0.656470775604248,8.029942512512207
chronos2,GHA,2009,2014,5,2.85624016330883,4.518425464630127,0.06143927574157715,8.535497665405273
chronos2,GMB,2009,2010,1,5.90833580968288,3.9915268421173096,-0.5826609134674072,8.688234329223633
chronos2,GMB,2009,2011,2,-8.13044422315659,3.9304237365722656,-0.7612216472625732,8.727235794067383
chronos2,GMB,2009,2012,3,5.24156924630741,3.916135311126709,-0.8389713764190674,8.747955322265625
chronos2,GMB,2009,2013,4,2.872768790327,3.9041974544525146,-0.9479982852935791,8.772193908691406
chronos2,GMB,2009,2014,5,-1.40738249510954,3.834214687347412,-1.0673182010650635,8.811464309692383
chronos2,GNB,2009,2010,1,5.60536311358261,3.224276304244995,-1.774991750717163,7.549407958984375
chronos2,GNB,2009,2011,2,8.08504167173554,3.4988515377044678,-0.3838489055633545,7.574873924255371
chronos2,GNB,2009,2012,3,-1.71286958446419,3.4098191261291504,-1.5984132289886475,8.150321960449219
chronos2,GNB,2009,2013,4,3.25607190852087,3.386533737182617,-3.2624919414520264,9.719521522521973
chronos2,GNB,2009,2014,5,0.964525745841428,3.465256929397583,-1.7252280712127686,8.72908878326416
chronos2,GRC,2009,2010,1,-5.6937412158003,1.6664535999298096,-5.017642021179199,7.177555084228516
chronos2,GRC,2009,2011,2,-9.87677875300243,0.7304375171661377,-6.358180046081543,6.6330180168151855
chronos2,GRC,2009,2012,3,-8.33113421099992,0.5330896377563477,-7.498034477233887,6.755979061126709
chronos2,GRC,2009,2013,4,-2.27211699888024,0.18239283561706543,-8.371170997619629,6.977459907531738
chronos2,GRC,2009,2014,5,0.792225060962835,-0.15526723861694336,-9.236952781677246,7.004966735839844
chronos2,GTM,2009,2010,1,2.88417542800377,1.9373286962509155,-1.6406497955322266,4.993871688842773
chronos2,GTM,2009,2011,2,4.16390688293349,1.98074209690094,-2.4603285789489746,5.523221015930176
chronos2,GTM,2009,2012,3,2.97470856847661,2.108109474182129,-2.816951274871826,5.949775695800781
chronos2,GTM,2009,2013,4,3.69476814623695,2.198242664337158,-3.169649124145508,6.38264274597168
chronos2,GTM,2009,2014,5,4.44397825774911,2.3562679290771484,-3.477048397064209,6.735464096069336
chronos2,HKG,2009,2010,1,6.76770683250318,2.6374692916870117,-3.3592529296875,8.182307243347168
chronos2,HKG,2009,2011,2,4.81466801092733,2.9347939491271973,-3.5167274475097656,8.782991409301758
chronos2,HKG,2009,2012,3,1.70032214482865,3.042997121810913,-3.864291191101074,9.027811050415039
chronos2,HKG,2009,2013,4,3.10155262780289,2.7296173572540283,-4.045153617858887,8.845293998718262
chronos2,HKG,2009,2014,5,2.76241378329884,2.7540719509124756,-4.217247009277344,8.96438980102539
chronos2,HND,2009,2010,1,3.73114034433009,0.7178454399108887,-4.031421661376953,5.4701337814331055
chronos2,HND,2009,2011,2,3.83569066207505,0.5521101951599121,-5.812169075012207,6.293428897857666
chronos2,HND,2009,2012,3,4.12868774866939,0.5367550849914551,-6.904417037963867,7.5713276863098145
chronos2,HND,2009,2013,4,2.79155975746801,0.4174485206604004,-7.872978210449219,8.997878074645996
chronos2,HND,2009,2014,5,3.0580805621437,0.5106148719787598,-8.40561294555664,10.155214309692383
chronos2,HTI,2009,2010,1,-5.65151153448299,2.0105297565460205,-4.293702602386475,8.031447410583496
chronos2,HTI,2009,2011,2,5.09821354410036,2.015199899673462,-4.812427520751953,8.419832229614258
chronos2,HTI,2009,2012,3,0.502424403581585,2.2302045822143555,-4.684228420257568,8.52016544342041
chronos2,HTI,2009,2013,4,4.32478411472874,2.1121530532836914,-5.079148292541504,8.83278751373291
chronos2,HTI,2009,2014,5,2.88877250863379,1.9979031085968018,-5.354872226715088,8.972875595092773
chronos2,HUN,2009,2010,1,1.06795068152046,0.9322729110717773,-5.646951675415039,3.904092788696289
chronos2,HUN,2009,2011,2,1.91670916599742,0.6108787059783936,-6.687819480895996,4.052728652954102
chronos2,HUN,2009,2012,3,-1.33948446518181,0.72737717628479,-7.16064453125,4.376133441925049
chronos2,HUN,2009,2013,4,2.03216990678146,0.6411597728729248,-7.8575334548950195,4.745226860046387
chronos2,HUN,2009,2014,5,4.33435364113967,0.7577729225158691,-8.0767822265625,5.012440204620361
chronos2,IDN,2009,2010,1,6.22385418062366,4.147927284240723,-1.3755273818969727,7.175319671630859
chronos2,IDN,2009,2011,2,6.16978420771008,4.002448081970215,-2.81624698638916,7.319601058959961
chronos2,IDN,2009,2012,3,6.03005065305615,4.296716213226318,-2.4078502655029297,7.5887556076049805
chronos2,IDN,2009,2013,4,5.5572636889101,4.505934715270996,-1.8250236511230469,7.711421966552734
chronos2,IDN,2009,2014,5,5.006668425755,4.5135817527771,-2.0680975914001465,8.18490982055664
chronos2,IND,2009,2010,1,8.49758470165625,6.909703731536865,3.521599292755127,9.187995910644531
chronos2,IND,2009,2011,2,5.24131620024293,7.022099494934082,3.4556307792663574,9.370796203613281
chronos2,IND,2009,2012,3,5.45638755164772,7.1153388023376465,3.420687675476074,9.413421630859375
chronos2,IND,2009,2013,4,6.38610640091713,7.052051544189453,3.310304880142212,9.428016662597656
chronos2,IND,2009,2014,5,7.41022760516977,6.743181228637695,2.9253315925598145,9.27212905883789
chronos2,IRL,2009,2010,1,1.68297175486512,-1.9609408378601074,-7.1888041496276855,3.7866299152374268
chronos2,IRL,2009,2011,2,1.60886648916944,-1.1720857620239258,-7.385281085968018,4.878405570983887
chronos2,IRL,2009,2012,3,-0.40502941658977,-0.4592423439025879,-7.031713962554932,5.683123588562012
chronos2,IRL,2009,2013,4,2.1929375750029,0.053225040435791016,-6.937147617340088,6.2356276512146
chronos2,IRL,2009,2014,5,9.38579335130922,0.14059114456176758,-7.058007717132568,6.554037094116211
chronos2,IRN,2009,2010,1,5.79793830169604,2.890347480773926,-4.539759635925293,10.008525848388672
chronos2,IRN,2009,2011,2,2.6457179180628,3.4352667331695557,-5.511259078979492,11.837078094482422
chronos2,IRN,2009,2012,3,-3.74717139864109,3.5147593021392822,-6.581108093261719,12.810757637023926
chronos2,IRN,2009,2013,4,-1.52197920494184,3.240030288696289,-7.987095832824707,13.466388702392578
chronos2,IRN,2009,2014,5,4.98477506709476,2.7650041580200195,-9.251859664916992,13.79908561706543
chronos2,IRQ,2009,2010,1,6.40256484471193,8.602677345275879,-4.235667705535889,21.224775314331055
chronos2,IRQ,2009,2011,2,7.546471200426,8.278801918029785,-9.025146484375,24.725643157958984
chronos2,IRQ,2009,2012,3,13.9364301737537,6.972094535827637,-12.724729537963867,27.714242935180664
chronos2,IRQ,2009,2013,4,7.62828592298754,6.869815826416016,-15.796676635742188,31.99573516845703
chronos2,IRQ,2009,2014,5,2.26368817563613,10.224891662597656,-14.47869873046875,42.34602355957031
chronos2,ISL,2009,2010,1,-2.22181843777449,-1.9068233966827393,-11.131473541259766,4.969626426696777
chronos2,ISL,2009,2011,2,1.37999669197329,3.309990882873535,-5.271856307983398,10.779266357421875
chronos2,ISL,2009,2012,3,1.16931174934061,4.482087135314941,-3.843799352645874,12.203941345214844
chronos2,ISL,2009,2013,4,3.59695697128252,3.8570282459259033,-4.7093610763549805,12.092617988586426
chronos2,ISL,2009,2014,5,1.91381613095174,2.8974449634552,-6.482745170593262,11.024619102478027
chronos2,ISR,2009,2010,1,5.54470607068944,2.4775214195251465,-1.3363842964172363,6.464506149291992
chronos2,ISR,2009,2011,2,5.51341969081251,2.284895181655884,-2.121401309967041,6.643048286437988
chronos2,ISR,2009,2012,3,2.40993765217618,2.1479403972625732,-2.566103935241699,6.913704872131348
chronos2,ISR,2009,2013,4,4.09013743330735,2.162858724594116,-2.8622689247131348,7.326994895935059
chronos2,ISR,2009,2014,5,3.718144149431,2.3669872283935547,-3.0808281898498535,7.824284076690674
chronos2,ITA,2009,2010,1,1.52910573247101,-1.5267000198364258,-5.427040100097656,1.9526751041412354
chronos2,ITA,2009,2011,2,0.695463154440176,-0.9626708030700684,-5.305937767028809,2.7277207374572754
chronos2,ITA,2009,2012,3,-3.12523877282996,-1.0580275058746338,-5.755364418029785,2.6688668727874756
chronos2,ITA,2009,2013,4,-1.81802510749792,-0.9654862880706787,-5.811506271362305,2.938730001449585
chronos2,ITA,2009,2014,5,-0.0013876173045446,-1.0967679023742676,-5.971994400024414,2.8530638217926025
chronos2,JPN,2009,2010,1,4.13645589222239,-1.735142707824707,-6.229350566864014,2.29986834526062
chronos2,JPN,2009,2011,2,-0.20035785332982,-1.5142931938171387,-6.7454447746276855,2.854468822479248
chronos2,JPN,2009,2012,3,1.64893452981225,-1.2054200172424316,-7.386192798614502,3.614875316619873
chronos2,JPN,2009,2013,4,1.99727653399265,-1.1364026069641113,-7.825953960418701,4.1811723709106445
chronos2,JPN,2009,2014,5,0.905915486065865,-1.0206642150878906,-8.210594177246094,4.754649639129639
chronos2,KEN,2009,2010,1,8.05847360290906,3.528718948364258,-1.0248165130615234,7.986871719360352
chronos2,KEN,2009,2011,2,5.1211061197056,3.645857810974121,-1.4517884254455566,8.593975067138672
chronos2,KEN,2009,2012,3,4.56867961444982,3.8179893493652344,-1.7232236862182617,9.035772323608398
chronos2,KEN,2009,2013,4,3.7978483925754,3.7372422218322754,-2.1109213829040527,9.334278106689453
chronos2,KEN,2009,2014,5,5.02011100232484,3.9422576427459717,-2.099325656890869,9.728782653808594
chronos2,KGZ,2009,2010,1,-0.471566596791618,3.9942047595977783,-4.47442626953125,11.656217575073242
chronos2,KGZ,2009,2011,2,5.95627429693504,3.834506034851074,-7.181581020355225,14.194192886352539
chronos2,KGZ,2009,2012,3,-0.0881501998439376,4.15579891204834,-8.753152847290039,15.811859130859375
chronos2,KGZ,2009,2013,4,10.9154694528045,2.8381333351135254,-11.493408203125,16.885541915893555
chronos2,KGZ,2009,2014,5,4.02403863083252,0.8476435542106628,-16.036191940307617,15.868003845214844
chronos2,KHM,2009,2010,1,5.07691843229247,6.65814208984375,1.791745662689209,12.026597023010254
chronos2,KHM,2009,2011,2,7.28665813879552,6.711907386779785,0.5203518867492676,13.019033432006836
chronos2,KHM,2009,2012,3,7.65025657870362,6.68239164352417,-0.3464944362640381,13.495420455932617
chronos2,KHM,2009,2013,4,7.8574997554252,6.555977821350098,-1.6979386806488037,14.187124252319336
chronos2,KHM,2009,2014,5,8.00032074618566,6.227878093719482,-3.7738168239593506,15.28752613067627
chronos2,KOR,2009,2010,1,6.98166138853071,3.1182756423950195,-2.27040958404541,7.718439102172852
chronos2,KOR,2009,2011,2,3.6880320602952,3.0392351150512695,-2.7454051971435547,7.748007774353027
chronos2,KOR,2009,2012,3,2.54766550568242,2.9938840866088867,-3.351806640625,7.8470869064331055
chronos2,KOR,2009,2013,4,3.2913959543442,2.818930149078369,-3.69016170501709,7.928675651550293
chronos2,KOR,2009,2014,5,3.21468019683108,2.73948335647583,-3.95245361328125,7.9839982986450195
chronos2,KWT,2009,2010,1,-2.37054804425912,0.14888572692871094,-9.525083541870117,9.469314575195312
chronos2,KWT,2009,2011,2,9.62863419534361,1.522603154182434,-9.905214309692383,13.551064491271973
chronos2,KWT,2009,2012,3,6.62587485078971,1.3490800857543945,-10.884247779846191,14.338951110839844
chronos2,KWT,2009,2013,4,1.14946552780648,1.6564923524856567,-11.43716049194336,15.168004035949707
chronos2,KWT,2009,2014,5,0.500914669444924,1.685607671737671,-12.244657516479492,15.789811134338379
chronos2,LBY,2009,2010,1,5.0272476723775,1.5167431831359863,-9.420980453491211,12.666791915893555
chronos2,LBY,2009,2011,2,-50.3385151384986,1.7385568618774414,-11.216039657592773,14.67982292175293
chronos2,LBY,2009,2012,3,86.8267484395784,2.159865379333496,-12.288066864013672,15.872598648071289
chronos2,LBY,2009,2013,4,-17.9979615745681,2.773437976837158,-12.358236312866211,17.614398956298828
chronos2,LBY,2009,2014,5,-23.0428058282215,3.529158115386963,-12.272403717041016,19.311779022216797
chronos2,LKA,2009,2010,1,8.01596737040464,4.903572082519531,2.137516975402832,6.887967586517334
chronos2,LKA,2009,2011,2,8.66948301160571,4.8011603355407715,1.7605750560760498,6.929335594177246
chronos2,LKA,2009,2012,3,8.6321813769906,4.699210166931152,1.3825392723083496,7.041349411010742
chronos2,LKA,2009,2013,4,4.0517463303875,4.717932224273682,1.3350586891174316,7.041388511657715
chronos2,LKA,2009,2014,5,6.37797889684965,4.791625499725342,1.4365925788879395,7.096744537353516
chronos2,LUX,2009,2010,1,3.76040578658925,1.6399242877960205,-3.2797608375549316,6.177268981933594
chronos2,LUX,2009,2011,2,1.0442860057217,2.7789978981018066,-2.5692086219787598,7.841153144836426
chronos2,LUX,2009,2012,3,1.64971134354685,2.7880196571350098,-2.706204414367676,8.028759002685547
chronos2,LUX,2009,2013,4,3.17168513780955,2.6152262687683105,-2.915940761566162,7.908265113830566
chronos2,LUX,2009,2014,5,2.62308838097542,2.7527873516082764,-3.0457067489624023,8.105682373046875
chronos2,MAC,2009,2010,1,25.1031075246958,3.0240163803100586,-3.369760036468506,10.633157730102539
chronos2,MAC,2009,2011,2,21.6223064381087,4.192398548126221,-3.4071707725524902,13.148353576660156
chronos2,MAC,2009,2012,3,9.21747479596735,5.609132766723633,-2.8988547325134277,16.168607711791992
chronos2,MAC,2009,2013,4,10.7816711590297,6.630288600921631,-2.2452826499938965,18.01594352722168
chronos2,MAC,2009,2014,5,-2.03874227961819,7.159189224243164,-2.2097725868225098,19.06285285949707
chronos2,MAR,2009,2010,1,3.49955709403216,4.678599834442139,0.17163944244384766,9.188947677612305
chronos2,MAR,2009,2011,2,5.52464523319847,4.5096635818481445,-0.32138872146606445,9.395726203918457
chronos2,MAR,2009,2012,3,3.06234368502997,4.50378942489624,-0.8083744049072266,9.673395156860352
chronos2,MAR,2009,2013,4,4.12221286860944,4.425127029418945,-1.0262961387634277,9.7703857421875
chronos2,MAR,2009,2014,5,2.7192440802029,4.479208469390869,-1.1731209754943848,9.938065528869629
chronos2,MDG,2009,2010,1,0.619239744622121,4.919023036956787,-1.0857120752334595,9.881505966186523
chronos2,MDG,2009,2011,2,1.57842705366555,4.7480998039245605,-1.6800767183303833,9.851090431213379
chronos2,MDG,2009,2012,3,3.01114811621208,4.6976141929626465,-2.041102886199951,9.893274307250977
chronos2,MDG,2009,2013,4,2.30037622800727,4.845947265625,-2.1087546348571777,10.264440536499023
chronos2,MDG,2009,2014,5,3.33920311195367,4.812913417816162,-2.366887092590332,10.262718200683594
chronos2,MEX,2009,2010,1,4.9713345832195,1.2612941265106201,-4.954514026641846,6.231646537780762
chronos2,MEX,2009,2011,2,3.44404505297089,1.2817590236663818,-5.335463047027588,6.391384124755859
chronos2,MEX,2009,2012,3,3.55321076010608,1.4944524765014648,-5.346278667449951,6.582741737365723
chronos2,MEX,2009,2013,4,0.852101550164704,1.3636338710784912,-5.447697162628174,6.650254726409912
chronos2,MEX,2009,2014,5,2.50376350783593,1.5462191104888916,-5.303467273712158,6.87058162689209
chronos2,MLI,2009,2010,1,5.57678859793515,3.9424540996551514,-2.199486255645752,10.775400161743164
chronos2,MLI,2009,2011,2,2.93537897118415,4.200491905212402,-2.331425666809082,11.355086326599121
chronos2,MLI,2009,2012,3,-1.07239924147837,4.164247512817383,-2.5672836303710938,11.5133056640625
chronos2,MLI,2009,2013,4,3.29068742053545,4.332688808441162,-2.570985794067383,11.69630241394043
chronos2,MLI,2009,2014,5,6.50263878386326,4.128006458282471,-2.7732276916503906,11.753677368164062
chronos2,MLT,2009,2010,1,6.19734978656928,2.0872890949249268,-2.857149124145508,6.967101097106934
chronos2,MLT,2009,2011,2,0.992201768011597,2.575096607208252,-3.1179447174072266,8.31434440612793
chronos2,MLT,2009,2012,3,4.10167460261891,3.1235737800598145,-3.1923437118530273,9.373578071594238
chronos2,MLT,2009,2013,4,6.29233378116625,3.040529489517212,-3.175457000732422,9.51632022857666
chronos2,MLT,2009,2014,5,7.6313628225042,3.018899917602539,-3.4716415405273438,9.636734008789062
chronos2,MNG,2009,2010,1,6.3651616786311,1.8343381881713867,-6.2467145919799805,8.832854270935059
chronos2,MNG,2009,2011,2,17.2907775869555,0.8289411067962646,-9.112128257751465,9.134452819824219
chronos2,MNG,2009,2012,3,12.3198198494032,0.4106125831604004,-10.690407752990723,9.424666404724121
chronos2,MNG,2009,2013,4,11.6489161878925,-0.23799991607666016,-12.517234802246094,9.79150104522705
chronos2,MNG,2009,2014,5,7.88522548204762,-1.042848825454712,-13.95098876953125,9.762259483337402
chronos2,MRT,2009,2010,1,2.62022952055378,2.439840078353882,-3.7887251377105713,11.12841796875
chronos2,MRT,2009,2011,2,4.17278328304418,2.34083890914917,-4.033843994140625,11.485522270202637
chronos2,MRT,2009,2012,3,4.47001318233693,2.2966670989990234,-4.106207847595215,11.567342758178711
chronos2,MRT,2009,2013,4,4.15081318627171,2.3083655834198,-4.196120262145996,11.448563575744629
chronos2,MRT,2009,2014,5,4.27482327130284,2.2445857524871826,-4.338985443115234,11.505561828613281
chronos2,MUS,2009,2010,1,4.39672657214976,5.1473283767700195,2.5537853240966797,8.088190078735352
chronos2,MUS,2009,2011,2,4.14555262561014,4.99788761138916,1.750016450881958,8.247505187988281
chronos2,MUS,2009,2012,3,3.51062090167264,5.068543434143066,1.4882473945617676,8.667119979858398
chronos2,MUS,2009,2013,4,3.39755085220649,4.812926292419434,1.084566593170166,8.747992515563965
chronos2,MUS,2009,2014,5,3.85773905280689,4.82516622543335,0.7388477325439453,8.925914764404297
chronos2,MYS,2009,2010,1,7.42484738326097,3.681365728378296,-4.189197540283203,7.725247859954834
chronos2,MYS,2009,2011,2,5.29391283414003,4.119385719299316,-4.136106491088867,8.139734268188477
chronos2,MYS,2009,2012,3,5.47345419253853,4.476807117462158,-4.331399917602539,8.583861351013184
chronos2,MYS,2009,2013,4,4.69372252557893,4.698687553405762,-4.300140380859375,8.834671020507812
chronos2,MYS,2009,2014,5,6.00672194558203,4.735753059387207,-4.308640480041504,9.00967025756836
chronos2,NER,2009,2010,1,8.57816674262253,4.517640113830566,-0.6870856285095215,9.595746994018555
chronos2,NER,2009,2011,2,2.35775693603874,3.899719715118408,-1.7485134601593018,9.236442565917969
chronos2,NER,2009,2012,3,10.5489445763446,2.8241727352142334,-3.2469735145568848,8.224504470825195
chronos2,NER,2009,2013,4,5.31513063394726,4.09218692779541,-2.109874725341797,9.856801986694336
chronos2,NER,2009,2014,5,6.64213665495603,4.483333587646484,-1.8678832054138184,10.457548141479492
chronos2,NIC,2009,2010,1,4.41009911716546,2.0738701820373535,-4.273323059082031,7.637818336486816
chronos2,NIC,2009,2011,2,6.31668553491842,1.884057641029358,-5.554682731628418,8.110864639282227
chronos2,NIC,2009,2012,3,6.4961364710876,1.6052558422088623,-6.653924942016602,8.380139350891113
chronos2,NIC,2009,2013,4,4.92709413447304,1.499165654182434,-7.582728385925293,8.79744815826416
chronos2,NIC,2009,2014,5,4.78546013589983,1.3577766418457031,-8.373897552490234,9.050230026245117
chronos2,NLD,2009,2010,1,1.31935287897116,-0.6805415153503418,-4.277030944824219,2.742870569229126
chronos2,NLD,2009,2011,2,1.77330320575034,-0.3047363758087158,-4.4657487869262695,3.4117887020111084
chronos2,NLD,2009,2012,3,-0.977826121310997,0.31354808807373047,-4.274842262268066,4.168583393096924
chronos2,NLD,2009,2013,4,-0.0302410184270769,0.7648005485534668,-4.153114318847656,4.743246555328369
chronos2,NLD,2009,2014,5,1.61255885112396,1.0663530826568604,-4.153931617736816,5.037869930267334
chronos2,NOR,2009,2010,1,1.00493269017117,0.432997465133667,-1.9490609169006348,3.0731618404388428
chronos2,NOR,2009,2011,2,1.38505117083945,0.8300187587738037,-1.9721918106079102,3.665813684463501
chronos2,NOR,2009,2012,3,2.82395673492459,1.083716630935669,-1.880624771118164,4.068527698516846
chronos2,NOR,2009,2013,4,1.27290177696287,1.3107457160949707,-1.8641767501831055,4.336221694946289
chronos2,NOR,2009,2014,5,2.09521388080101,1.4517793655395508,-1.8803610801696777,4.538336753845215
chronos2,NPL,2009,2010,1,4.81641464694573,4.089692115783691,1.1237726211547852,6.903849124908447
chronos2,NPL,2009,2011,2,3.42180870116162,3.91867733001709,0.6568496227264404,7.063791275024414
chronos2,NPL,2009,2012,3,4.67014192446953,4.177306175231934,0.6257777214050293,7.565971374511719
chronos2,NPL,2009,2013,4,3.52515317129149,3.8492414951324463,0.037750244140625,7.413104057312012
chronos2,NPL,2009,2014,5,6.01148284250441,3.8574414253234863,-0.11308908462524414,7.63581657409668
chronos2,NZL,2009,2010,1,1.47182504276788,0.8620699644088745,-2.4663777351379395,3.956444025039673
chronos2,NZL,2009,2011,2,2.1445004445998,1.8062214851379395,-1.7294282913208008,5.171814441680908
chronos2,NZL,2009,2012,3,2.30256429520961,2.5644099712371826,-1.0577619075775146,6.029229640960693
chronos2,NZL,2009,2013,4,2.5648360739867,3.20426082611084,-0.417391300201416,6.799798965454102
chronos2,NZL,2009,2014,5,3.81933619307242,3.3909130096435547,-0.310697078704834,6.947530269622803
chronos2,OMN,2009,2010,1,2.47199856582773,5.673324108123779,-0.6294765472412109,12.400135040283203
chronos2,OMN,2009,2011,2,2.89460973541192,5.876105308532715,-2.412832260131836,14.53170394897461
chronos2,OMN,2009,2012,3,8.86312225557018,7.159015655517578,-2.2774925231933594,18.386425018310547
chronos2,OMN,2009,2013,4,5.22770408145942,7.002385139465332,-2.548809051513672,19.10132598876953
chronos2,OMN,2009,2014,5,1.29225229411081,5.8079938888549805,-6.215838432312012,19.8524169921875
chronos2,PAK,2009,2010,1,1.50171752152883,4.494778156280518,1.4554388523101807,7.515293121337891
chronos2,PAK,2009,2011,2,2.68011685421705,4.696985721588135,1.2526416778564453,8.022787094116211
chronos2,PAK,2009,2012,3,3.02758391088629,4.783936977386475,1.0517206192016602,8.375935554504395
chronos2,PAK,2009,2013,4,4.36686504978387,4.895164489746094,0.977175235748291,8.719206809997559
chronos2,PAK,2009,2014,5,4.11642817161422,4.983123779296875,0.842498779296875,8.963447570800781
chronos2,PAN,2009,2010,1,6.07339353106087,3.5437498092651367,-2.89138126373291,8.974433898925781
chronos2,PAN,2009,2011,2,11.9088772249531,3.5865187644958496,-3.85623836517334,9.728212356567383
chronos2,PAN,2009,2012,3,9.62729346439019,4.288760185241699,-3.5748634338378906,10.751376152038574
chronos2,PAN,2009,2013,4,6.32435388662846,4.698212623596191,-3.2945289611816406,11.63863754272461
chronos2,PAN,2009,2014,5,4.62581375565551,5.22966194152832,-2.80419921875,12.42568588256836
chronos2,PER,2009,2010,1,8.33245910749577,3.8486361503601074,-2.876347780227661,9.415458679199219
chronos2,PER,2009,2011,2,6.32719240161117,3.849200487136841,-3.743623971939087,10.212121963500977
chronos2,PER,2009,2012,3,6.13972470560435,4.13460636138916,-4.118247032165527,10.88260555267334
chronos2,PER,2009,2013,4,5.85251821084928,4.46279764175415,-4.25612735748291,11.776628494262695
chronos2,PER,2009,2014,5,2.38215737180541,4.736128807067871,-4.422721862792969,12.308889389038086
chronos2,PHL,2009,2010,1,7.33449996034538,3.9394524097442627,0.10145878791809082,6.757909774780273
chronos2,PHL,2009,2011,2,3.85823282795663,4.020573139190674,-0.037531375885009766,7.001384735107422
chronos2,PHL,2009,2012,3,6.89695171050985,4.094232559204102,-0.14117956161499023,7.193432331085205
chronos2,PHL,2009,2013,4,6.75053130142255,4.175942420959473,-0.031917572021484375,7.176835060119629
chronos2,PHL,2009,2014,5,6.34798748260867,4.143088340759277,-0.08856344223022461,7.190432548522949
chronos2,PRT,2009,2010,1,1.73762453640036,-0.6432561874389648,-3.3886284828186035,2.1447293758392334
chronos2,PRT,2009,2011,2,-1.71352745905065,-0.7677173614501953,-3.978205680847168,2.262187957763672
chronos2,PRT,2009,2012,3,-4.05090267621935,-0.6125288009643555,-4.149878025054932,2.563537120819092
chronos2,PRT,2009,2013,4,-0.984106574148328,-0.15091848373413086,-3.92366361618042,3.2303225994110107
chronos2,PRT,2009,2014,5,0.741391420706506,-0.14695143699645996,-3.9825892448425293,3.3481485843658447
chronos2,PRY,2009,2010,1,11.0952312685521,1.0717766284942627,-3.86627197265625,5.361634731292725
chronos2,PRY,2009,2011,2,4.28637120702282,1.0888614654541016,-4.926183700561523,6.1001129150390625
chronos2,PRY,2009,2012,3,-0.708043112316886,1.2477526664733887,-5.48307991027832,6.949372291564941
chronos2,PRY,2009,2013,4,8.29307648940471,1.6822848320007324,-5.756036758422852,7.84183931350708
chronos2,PRY,2009,2014,5,5.30123864473624,2.099626064300537,-5.864267349243164,8.49528980255127
chronos2,QAT,2009,2010,1,16.7315558489187,7.339377403259277,-2.809699058532715,19.633514404296875
chronos2,QAT,2009,2011,2,13.0214050496923,7.321996688842773,-3.2241392135620117,20.941532135009766
chronos2,QAT,2009,2012,3,4.62623675511804,10.335671424865723,-0.43681907653808594,25.42490005493164
chronos2,QAT,2009,2013,4,4.43070196521455,11.7317476272583,0.5909476280212402,27.740406036376953
chronos2,QAT,2009,2014,5,4.11911527912761,12.739019393920898,1.558516025543213,27.825759887695312
chronos2,RUS,2009,2010,1,4.49999999920672,-2.641909599304199,-10.37356185913086,4.760291576385498
chronos2,RUS,2009,2011,2,4.30002918604238,-5.184332370758057,-14.401662826538086,3.968924045562744
chronos2,RUS,2009,2012,3,4.0240861571798,-8.24336051940918,-18.668773651123047,2.354255437850952
chronos2,RUS,2009,2013,4,1.75542214916291,-9.857318878173828,-20.70351219177246,1.4132670164108276
chronos2,RUS,2009,2014,5,0.736267221403651,-10.40122127532959,-21.722591400146484,1.99692964553833
chronos2,RWA,2009,2010,1,7.33465645016436,6.5924973487854,0.4665861129760742,13.796268463134766
chronos2,RWA,2009,2011,2,7.95838869909085,6.512940406799316,-0.8026490211486816,14.47878646850586
chronos2,RWA,2009,2012,3,8.64150815708138,6.278735160827637,-1.7569756507873535,14.825614929199219
chronos2,RWA,2009,2013,4,4.71984856950924,6.201224327087402,-1.8834662437438965,14.388311386108398
chronos2,RWA,2009,2014,5,5.66845354233575,5.918033599853516,-2.400078296661377,14.549886703491211
chronos2,SAU,2009,2010,1,5.0395150823517,4.825717926025391,-2.5992541313171387,12.781535148620605
chronos2,SAU,2009,2011,2,11.758820686671,4.582259654998779,-3.641249179840088,13.383955955505371
chronos2,SAU,2009,2012,3,5.76157382270968,5.089079856872559,-3.6116700172424316,14.305194854736328
chronos2,SAU,2009,2013,4,2.94563789152025,5.004005432128906,-4.1711649894714355,15.19693374633789
chronos2,SAU,2009,2014,5,4.02467158380668,5.440722942352295,-4.860018253326416,16.993555068969727
chronos2,SDN,2009,2010,1,3.85824195230107,3.0427651405334473,-4.00090217590332,10.187076568603516
chronos2,SDN,2009,2011,2,-3.21353209253371,3.0920302867889404,-4.482034683227539,10.755343437194824
chronos2,SDN,2009,2012,3,-17.0046884048945,3.1607232093811035,-4.973360061645508,11.027778625488281
chronos2,SDN,2009,2013,4,1.95514463302422,3.037376642227173,-5.363585472106934,11.214495658874512
chronos2,SDN,2009,2014,5,4.66137954229873,3.0065231323242188,-5.70256233215332,11.409449577331543
chronos2,SEN,2009,2010,1,3.39088925336209,3.124459981918335,0.5927317142486572,5.654688358306885
chronos2,SEN,2009,2011,2,1.33409107961258,3.0014519691467285,0.020038843154907227,5.845715522766113
chronos2,SEN,2009,2012,3,4.00299555090457,2.9113943576812744,-0.3791506290435791,5.943516731262207
chronos2,SEN,2009,2013,4,2.41238527605579,2.713714361190796,-0.8538379669189453,6.062317848205566
chronos2,SEN,2009,2014,5,6.22407443790986,2.6815900802612305,-1.1131880283355713,6.227832794189453
chronos2,SGP,2009,2010,1,14.5197497108994,3.0299596786499023,-3.9295873641967773,8.29147720336914
chronos2,SGP,2009,2011,2,6.21493416858989,3.9086897373199463,-3.915019989013672,9.285282135009766
chronos2,SGP,2009,2012,3,4.43549759378537,4.243837356567383,-3.931380271911621,9.813679695129395
chronos2,SGP,2009,2013,4,4.81763099120676,5.226358413696289,-3.118722915649414,10.242584228515625
chronos2,SGP,2009,2014,5,3.93554027709007,6.331481456756592,-1.9619121551513672,10.774595260620117
chronos2,SLB,2009,2010,1,9.70817235491481,3.4028360843658447,-3.8743033409118652,9.967203140258789
chronos2,SLB,2009,2011,2,7.43023752099302,3.4587502479553223,-5.566690921783447,11.818613052368164
chronos2,SLB,2009,2012,3,2.46591837712438,3.408806324005127,-7.0990309715271,12.88035774230957
chronos2,SLB,2009,2013,4,5.23744704670068,3.367631196975708,-7.815910816192627,13.971609115600586
chronos2,SLB,2009,2014,5,1.18945509547778,3.56363582611084,-8.302173614501953,14.522012710571289
chronos2,SLV,2009,2010,1,2.15419536693635,-0.525792121887207,-6.309887886047363,3.617023468017578
chronos2,SLV,2009,2011,2,3.80688113429295,-0.34969186782836914,-7.662224769592285,4.633626937866211
chronos2,SLV,2009,2012,3,2.82262371802327,-0.0375514030456543,-8.168445587158203,5.550249099731445
chronos2,SLV,2009,2013,4,2.23562439198375,0.5506975650787354,-7.4872541427612305,6.171872138977051
chronos2,SLV,2009,2014,5,1.70870628357073,0.8899070024490356,-6.969658851623535,6.5366740226745605
chronos2,SWE,2009,2010,1,5.75076477579255,-1.7985634803771973,-5.131045341491699,2.0270748138427734
chronos2,SWE,2009,2011,2,3.16388567406926,-1.7012948989868164,-5.587635040283203,2.4843127727508545
chronos2,SWE,2009,2012,3,-0.414397702454409,-1.4992575645446777,-5.924994468688965,2.9929592609405518
chronos2,SWE,2009,2013,4,1.13766671801426,-1.4843268394470215,-6.290286064147949,3.1727640628814697
chronos2,SWE,2009,2014,5,2.29577238758284,-1.1700589656829834,-6.429817199707031,3.5726070404052734
chronos2,SYC,2009,2010,1,4.50513204312067,3.606740713119507,-5.058672904968262,12.450567245483398
chronos2,SYC,2009,2011,2,9.5097833517957,3.559863805770874,-4.927422523498535,12.565764427185059
chronos2,SYC,2009,2012,3,3.1106784939243,3.5992932319641113,-5.190521240234375,12.61276912689209
chronos2,SYC,2009,2013,4,1.25373496242949,3.6506378650665283,-5.196496963500977,12.736410140991211
chronos2,SYC,2009,2014,5,4.0636918123521,3.609346866607666,-5.39157772064209,12.731800079345703
chronos2,TCD,2009,2010,1,13.6738272725339,5.5938262939453125,-1.908062219619751,15.133492469787598
chronos2,TCD,2009,2011,2,4.49542967058827,6.604249000549316,-1.8940160274505615,17.35503578186035
chronos2,TCD,2009,2012,3,9.06180392253447,5.503386497497559,-3.3264963626861572,16.838029861450195
chronos2,TCD,2009,2013,4,2.83821524730293,3.531731128692627,-5.488511085510254,14.236348152160645
chronos2,TCD,2009,2014,5,2.06283074361411,2.7968196868896484,-6.444558143615723,13.173903465270996
chronos2,TGO,2009,2010,1,5.85433399076879,2.948796510696411,-4.402370452880859,10.322200775146484
chronos2,TGO,2009,2011,2,5.82325622135289,2.833773612976074,-4.947328567504883,10.578895568847656
chronos2,TGO,2009,2012,3,6.30271426865185,2.7938268184661865,-5.732841491699219,10.973492622375488
chronos2,TGO,2009,2013,4,5.82425069283059,2.718822479248047,-6.146678924560547,11.290489196777344
chronos2,TGO,2009,2014,5,5.63323739145223,2.8120381832122803,-6.22392463684082,11.587563514709473
chronos2,THA,2009,2010,1,7.51339053261624,1.572704792022705,-2.9138026237487793,5.3952741622924805
chronos2,THA,2009,2011,2,0.840132083053334,2.8265857696533203,-2.435925006866455,7.207259178161621
chronos2,THA,2009,2012,3,7.24279620249642,4.117620468139648,-1.736952304840088,8.829934120178223
chronos2,THA,2009,2013,4,2.68749556320556,4.831418037414551,-1.3253002166748047,9.956464767456055
chronos2,THA,2009,2014,5,0.984468863619426,5.125480651855469,-1.0475335121154785,10.45553970336914
chronos2,TON,2009,2010,1,0.824396914081831,-0.0918111801147461,-4.752891540527344,4.570586204528809
chronos2,TON,2009,2011,2,6.70369746238768,-1.8585138320922852,-6.900193214416504,2.956273078918457
chronos2,TON,2009,2012,3,0.919761024923076,-0.8676307201385498,-6.223871231079102,4.245438575744629
chronos2,TON,2009,2013,4,0.393922530137331,-1.3515551090240479,-6.940922737121582,4.036859512329102
chronos2,TON,2009,2014,5,1.99053769890816,-0.7660579681396484,-6.567205429077148,4.754001140594482
chronos2,TUN,2009,2010,1,2.97113275066512,3.9316067695617676,0.48787975311279297,7.241221904754639
chronos2,TUN,2009,2011,2,-2.04663389535644,4.027634143829346,-0.26973485946655273,7.890015125274658
chronos2,TUN,2009,2012,3,4.21667711535632,4.0193891525268555,-0.7514033317565918,8.244606018066406
chronos2,TUN,2009,2013,4,2.42993096446429,3.911867141723633,-1.2902865409851074,8.522541046142578
chronos2,TUN,2009,2014,5,3.09032803070775,3.870253086090088,-1.6773433685302734,8.812507629394531
chronos2,TUR,2009,2010,1,8.54219848467686,3.959007978439331,-3.5283284187316895,9.630128860473633
chronos2,TUR,2009,2011,2,10.9799625273598,3.98624849319458,-3.5769925117492676,9.623512268066406
chronos2,TUR,2009,2012,3,4.80762696633448,4.132627010345459,-3.5239615440368652,9.649576187133789
chronos2,TUR,2009,2013,4,8.48825689298511,4.229336738586426,-3.363001823425293,9.764158248901367
chronos2,TUR,2009,2014,5,4.60079447270559,4.236799240112305,-3.3013625144958496,9.765374183654785
chronos2,TZA,2009,2010,1,6.33652342666889,5.73895263671875,3.1263558864593506,8.137012481689453
chronos2,TZA,2009,2011,2,7.67215543486064,5.918818473815918,3.012240171432495,8.58814811706543
chronos2,TZA,2009,2012,3,4.50015356010131,6.026860237121582,2.905585765838623,9.005160331726074
chronos2,TZA,2009,2013,4,6.78158560065316,6.091131210327148,2.5535647869110107,9.143847465515137
chronos2,TZA,2009,2014,5,6.73246186832483,6.006050109863281,2.0677647590637207,9.44126033782959
chronos2,UGA,2009,2010,1,5.63761163749757,7.2944207191467285,2.741814613342285,11.218079566955566
chronos2,UGA,2009,2011,2,9.3916554927176,6.869018077850342,1.4087510108947754,11.609338760375977
chronos2,UGA,2009,2012,3,3.83745560605229,6.53517484664917,0.27277088165283203,11.976551055908203
chronos2,UGA,2009,2013,4,3.58690582623025,6.667435169219971,-0.05626487731933594,12.510523796081543
chronos2,UGA,2009,2014,5,5.10630732539796,7.028053283691406,-0.12258720397949219,13.09843635559082
chronos2,UKR,2009,2010,1,4.09200436668087,-9.239019393920898,-19.48123550415039,2.088172674179077
chronos2,UKR,2009,2011,2,5.44528081048476,-9.998790740966797,-23.66829490661621,3.8029232025146484
chronos2,UKR,2009,2012,3,0.152314967200653,-10.45878791809082,-26.75661849975586,5.107095241546631
chronos2,UKR,2009,2013,4,0.045439094492707,-12.127626419067383,-29.772382736206055,5.1216020584106445
chronos2,UKR,2009,2014,5,-10.0788949840953,-14.547983169555664,-32.982669830322266,4.7215471267700195
chronos2,URY,2009,2010,1,7.8034096507169,3.391101360321045,-1.5493457317352295,8.07713508605957
chronos2,URY,2009,2011,2,5.16213302463606,3.165025234222412,-3.087634563446045,8.843582153320312
chronos2,URY,2009,2012,3,3.53817872056869,3.0172133445739746,-3.8901567459106445,9.22838020324707
chronos2,URY,2009,2013,4,4.63753862902416,3.057018280029297,-4.1344313621521,9.707483291625977
chronos2,URY,2009,2014,5,3.23879122952364,3.1156487464904785,-4.310479164123535,9.790335655212402
chronos2,USA,2009,2010,1,2.69519258673525,0.8711888790130615,-3.170022487640381,3.872791290283203
chronos2,USA,2009,2011,2,1.56440685205419,1.5666308403015137,-2.6036319732666016,4.618901252746582
chronos2,USA,2009,2012,3,2.28911339009767,1.7871512174606323,-2.541417121887207,4.814923286437988
chronos2,USA,2009,2013,4,2.11783009443471,1.7772648334503174,-2.521165370941162,4.869543075561523
chronos2,USA,2009,2014,5,2.52381981757846,1.7887554168701172,-2.5937438011169434,4.8795976638793945
chronos2,VNM,2009,2010,1,6.42324482239482,5.016874313354492,3.4218649864196777,6.4015302658081055
chronos2,VNM,2009,2011,2,6.41316889681683,4.929062843322754,2.6349170207977295,6.904340744018555
chronos2,VNM,2009,2012,3,5.5045447041189,5.396557807922363,2.6768264770507812,7.850395202636719
chronos2,VNM,2009,2013,4,5.55351081026072,6.01765251159668,2.7503409385681152,8.8971529006958
chronos2,VNM,2009,2014,5,6.42224312118567,6.146564483642578,2.6693243980407715,9.50313663482666
chronos2,VUT,2009,2010,1,1.25886720329254,3.4045090675354004,-2.845721960067749,9.712397575378418
chronos2,VUT,2009,2011,2,3.13980290023437,3.24092173576355,-3.7531702518463135,10.28125286102295
chronos2,VUT,2009,2012,3,1.01004768692017,3.2739040851593018,-4.352577209472656,10.72725772857666
chronos2,VUT,2009,2013,4,0.463390415135436,3.040757179260254,-4.809737205505371,11.097993850708008
chronos2,VUT,2009,2014,5,3.10512947273315,3.0762085914611816,-5.235106468200684,11.407780647277832
chronos2,ZAF,2009,2010,1,3.03973288127956,2.4129180908203125,-1.963165044784546,6.343024730682373
chronos2,ZAF,2009,2011,2,3.16855627858818,2.421234607696533,-2.6030561923980713,6.962104797363281
chronos2,ZAF,2009,2012,3,2.39623238465745,2.704543113708496,-2.9789974689483643,7.527311325073242
chronos2,ZAF,2009,2013,4,2.48546800826588,2.6214346885681152,-3.2860214710235596,7.844915390014648
chronos2,ZAF,2009,2014,5,1.41382645223793,2.6453044414520264,-3.672391176223755,7.918959617614746
chronos2,ABW,2014,2015,1,3.61147906591042,2.9523210525512695,-2.998838424682617,8.39680290222168
chronos2,ABW,2014,2016,2,1.23433537363427,2.9112067222595215,-4.094245910644531,9.391168594360352
chronos2,ABW,2014,2017,3,3.49342985290626,3.6605124473571777,-4.139876365661621,10.902313232421875
chronos2,ABW,2014,2018,4,3.21247111920076,4.363336563110352,-3.9530725479125977,12.457834243774414
chronos2,ABW,2014,2019,5,1.22914408896015,4.361260414123535,-4.269219398498535,13.000785827636719
chronos2,ALB,2014,2015,1,2.2277040745779,2.4610068798065186,-1.1531996726989746,5.605639457702637
chronos2,ALB,2014,2016,2,3.90893551362245,2.3566701412200928,-2.6295721530914307,6.243462562561035
chronos2,ALB,2014,2017,3,3.28317593330073,2.1419243812561035,-3.8680245876312256,6.899054527282715
chronos2,ALB,2014,2018,4,3.67141928098908,2.0210916996002197,-4.917616844177246,7.581804275512695
chronos2,ALB,2014,2019,5,2.06257790176122,2.223100423812866,-5.54792594909668,8.476057052612305
chronos2,AUS,2014,2015,1,2.16434780647852,3.1878695487976074,1.4832522869110107,4.892194747924805
chronos2,AUS,2014,2016,2,2.75564065529868,3.2314248085021973,1.4120335578918457,5.004404067993164
chronos2,AUS,2014,2017,3,2.29331030192918,3.1075971126556396,1.1790883541107178,4.9538493156433105
chronos2,AUS,2014,2018,4,2.87417039499501,3.1696152687072754,1.088871955871582,5.074296951293945
chronos2,AUS,2014,2019,5,2.19401703622717,3.0356006622314453,0.9574165344238281,5.025521755218506
chronos2,AUT,2014,2015,1,1.30352331826198,1.2655516862869263,-0.9018847942352295,3.1786742210388184
chronos2,AUT,2014,2016,2,2.11721964494312,1.4000940322875977,-0.9919440746307373,3.4371230602264404
chronos2,AUT,2014,2017,3,2.27224992038207,1.4293285608291626,-1.0558524131774902,3.511775493621826
chronos2,AUT,2014,2018,4,2.48422114080024,1.5470012426376343,-1.046759843826294,3.6699299812316895
chronos2,AUT,2014,2019,5,1.75497619649288,1.5513283014297485,-1.0700411796569824,3.7557168006896973
chronos2,BEL,2014,2015,1,1.47416433731927,1.4718682765960693,-0.8227353096008301,3.606476068496704
chronos2,BEL,2014,2016,2,1.19350273007754,1.527387022972107,-0.991741418838501,3.79600191116333
chronos2,BEL,2014,2017,3,1.47446761556785,1.461262822151184,-1.2440803050994873,3.8259940147399902
chronos2,BEL,2014,2018,4,1.87796847383565,1.4534960985183716,-1.2742767333984375,3.947934627532959
chronos2,BEL,2014,2019,5,2.4428900448156,1.4154109954833984,-1.3425073623657227,3.9884679317474365
chronos2,BEN,2014,2015,1,1.77815106030278,4.586722373962402,1.496920108795166,7.246928691864014
chronos2,BEN,2014,2016,2,3.33967342629693,4.398346900939941,1.1974527835845947,7.149547576904297
chronos2,BEN,2014,2017,3,5.67156195150444,4.2231059074401855,0.9166855812072754,7.097315311431885
chronos2,BEN,2014,2018,4,6.69725362180888,4.333251953125,0.9418661594390869,7.220083236694336
chronos2,BEN,2014,2019,5,6.86568662848335,4.403482437133789,1.0274658203125,7.349039077758789
chronos2,BFA,2014,2015,1,3.9212287937935,6.335373878479004,2.757917881011963,9.904458045959473
chronos2,BFA,2014,2016,2,5.95797670754024,6.23213005065918,2.385718584060669,10.009361267089844
chronos2,BFA,2014,2017,3,6.20348941121868,6.083112716674805,2.1809911727905273,10.049873352050781
chronos2,BFA,2014,2018,4,6.60456906812341,6.078134059906006,2.018439531326294,10.18324089050293
chronos2,BFA,2014,2019,5,5.88920497068135,6.076516151428223,1.9268648624420166,10.172138214111328
chronos2,BGD,2014,2015,1,6.55263987816197,6.193883895874023,5.103108882904053,7.328025817871094
chronos2,BGD,2014,2016,2,7.11347821270093,6.238857269287109,5.04378080368042,7.468421936035156
chronos2,BGD,2014,2017,3,6.59024999794057,6.283181190490723,4.946855545043945,7.614948272705078
chronos2,BGD,2014,2018,4,7.31941263014136,6.365218162536621,4.848819732666016,7.798816204071045
chronos2,BGD,2014,2019,5,7.88191515117722,6.3959150314331055,4.7432541847229,8.040677070617676
chronos2,BGR,2014,2015,1,3.39755351999294,-0.7024589776992798,-7.0121355056762695,4.09833288192749
chronos2,BGR,2014,2016,2,3.02662820096305,-1.128268837928772,-9.267860412597656,5.001603603363037
chronos2,BGR,2014,2017,3,2.74592737750996,-1.8892778158187866,-11.63020133972168,5.302065849304199
chronos2,BGR,2014,2018,4,2.33015054210419,-2.0784707069396973,-12.723387718200684,6.167983531951904
chronos2,BGR,2014,2019,5,3.79331964589196,-2.768670082092285,-14.100225448608398,6.230152130126953
chronos2,BHR,2014,2015,1,2.50787205267615,5.068488597869873,1.6922881603240967,8.356283187866211
chronos2,BHR,2014,2016,2,3.81499327422425,5.218353748321533,0.8315362930297852,9.499408721923828
chronos2,BHR,2014,2017,3,4.95383534123657,5.399508476257324,0.4286069869995117,10.26935863494873
chronos2,BHR,2014,2018,4,2.05258864979861,5.295853614807129,0.06696844100952148,10.751991271972656
chronos2,BHR,2014,2019,5,2.05287774418655,5.214289665222168,-0.5191078186035156,11.043424606323242
chronos2,BHS,2014,2015,1,0.997411675486745,1.374053716659546,-4.021946907043457,5.86992073059082
chronos2,BHS,2014,2016,2,-1.15650811269629,1.2913591861724854,-4.790119171142578,6.484594345092773
chronos2,BHS,2014,2017,3,3.3713988456489,1.0298941135406494,-5.88914680480957,6.768464088439941
chronos2,BHS,2014,2018,4,2.39795510823548,0.7109510898590088,-6.713212013244629,7.046234607696533
chronos2,BHS,2014,2019,5,-0.838585871193203,0.37146496772766113,-7.479012489318848,7.162016868591309
chronos2,BLZ,2014,2015,1,2.7602602736023,3.6718294620513916,0.12312698364257812,6.777366638183594
chronos2,BLZ,2014,2016,2,-0.0187414958130319,3.3118062019348145,-0.9871225357055664,7.333810329437256
chronos2,BLZ,2014,2017,3,-1.83323729057784,2.9103620052337646,-2.122509002685547,7.3598151206970215
chronos2,BLZ,2014,2018,4,0.822068592512508,2.572486639022827,-2.8368635177612305,7.6275105476379395
chronos2,BLZ,2014,2019,5,4.25658710030072,2.361675262451172,-3.8911170959472656,7.983646392822266
chronos2,BOL,2014,2015,1,4.85718718508603,5.973094940185547,3.675093650817871,8.052836418151855
chronos2,BOL,2014,2016,2,4.26392086992173,5.922903537750244,3.2193331718444824,8.38167667388916
chronos2,BOL,2014,2017,3,4.19520633364647,5.858304977416992,2.8822741508483887,8.55434799194336
chronos2,BOL,2014,2018,4,2.86808404814794,5.817815780639648,2.5777182579040527,8.820338249206543
chronos2,BOL,2014,2019,5,1.50672102666863,5.624094486236572,2.1536035537719727,8.79407787322998
chronos2,BRA,2014,2015,1,-3.54576339269425,2.242737293243408,-1.9873056411743164,6.485738754272461
chronos2,BRA,2014,2016,2,-3.27591690782192,2.502150058746338,-2.5171918869018555,7.151544570922852
chronos2,BRA,2014,2017,3,1.32286905404399,2.510716676712036,-3.161109447479248,7.539971351623535
chronos2,BRA,2014,2018,4,1.783666761634,2.6826186180114746,-3.266028881072998,8.105466842651367
chronos2,BRA,2014,2019,5,1.22077782360842,2.7859225273132324,-3.4710450172424316,8.456840515136719
chronos2,BRN,2014,2015,1,-0.392383749502031,0.13891100883483887,-4.878337383270264,5.05916166305542
chronos2,BRN,2014,2016,2,-2.47791771833224,0.021885991096496582,-5.71538782119751,5.553921222686768
chronos2,BRN,2014,2017,3,1.32872661057823,-0.03855377435684204,-6.284034729003906,5.895620346069336
chronos2,BRN,2014,2018,4,0.0523710418528935,-0.08851051330566406,-6.675961971282959,6.273219108581543
chronos2,BRN,2014,2019,5,3.86884436177075,0.01879584789276123,-7.089108467102051,6.713150501251221
chronos2,BTN,2014,2015,1,6.66080128866197,5.5706377029418945,1.204561710357666,10.050853729248047
chronos2,BTN,2014,2016,2,8.47594339232963,5.61440896987915,1.3169407844543457,9.990447044372559
chronos2,BTN,2014,2017,3,2.08684522733067,5.547812461853027,1.1528410911560059,10.052721977233887
chronos2,BTN,2014,2018,4,3.50187185732737,5.56408166885376,0.9382214546203613,10.313881874084473
chronos2,BTN,2014,2019,5,5.75514851246506,5.719313621520996,0.9309744834899902,10.556225776672363
chronos2,BWA,2014,2015,1,-4.85132507409779,5.722781181335449,-0.5003118515014648,11.92882251739502
chronos2,BWA,2014,2016,2,7.20442475914267,5.987215995788574,-1.0900583267211914,13.209354400634766
chronos2,BWA,2014,2017,3,4.11437856445083,6.04761266708374,-1.4560537338256836,13.768390655517578
chronos2,BWA,2014,2018,4,4.18869237159223,6.167091369628906,-1.6494131088256836,14.48300838470459
chronos2,BWA,2014,2019,5,3.0317733945467,6.277580738067627,-1.9155874252319336,15.329874038696289
chronos2,CAF,2014,2015,1,4.33712103020231,2.065408706665039,-12.686723709106445,7.525242805480957
chronos2,CAF,2014,2016,2,4.75031684122342,2.0430026054382324,-12.9689359664917,7.504605293273926
chronos2,CAF,2014,2017,3,4.52727821346231,1.6771968603134155,-14.059828758239746,7.560155868530273
chronos2,CAF,2014,2018,4,3.78944359275462,1.8762576580047607,-13.823053359985352,7.570944786071777
chronos2,CAF,2014,2019,5,3.09999999999999,1.9578773975372314,-13.172642707824707,7.515912055969238
chronos2,CAN,2014,2015,1,0.64997101491096,2.716667890548706,0.271991491317749,4.624529838562012
chronos2,CAN,2014,2016,2,1.03855091989323,2.4709887504577637,-0.09142518043518066,4.474749565124512
chronos2,CAN,2014,2017,3,3.03383491841392,2.423694610595703,-0.32643985748291016,4.525559902191162
chronos2,CAN,2014,2018,4,2.74296341402246,2.3753349781036377,-0.5003576278686523,4.574071884155273
chronos2,CAN,2014,2019,5,1.90843193887251,2.458789110183716,-0.44138455390930176,4.723382949829102
chronos2,CHE,2014,2015,1,1.45450336491099,2.1442947387695312,-0.41039133071899414,4.541150093078613
chronos2,CHE,2014,2016,2,1.91159094214852,2.203134298324585,-0.5973935127258301,4.769096851348877
chronos2,CHE,2014,2017,3,1.42034612231261,2.1641998291015625,-0.8245089054107666,4.874763488769531
chronos2,CHE,2014,2018,4,3.32743256101493,2.1323578357696533,-0.8875725269317627,4.951786041259766
chronos2,CHE,2014,2019,5,1.11532187197474,2.1276328563690186,-0.967566728591919,4.992776870727539
chronos2,CHL,2014,2015,1,2.15194249981184,4.535938739776611,-0.19855022430419922,8.590404510498047
chronos2,CHL,2014,2016,2,1.753038749071,4.605747222900391,-0.21787452697753906,8.714754104614258
chronos2,CHL,2014,2017,3,1.35769537343957,4.686822891235352,-0.20223474502563477,8.835474014282227
chronos2,CHL,2014,2018,4,3.99002947789977,4.730242729187012,-0.24580669403076172,8.874175071716309
chronos2,CHL,2014,2019,5,0.644223402631923,4.6943793296813965,-0.37311840057373047,8.921924591064453
chronos2,CHN,2014,2015,1,6.98162255562367,8.473254203796387,6.150850296020508,10.95323371887207
chronos2,CHN,2014,2016,2,6.7736886867727,8.872408866882324,5.899109840393066,11.936003684997559
chronos2,CHN,2014,2017,3,6.89123916636191,9.180136680603027,5.697419166564941,12.703502655029297
chronos2,CHN,2014,2018,4,6.757806142324,9.299080848693848,5.546786308288574,13.041570663452148
chronos2,CHN,2014,2019,5,6.06737806333672,9.187250137329102,5.047904014587402,13.343330383300781
chronos2,CIV,2014,2015,1,7.19494942728191,8.22974967956543,0.7914371490478516,15.381175994873047
chronos2,CIV,2014,2016,2,7.17275963956332,8.374249458312988,0.48882198333740234,15.66050910949707
chronos2,CIV,2014,2017,3,7.41076242592504,8.372543334960938,0.5360252857208252,15.695980072021484
chronos2,CIV,2014,2018,4,4.84314605889178,8.640016555786133,0.6805245876312256,16.294513702392578
chronos2,CIV,2014,2019,5,6.72137167584978,8.675713539123535,0.4169487953186035,16.395370483398438
chronos2,CMR,2014,2015,1,5.66695298703932,4.482585906982422,0.767362117767334,8.494527816772461
chronos2,CMR,2014,2016,2,4.53579423678801,4.473656177520752,0.19567418098449707,8.66834831237793
chronos2,CMR,2014,2017,3,3.54117654926007,4.076725959777832,-0.5094213485717773,8.60324764251709
chronos2,CMR,2014,2018,4,3.95551423892049,4.132671356201172,-0.6371588706970215,8.901909828186035
chronos2,CMR,2014,2019,5,3.47505998194981,4.449334144592285,-0.4004974365234375,9.375370025634766
chronos2,COG,2014,2015,1,0.415193061293763,4.683067321777344,-1.9457330703735352,11.38078784942627
chronos2,COG,2014,2016,2,-8.68524343913786,5.4237284660339355,-1.6940135955810547,12.575429916381836
chronos2,COG,2014,2017,3,-5.59477371915547,5.07624626159668,-2.585047721862793,12.747060775756836
chronos2,COG,2014,2018,4,-2.30431780125842,5.432446479797363,-2.4472265243530273,13.493782997131348
chronos2,COG,2014,2019,5,1.12447391976529,5.012668609619141,-2.683176040649414,12.802098274230957
chronos2,COL,2014,2015,1,2.95590137527523,4.2836594581604,1.2746951580047607,7.086950302124023
chronos2,COL,2014,2016,2,2.08738250162794,4.2114152908325195,0.8703007698059082,7.29473352432251
chronos2,COL,2014,2017,3,1.35936086788746,4.162771224975586,0.52872633934021,7.475955009460449
chronos2,COL,2014,2018,4,2.56432428277704,4.165147304534912,0.4239013195037842,7.654745101928711
chronos2,COL,2014,2019,5,3.18685539245533,4.249115943908691,0.37462687492370605,7.782471656799316
chronos2,COM,2014,2015,1,1.14735632260047,3.264756202697754,-0.12962889671325684,6.165857315063477
chronos2,COM,2014,2016,2,3.3204465548877,3.186716318130493,-0.5187132358551025,6.3638482093811035
chronos2,COM,2014,2017,3,3.81576287489548,3.1220552921295166,-0.8449950218200684,6.535133361816406
chronos2,COM,2014,2018,4,3.64245114733689,3.1249160766601562,-1.0664949417114258,6.654998779296875
chronos2,COM,2014,2019,5,1.76078023564568,3.135589361190796,-1.1795094013214111,6.718292236328125
chronos2,CRI,2014,2015,1,3.65208093006359,3.5229549407958984,0.3165583610534668,6.360638618469238
chronos2,CRI,2014,2016,2,4.20432320775184,3.4020259380340576,-0.2828712463378906,6.5124311447143555
chronos2,CRI,2014,2017,3,4.15769914676933,3.512071132659912,-0.4128279685974121,6.734564781188965
chronos2,CRI,2014,2018,4,2.85285959760458,3.753847122192383,-0.1974635124206543,7.056824684143066
chronos2,CRI,2014,2019,5,2.70813912948329,4.04295539855957,0.18230485916137695,7.437228202819824
chronos2,CYP,2014,2015,1,3.41892038889013,-2.75154447555542,-7.461099624633789,2.282555341720581
chronos2,CYP,2014,2016,2,6.57359080924678,-2.794853687286377,-8.563467979431152,3.0104012489318848
chronos2,CYP,2014,2017,3,5.75083236554525,-2.6306023597717285,-9.246915817260742,3.889604091644287
chronos2,CYP,2014,2018,4,6.27166360056404,-2.560607433319092,-9.714475631713867,4.728688716888428
chronos2,CYP,2014,2019,5,5.87559583386607,-2.6767354011535645,-10.50993824005127,5.3928446769714355
chronos2,DEU,2014,2015,1,1.66300602334775,2.009089231491089,-0.845423698425293,4.7432756423950195
chronos2,DEU,2014,2016,2,2.22222216259371,1.2683387994766235,-1.8618824481964111,4.112775802612305
chronos2,DEU,2014,2017,3,2.797906720551,1.145829200744629,-2.0758044719696045,4.073498725891113
chronos2,DEU,2014,2018,4,1.13569604599849,1.7099982500076294,-1.5244362354278564,4.6305060386657715
chronos2,DEU,2014,2019,5,0.977734697038784,1.386108636856079,-1.9188573360443115,4.3282670974731445
chronos2,DNK,2014,2015,1,2.10441456445301,0.44190502166748047,-2.3600351810455322,3.013699531555176
chronos2,DNK,2014,2016,2,3.07304549209093,0.44833898544311523,-2.8073599338531494,3.335259199142456
chronos2,DNK,2014,2017,3,3.05647723922718,0.4780585765838623,-3.112989664077759,3.525953769683838
chronos2,DNK,2014,2018,4,1.8600074900921,0.712597131729126,-2.9317939281463623,3.8406624794006348
chronos2,DNK,2014,2019,5,1.71140093932736,0.7619497776031494,-2.8636796474456787,3.9962539672851562
chronos2,DOM,2014,2015,1,6.98771131236387,5.160019397735596,-0.15770912170410156,10.52501106262207
chronos2,DOM,2014,2016,2,6.71974078681295,5.222092628479004,-0.4430103302001953,10.873884201049805
chronos2,DOM,2014,2017,3,3.93386176401576,5.204148292541504,-0.835782527923584,11.150724411010742
chronos2,DOM,2014,2018,4,7.09751640210159,5.175160884857178,-1.1303110122680664,11.313411712646484
chronos2,DOM,2014,2019,5,4.8940301149584,5.16814661026001,-1.0926837921142578,11.46480655670166
chronos2,DZA,2014,2015,1,3.20000000089023,3.34735107421875,0.8749291896820068,5.627097129821777
chronos2,DZA,2014,2016,2,3.90000000017621,3.4465646743774414,0.400637149810791,6.021988868713379
chronos2,DZA,2014,2017,3,1.49999999895587,3.3971869945526123,-0.019712209701538086,6.521501064300537
chronos2,DZA,2014,2018,4,1.40000000088281,3.4381446838378906,-0.33226752281188965,6.8939104080200195
chronos2,DZA,2014,2019,5,0.899999999219148,3.3755900859832764,-0.9673030376434326,7.237847328186035
chronos2,ECU,2014,2015,1,0.119692109287612,4.906922340393066,0.922863245010376,8.900684356689453
chronos2,ECU,2014,2016,2,-0.687954245877947,5.074009418487549,0.7163546085357666,9.508217811584473
chronos2,ECU,2014,2017,3,5.97039880954841,4.989356517791748,0.19443869590759277,9.986897468566895
chronos2,ECU,2014,2018,4,1.04429460679607,5.17479133605957,0.12137031555175781,10.486848831176758
chronos2,ECU,2014,2019,5,0.1654044646003,5.266753196716309,-0.02234029769897461,10.755735397338867
chronos2,EGY,2014,2015,1,4.37201907781687,2.3324813842773438,-0.4066286087036133,4.783416271209717
chronos2,EGY,2014,2016,2,4.34664345601914,2.620868444442749,-0.5212173461914062,5.519890785217285
chronos2,EGY,2014,2017,3,4.18122099961562,2.655182123184204,-0.6820340156555176,5.797556400299072
chronos2,EGY,2014,2018,4,5.33110861887155,3.3046252727508545,-0.20295047760009766,6.6873650550842285
chronos2,EGY,2014,2019,5,5.55209307084222,3.6397883892059326,-0.13687944412231445,7.254828453063965
chronos2,ESP,2014,2015,1,4.06086672473866,1.5164068937301636,-1.3502960205078125,4.119210243225098
chronos2,ESP,2014,2016,2,2.91515598595787,1.5936236381530762,-2.1496329307556152,4.9682512283325195
chronos2,ESP,2014,2017,3,2.89604207865007,1.8277809619903564,-2.896669864654541,5.8212571144104
chronos2,ESP,2014,2018,4,2.39541124478878,1.886202335357666,-3.1259326934814453,6.4520263671875
chronos2,ESP,2014,2019,5,1.96117850841711,1.9922879934310913,-3.484950542449951,6.972196578979492
chronos2,FIN,2014,2015,1,0.466503766322674,0.8268084526062012,-2.9518327713012695,4.072053909301758
chronos2,FIN,2014,2016,2,2.57193414898754,1.220553994178772,-3.4118218421936035,5.067573547363281
chronos2,FIN,2014,2017,3,3.30337003591039,1.3984462022781372,-3.5663681030273438,5.579526901245117
chronos2,FIN,2014,2018,4,1.19297759742292,1.6704562902450562,-3.5532822608947754,5.957577705383301
chronos2,FIN,2014,2019,5,1.34973845741737,1.8078818321228027,-3.5292744636535645,6.199919700622559
chronos2,FJI,2014,2015,1,4.50120064471365,2.741600751876831,-2.291365146636963,7.74283504486084
chronos2,FJI,2014,2016,2,2.44565202449249,3.158262252807617,-2.1254138946533203,8.198968887329102
chronos2,FJI,2014,2017,3,5.35336434979577,2.7179172039031982,-2.726414203643799,7.918578147888184
chronos2,FJI,2014,2018,4,3.812350939512,2.725037097930908,-2.8682169914245605,8.104905128479004
chronos2,FJI,2014,2019,5,-0.581946590349759,2.5111258029937744,-3.122745990753174,7.982141017913818
chronos2,FRA,2014,2015,1,1.06675474783462,0.8611891269683838,-0.9974324703216553,2.6596593856811523
chronos2,FRA,2014,2016,2,0.860031075424033,0.9341096878051758,-1.328244924545288,3.0287399291992188
chronos2,FRA,2014,2017,3,2.08361485997399,0.736356258392334,-1.8146717548370361,2.986004114151001
chronos2,FRA,2014,2018,4,1.64590872395887,0.6975469589233398,-1.9250071048736572,3.08832049369812
chronos2,FRA,2014,2019,5,2.02744646419237,0.6276154518127441,-2.120617628097534,3.1499431133270264
chronos2,GAB,2014,2015,1,3.8788993950789,4.471007823944092,0.9543235301971436,8.28520679473877
chronos2,GAB,2014,2016,2,2.09144220829562,4.716211318969727,0.19546079635620117,8.804430961608887
chronos2,GAB,2014,2017,3,0.472642030911146,4.797214031219482,-0.1958780288696289,9.69709587097168
chronos2,GAB,2014,2018,4,0.83791658082157,4.777320384979248,-0.8477110862731934,10.391521453857422
chronos2,GAB,2014,2019,5,3.92080879452831,4.750227928161621,-1.1337804794311523,11.189997673034668
chronos2,GBR,2014,2015,1,2.14040560033371,2.5244381427764893,0.11487579345703125,4.482430458068848
chronos2,GBR,2014,2016,2,2.20652020635357,2.3701937198638916,-0.28869152069091797,4.523874759674072
chronos2,GBR,2014,2017,3,3.02322219840339,2.334181547164917,-0.4646739959716797,4.58173942565918
chronos2,GBR,2014,2018,4,1.55133095078786,2.3163163661956787,-0.5813579559326172,4.598441123962402
chronos2,GBR,2014,2019,5,1.25629899760824,2.2923877239227295,-0.6235883235931396,4.652531147003174
chronos2,GEO,2014,2015,1,3.35102350265353,5.115537643432617,1.2202730178833008,8.41518783569336
chronos2,GEO,2014,2016,2,3.45021517996871,5.150630950927734,0.5711389780044556,8.869220733642578
chronos2,GEO,2014,2017,3,5.15990261658827,5.162696361541748,-0.44744157791137695,9.524152755737305
chronos2,GEO,2014,2018,4,6.062036412677,5.374927043914795,-1.1480886936187744,10.003881454467773
chronos2,GEO,2014,2019,5,5.38071926589951,5.33774471282959,-1.1335699558258057,10.469786643981934
chronos2,GHA,2014,2015,1,2.12075933817334,4.35215950012207,0.5532779693603516,8.849964141845703
chronos2,GHA,2014,2016,2,3.37346574966936,4.330957412719727,0.20556902885437012,9.024175643920898
chronos2,GHA,2014,2017,3,8.12889488100956,4.331378936767578,-0.20778918266296387,9.431692123413086
chronos2,GHA,2014,2018,4,6.20007768127284,4.358335971832275,-0.5364766120910645,9.75566291809082
chronos2,GHA,2014,2019,5,6.5077747939152,4.2220778465271,-1.1606402397155762,10.06152057647705
chronos2,GMB,2014,2015,1,4.0580738039996,3.1826376914978027,-2.6889913082122803,8.337008476257324
chronos2,GMB,2014,2016,2,1.94335965478776,3.237264394760132,-2.7273852825164795,8.369823455810547
chronos2,GMB,2014,2017,3,4.8226112492757,3.2849388122558594,-2.8865535259246826,8.475441932678223
chronos2,GMB,2014,2018,4,7.23489033258579,3.245647430419922,-3.0294783115386963,8.613202095031738
chronos2,GMB,2014,2019,5,6.22205315994859,3.2690563201904297,-3.1115262508392334,8.714046478271484
chronos2,GNB,2014,2015,1,6.1340893623123,3.3860085010528564,-2.3072216510772705,8.651634216308594
chronos2,GNB,2014,2016,2,5.4326782650304,3.3877947330474854,-2.2447588443756104,8.497739791870117
chronos2,GNB,2014,2017,3,4.66367943913264,3.308542251586914,-2.400132894515991,8.548084259033203
chronos2,GNB,2014,2018,4,3.76145359637003,3.3401570320129395,-2.5114142894744873,8.775871276855469
chronos2,GNB,2014,2019,5,5.32749571119344,3.2673799991607666,-2.620961904525757,8.772361755371094
chronos2,GRC,2014,2015,1,-0.228301892172851,-1.2657926082611084,-7.04625129699707,3.8766489028930664
chronos2,GRC,2014,2016,2,-0.0317947678412054,-1.4697139263153076,-8.620238304138184,4.6127190589904785
chronos2,GRC,2014,2017,3,1.47312472702352,-1.9854552745819092,-10.253705978393555,4.992952346801758
chronos2,GRC,2014,2018,4,2.06467207892409,-2.0343778133392334,-10.864001274108887,5.749858856201172
chronos2,GRC,2014,2019,5,2.27718065334808,-2.201805830001831,-11.709589004516602,6.118579864501953
chronos2,GTM,2014,2015,1,4.09217170075418,4.41456937789917,2.351795196533203,6.4092607498168945
chronos2,GTM,2014,2016,2,2.6778031930216,4.521574020385742,2.097407341003418,6.8953375816345215
chronos2,GTM,2014,2017,3,3.0798512212244,4.54794979095459,1.8267343044281006,7.248053550720215
chronos2,GTM,2014,2018,4,3.40687328176345,4.656885147094727,1.6769297122955322,7.557668209075928
chronos2,GTM,2014,2019,5,4.01789830861587,4.646844863891602,1.5074727535247803,7.8164143562316895
chronos2,HKG,2014,2015,1,2.38780116013344,1.7941431999206543,-2.1228137016296387,5.395562171936035
chronos2,HKG,2014,2016,2,2.17544820327555,0.9851560592651367,-3.5754590034484863,4.787175178527832
chronos2,HKG,2014,2017,3,3.79610937243891,1.8740291595458984,-2.92348051071167,6.032857894897461
chronos2,HKG,2014,2018,4,2.84690922660509,2.4810073375701904,-2.5800557136535645,6.8992743492126465
chronos2,HKG,2014,2019,5,-1.67242865968056,1.8862648010253906,-3.356231212615967,6.4485368728637695
chronos2,HND,2014,2015,1,3.84007997093951,3.2867870330810547,-0.2683262825012207,7.309871673583984
chronos2,HND,2014,2016,2,3.89297219726413,3.426070213317871,-0.7880105972290039,8.36548137664795
chronos2,HND,2014,2017,3,4.84291391050387,3.652843475341797,-1.0479669570922852,9.499147415161133
chronos2,HND,2014,2018,4,3.84499476966735,3.9891374111175537,-1.1148662567138672,10.762939453125
chronos2,HND,2014,2019,5,2.55963434592314,4.331914901733398,-1.3855714797973633,11.975473403930664
chronos2,HTI,2014,2015,1,1.40000000859727,2.5396714210510254,-2.636996269226074,7.109203815460205
chronos2,HTI,2014,2016,2,1.81246807847532,2.27825927734375,-3.2991418838500977,7.245715141296387
chronos2,HTI,2014,2017,3,2.51027134544685,2.3791422843933105,-3.4782371520996094,7.690012454986572
chronos2,HTI,2014,2018,4,1.66781095484656,2.247849941253662,-3.898739814758301,7.729833602905273
chronos2,HTI,2014,2019,5,-1.72309699839232,2.395634889602661,-3.901495933532715,8.122784614562988
chronos2,HUN,2014,2015,1,3.65981615406955,2.703650951385498,-0.6944770812988281,5.516683101654053
chronos2,HUN,2014,2016,2,2.43864141309342,2.6950783729553223,-1.2933359146118164,5.757367134094238
chronos2,HUN,2014,2017,3,4.12418389451805,2.6203458309173584,-1.5614914894104004,5.879636764526367
chronos2,HUN,2014,2018,4,5.60613813768876,2.6650540828704834,-1.3785715103149414,5.835699081420898
chronos2,HUN,2014,2019,5,5.07718495088933,2.5487279891967773,-1.88438081741333,6.140233039855957
chronos2,IDN,2014,2015,1,4.87632230022123,5.185577869415283,2.2728641033172607,7.0328369140625
chronos2,IDN,2014,2016,2,5.03306918280177,5.422562599182129,2.209777355194092,7.518736362457275
chronos2,IDN,2014,2017,3,5.06978590134916,5.305942058563232,1.4279866218566895,7.777478218078613
chronos2,IDN,2014,2018,4,5.17429153955024,5.351758003234863,0.9233031272888184,7.919125556945801
chronos2,IDN,2014,2019,5,5.01928768046282,5.402470111846924,0.7917189598083496,8.209269523620605
chronos2,IND,2014,2015,1,7.99625378567987,6.943225860595703,3.7750470638275146,8.808692932128906
chronos2,IND,2014,2016,2,8.25630550176662,7.024312496185303,3.89937162399292,8.819239616394043
chronos2,IND,2014,2017,3,6.79538341902422,7.034182548522949,3.7339837551116943,8.874972343444824
chronos2,IND,2014,2018,4,6.45385134495295,7.011089324951172,3.681537628173828,8.941822052001953
chronos2,IND,2014,2019,5,3.87143694070524,6.979804992675781,3.5192103385925293,8.919269561767578
chronos2,IRL,2014,2015,1,24.6239856364006,5.304314613342285,0.2824239730834961,10.480649948120117
chronos2,IRL,2014,2016,2,1.22271661130947,4.970861911773682,-0.33319520950317383,10.304688453674316
chronos2,IRL,2014,2017,3,10.1088576065965,4.728859901428223,-0.732722282409668,10.220970153808594
chronos2,IRL,2014,2018,4,7.68865937437435,4.9894490242004395,-0.4425535202026367,10.543102264404297
chronos2,IRL,2014,2019,5,4.97288003766816,5.367678165435791,-0.1168069839477539,10.813384056091309
chronos2,IRN,2014,2015,1,-1.42488493937503,2.6040406227111816,-4.082580089569092,9.031370162963867
chronos2,IRN,2014,2016,2,8.8150866425182,2.732913017272949,-4.808176517486572,9.997193336486816
chronos2,IRN,2014,2017,3,3.02685468694025,3.058378219604492,-5.33555269241333,10.967303276062012
chronos2,IRN,2014,2018,4,-3.74796015711334,2.7749600410461426,-6.2792134284973145,11.484323501586914
chronos2,IRN,2014,2019,5,-2.36143538770575,2.2188591957092285,-7.617921352386475,11.679845809936523
chronos2,IRQ,2014,2015,1,2.60676642939541,4.20664119720459,-20.609893798828125,35.49928665161133
chronos2,IRQ,2014,2016,2,13.7873730187089,9.848869323730469,-8.330188751220703,30.21833038330078
chronos2,IRQ,2014,2017,3,-1.81975035118309,6.497121810913086,-2.4386963844299316,14.060773849487305
chronos2,IRQ,2014,2018,4,2.63385099105624,6.560540676116943,-0.10271787643432617,12.318511009216309
chronos2,IRQ,2014,2019,5,5.5137905789381,6.113142967224121,-2.1085562705993652,11.934556007385254
chronos2,ISL,2014,2015,1,3.76859020213645,0.8073220252990723,-5.081523895263672,5.968378067016602
chronos2,ISL,2014,2016,2,6.21808764670307,-1.2746868133544922,-8.36161994934082,4.694995880126953
chronos2,ISL,2014,2017,3,3.48506704155555,-1.2566704750061035,-9.090954780578613,5.336459636688232
chronos2,ISL,2014,2018,4,4.66077036232377,2.8002865314483643,-4.470475196838379,9.35246467590332
chronos2,ISL,2014,2019,5,1.13821227336888,6.3005475997924805,-0.6611857414245605,14.557266235351562
chronos2,ISR,2014,2015,1,2.23599889603805,3.811182975769043,0.4605560302734375,7.707751274108887
chronos2,ISR,2014,2016,2,4.53601939236572,4.250198841094971,0.39786815643310547,8.548924446105957
chronos2,ISR,2014,2017,3,4.34394518932547,4.5016279220581055,0.4166226387023926,9.10423469543457
chronos2,ISR,2014,2018,4,4.05349952888294,4.586188793182373,0.41156673431396484,9.213708877563477
chronos2,ISR,2014,2019,5,3.57898762923605,4.542914390563965,0.32526445388793945,9.288871765136719
chronos2,ITA,2014,2015,1,0.885667635240807,-0.6527819633483887,-3.315392255783081,1.7579593658447266
chronos2,ITA,2014,2016,2,1.23622108511661,-0.882396936416626,-3.9852097034454346,1.7782368659973145
chronos2,ITA,2014,2017,3,1.60369995294101,-0.7029554843902588,-4.161690711975098,2.1996798515319824
chronos2,ITA,2014,2018,4,0.826646712344115,-0.7211034297943115,-4.185274124145508,2.2683022022247314
chronos2,ITA,2014,2019,5,0.429162533780342,-0.8613643646240234,-4.499529838562012,2.2863824367523193
chronos2,JPN,2014,2015,1,1.79997735783475,1.2728278636932373,-1.580657720565796,3.8944284915924072
chronos2,JPN,2014,2016,2,0.704986495111257,1.257589340209961,-2.035637617111206,4.286021709442139
chronos2,JPN,2014,2017,3,1.62345062245441,1.179975986480713,-2.553480863571167,4.619060516357422
chronos2,JPN,2014,2018,4,0.834143845965585,1.1845817565917969,-2.922518014907837,4.9483489990234375
chronos2,JPN,2014,2019,5,-0.308496921143259,1.2467646598815918,-2.984131097793579,5.236795902252197
chronos2,KEN,2014,2015,1,4.96772112759767,4.351297378540039,0.013594627380371094,8.584850311279297
chronos2,KEN,2014,2016,2,4.21351706814744,4.364959716796875,-0.490325927734375,9.024635314941406
chronos2,KEN,2014,2017,3,3.83795817364721,4.260840892791748,-1.0279369354248047,9.384332656860352
chronos2,KEN,2014,2018,4,5.64794640709219,4.328402996063232,-1.328664779663086,9.824281692504883
chronos2,KEN,2014,2019,5,5.11415885767801,4.41827917098999,-1.2998685836791992,10.216333389282227
chronos2,KGZ,2014,2015,1,3.87582544512439,4.139019012451172,-3.4628279209136963,10.882415771484375
chronos2,KGZ,2014,2016,2,4.33585592190116,3.2609810829162598,-6.866881370544434,11.994400024414062
chronos2,KGZ,2014,2017,3,4.73993722377884,2.800781488418579,-8.88054370880127,12.954261779785156
chronos2,KGZ,2014,2018,4,3.75791013557165,2.625094175338745,-9.947650909423828,13.594690322875977
chronos2,KGZ,2014,2019,5,4.60062565707598,2.7868220806121826,-10.60147476196289,13.799270629882812
chronos2,KHM,2014,2015,1,7.20703472529512,7.479058265686035,3.3739938735961914,10.948097229003906
chronos2,KHM,2014,2016,2,7.90550116130704,7.3676862716674805,2.80495023727417,11.133159637451172
chronos2,KHM,2014,2017,3,8.07503915535979,7.281900405883789,1.8403360843658447,11.593744277954102
chronos2,KHM,2014,2018,4,8.77622376224463,7.284870147705078,1.0495738983154297,12.079070091247559
chronos2,KHM,2014,2019,5,7.93695013588524,7.255678176879883,0.2355046272277832,12.896669387817383
chronos2,KOR,2014,2015,1,2.92029267301234,3.0580081939697266,-0.64703369140625,6.40043306350708
chronos2,KOR,2014,2016,2,3.17152748983935,2.8567237854003906,-1.030247688293457,6.2452898025512695
chronos2,KOR,2014,2017,3,3.433191763972,2.779881000518799,-1.5421314239501953,6.324192523956299
chronos2,KOR,2014,2018,4,3.17611568177327,2.643064022064209,-1.8222160339355469,6.434378623962402
chronos2,KOR,2014,2019,5,2.31380210595475,2.5337438583374023,-1.9648056030273438,6.428221702575684
chronos2,KWT,2014,2015,1,0.592770817217982,0.4533565044403076,-8.757973670959473,9.014593124389648
chronos2,KWT,2014,2016,2,2.92607584256388,-0.8416295051574707,-11.079718589782715,9.406990051269531
chronos2,KWT,2014,2017,3,-4.71222270495362,0.07860851287841797,-10.635103225708008,10.724089622497559
chronos2,KWT,2014,2018,4,2.74333045031415,1.0761624574661255,-9.690164566040039,11.803302764892578
chronos2,KWT,2014,2019,5,2.26381706595791,1.7399479150772095,-9.730962753295898,12.651623725891113
chronos2,LBY,2014,2015,1,-0.842656252118843,-3.0879621505737305,-35.09410095214844,27.05042839050293
chronos2,LBY,2014,2016,2,-1.4909411172622,-4.634265899658203,-35.828895568847656,25.199159622192383
chronos2,LBY,2014,2017,3,32.4918021862688,-3.68306827545166,-35.2825927734375,26.387479782104492
chronos2,LBY,2014,2018,4,7.9413678529104,8.611356735229492,-20.096704483032227,44.13574981689453
chronos2,LBY,2014,2019,5,-11.1960828853386,1.1715683937072754,-28.70421028137207,30.972972869873047
chronos2,LKA,2014,2015,1,4.20595547501601,5.756403923034668,2.8973357677459717,8.583051681518555
chronos2,LKA,2014,2016,2,5.05362488993089,6.1301069259643555,3.172785997390747,8.888887405395508
chronos2,LKA,2014,2017,3,6.46068127080994,6.255641937255859,3.271017551422119,9.037555694580078
chronos2,LKA,2014,2018,4,2.31008425504933,6.340981960296631,3.2943027019500732,9.260658264160156
chronos2,LKA,2014,2019,5,-0.220483886824823,6.296905040740967,3.1880970001220703,9.25916862487793
chronos2,LUX,2014,2015,1,2.26836572735107,2.766104221343994,-1.2551329135894775,6.6908488273620605
chronos2,LUX,2014,2016,2,4.97819047122638,2.831136703491211,-1.4925391674041748,6.937014579772949
chronos2,LUX,2014,2017,3,1.31711942298405,2.7796599864959717,-1.7749207019805908,6.995461463928223
chronos2,LUX,2014,2018,4,1.61129891211624,2.8206536769866943,-1.7253248691558838,7.130611419677734
chronos2,LUX,2014,2019,5,2.74932091920692,2.957689046859741,-1.668041467666626,7.385937690734863
chronos2,MAC,2014,2015,1,-21.7540078753246,3.2112483978271484,-5.0106282234191895,12.840775489807129
chronos2,MAC,2014,2016,2,-0.701510212552961,2.8973379135131836,-6.667069911956787,13.464683532714844
chronos2,MAC,2014,2017,3,9.91855844513513,2.1725258827209473,-7.766152858734131,13.27233600616455
chronos2,MAC,2014,2018,4,6.35917030567686,1.2342991828918457,-9.119390487670898,12.86564826965332
chronos2,MAC,2014,2019,5,-2.4609094006739,0.12213611602783203,-10.301029205322266,12.170029640197754
chronos2,MAR,2014,2015,1,4.34458297635238,4.022778034210205,0.6948699951171875,7.321166038513184
chronos2,MAR,2014,2016,2,0.52118550608968,3.8507328033447266,0.21336030960083008,7.449459075927734
chronos2,MAR,2014,2017,3,5.05789816173446,3.9071247577667236,-0.18935394287109375,7.734167098999023
chronos2,MAR,2014,2018,4,3.06564133025955,3.8276219367980957,-0.603600025177002,7.972447395324707
chronos2,MAR,2014,2019,5,2.89097476137077,3.7803711891174316,-0.8038249015808105,8.225885391235352
chronos2,MDG,2014,2015,1,3.13229807490305,2.740111827850342,-1.7403889894485474,6.779663562774658
chronos2,MDG,2014,2016,2,3.99314606199499,2.75329327583313,-1.7831453084945679,6.91383171081543
chronos2,MDG,2014,2017,3,3.93330759462793,2.7618939876556396,-1.7788594961166382,6.9488444328308105
chronos2,MDG,2014,2018,4,3.19435651744398,2.8233261108398438,-1.571661114692688,6.72874641418457
chronos2,MDG,2014,2019,5,4.41123212909589,2.74855637550354,-1.694421648979187,6.7526726722717285
chronos2,MEX,2014,2015,1,2.70232343024026,2.032689332962036,-2.012860059738159,5.270912170410156
chronos2,MEX,2014,2016,2,1.7724932254128,2.2782797813415527,-2.1809699535369873,5.723086357116699
chronos2,MEX,2014,2017,3,1.87172854648381,2.0259013175964355,-2.713124990463257,5.6929426193237305
chronos2,MEX,2014,2018,4,1.97208211101069,2.432236671447754,-2.3278801441192627,6.089031219482422
chronos2,MEX,2014,2019,5,-0.392690513290532,2.155332565307617,-2.6837522983551025,6.006940841674805
chronos2,MLI,2014,2015,1,6.23887890181064,4.187334060668945,-1.4316411018371582,10.172281265258789
chronos2,MLI,2014,2016,2,6.00506308559498,3.9316301345825195,-1.8131909370422363,10.132942199707031
chronos2,MLI,2014,2017,3,5.37554769647939,3.9775753021240234,-1.9890127182006836,10.282746315002441
chronos2,MLI,2014,2018,4,4.86784999935264,4.221559524536133,-1.7677621841430664,10.453968048095703
chronos2,MLI,2014,2019,5,4.99999911699705,4.196045875549316,-1.715428352355957,10.42961597442627
chronos2,MLT,2014,2015,1,9.62070302842181,5.465627193450928,1.2021822929382324,9.589632987976074
chronos2,MLT,2014,2016,2,4.07800422216982,5.393348217010498,0.23813533782958984,10.472722053527832
chronos2,MLT,2014,2017,3,12.9713425287845,5.151169300079346,-0.8448367118835449,10.860145568847656
chronos2,MLT,2014,2018,4,7.18921425536917,4.983841419219971,-1.371978759765625,11.414554595947266
chronos2,MLT,2014,2019,5,4.0850557312243,4.982722282409668,-1.8737373352050781,12.154135704040527
chronos2,MNG,2014,2015,1,2.37983580731722,8.075729370117188,2.412811517715454,13.226633071899414
chronos2,MNG,2014,2016,2,1.48978448679577,7.946155548095703,0.8066320419311523,14.553314208984375
chronos2,MNG,2014,2017,3,5.63687638694772,7.85536003112793,-0.16407108306884766,15.34299087524414
chronos2,MNG,2014,2018,4,7.74488062024881,7.7666168212890625,-0.976445198059082,16.21181869506836
chronos2,MNG,2014,2019,5,5.60224422064255,7.534111022949219,-1.6022543907165527,16.195261001586914
chronos2,MRT,2014,2015,1,5.37633923694936,2.9701297283172607,-2.47576904296875,9.654279708862305
chronos2,MRT,2014,2016,2,1.26090922448303,2.9440829753875732,-2.8284759521484375,10.017248153686523
chronos2,MRT,2014,2017,3,6.27054569386574,3.0036263465881348,-3.0450797080993652,10.345956802368164
chronos2,MRT,2014,2018,4,4.77217363890155,2.9096076488494873,-3.2775650024414062,10.492597579956055
chronos2,MRT,2014,2019,5,3.14100489264639,2.93754506111145,-3.339895248413086,10.828227043151855
chronos2,MUS,2014,2015,1,3.71766362108832,4.07019567489624,1.9221162796020508,6.17401647567749
chronos2,MUS,2014,2016,2,3.88576121076034,4.087569713592529,1.4855806827545166,6.644174575805664
chronos2,MUS,2014,2017,3,3.95441730960265,4.015782833099365,1.1930334568023682,6.916135787963867
chronos2,MUS,2014,2018,4,4.11669369456492,3.9956400394439697,1.1406261920928955,6.9272589683532715
chronos2,MUS,2014,2019,5,2.86394938684734,4.118722915649414,0.9308047294616699,7.253687858581543
chronos2,MYS,2014,2015,1,5.09153242155011,5.576432704925537,1.725064754486084,8.361552238464355
chronos2,MYS,2014,2016,2,4.44978139761541,5.655890464782715,1.4057741165161133,8.59679126739502
chronos2,MYS,2014,2017,3,5.81272240983328,5.6154704093933105,1.0745453834533691,8.787014961242676
chronos2,MYS,2014,2018,4,4.84308697634881,5.682708263397217,0.7715187072753906,9.019655227661133
chronos2,MYS,2014,2019,5,4.41318742129586,5.640057563781738,0.6649527549743652,9.166420936584473
chronos2,NER,2014,2015,1,4.39264883207291,4.336953163146973,-0.5755634307861328,9.246406555175781
chronos2,NER,2014,2016,2,4.28137558478143,4.0139288902282715,-1.5767812728881836,9.516029357910156
chronos2,NER,2014,2017,3,5.53198531271451,4.012172698974609,-1.812051773071289,9.887622833251953
chronos2,NER,2014,2018,4,6.89458420864513,4.313296318054199,-1.8119893074035645,10.31040096282959
chronos2,NER,2014,2019,5,6.07881528959186,3.750530242919922,-2.651215076446533,10.061044692993164
chronos2,NIC,2014,2015,1,4.79226768332697,4.636727809906006,0.6480934619903564,7.339576721191406
chronos2,NIC,2014,2016,2,4.56314739524967,4.787566661834717,0.6208353042602539,7.737973213195801
chronos2,NIC,2014,2017,3,4.63120757580209,4.850119590759277,0.39911842346191406,8.017084121704102
chronos2,NIC,2014,2018,4,-3.3633566598573,4.996935844421387,0.07599782943725586,8.405373573303223
chronos2,NIC,2014,2019,5,-2.89686986728901,4.992132186889648,-0.34673595428466797,8.920157432556152
chronos2,NLD,2014,2015,1,2.12064007193544,1.60977041721344,-0.9093375205993652,3.8723490238189697
chronos2,NLD,2014,2016,2,2.42428065449427,1.8584105968475342,-0.9871535301208496,4.418100833892822
chronos2,NLD,2014,2017,3,2.78150834679987,1.939164638519287,-1.1748871803283691,4.676852226257324
chronos2,NLD,2014,2018,4,2.25873158164956,1.9762182235717773,-1.242302417755127,4.890886306762695
chronos2,NLD,2014,2019,5,2.3001616053659,1.9471502304077148,-1.4557480812072754,4.974566459655762
chronos2,NOR,2014,2015,1,2.04428845501438,1.890734076499939,-0.1735687255859375,3.8993079662323
chronos2,NOR,2014,2016,2,1.29158732771135,1.9091740846633911,-0.46369171142578125,4.089773178100586
chronos2,NOR,2014,2017,3,2.66964474273466,1.7278294563293457,-0.7439682483673096,3.9879560470581055
chronos2,NOR,2014,2018,4,1.1103912365576,1.6604217290878296,-0.7815806865692139,3.9772136211395264
chronos2,NOR,2014,2019,5,1.46970781954143,1.6028987169265747,-0.9582540988922119,3.9509170055389404
chronos2,NPL,2014,2015,1,3.97605327162971,4.12195348739624,1.5803484916687012,6.498766899108887
chronos2,NPL,2014,2016,2,0.433113719381524,4.645939350128174,1.9906443357467651,7.172266006469727
chronos2,NPL,2014,2017,3,8.97727935643466,4.367086410522461,1.6146042346954346,6.987178802490234
chronos2,NPL,2014,2018,4,7.62237610397933,4.650301456451416,1.7978545427322388,7.384961128234863
chronos2,NPL,2014,2019,5,6.65705543110468,4.244851112365723,1.2540061473846436,7.10399055480957
chronos2,NZL,2014,2015,1,3.72968312125018,3.7719709873199463,1.3702178001403809,6.237773895263672
chronos2,NZL,2014,2016,2,3.7435247472109,3.698362112045288,1.0800538063049316,6.3466596603393555
chronos2,NZL,2014,2017,3,3.31568621648204,3.0095739364624023,0.11561179161071777,5.92183780670166
chronos2,NZL,2014,2018,4,3.32219666491432,2.5642035007476807,-0.5068118572235107,5.415289878845215
chronos2,NZL,2014,2019,5,2.32371708441623,2.320380687713623,-0.872077226638794,5.278553009033203
chronos2,OMN,2014,2015,1,5.01705799719045,3.89268159866333,-1.4827375411987305,10.41709041595459
chronos2,OMN,2014,2016,2,5.04642394571691,6.559667587280273,-0.10292911529541016,15.035343170166016
chronos2,OMN,2014,2017,3,0.304057565922449,5.771955490112305,-1.2574443817138672,14.459939956665039
chronos2,OMN,2014,2018,4,1.28710391543288,4.420026779174805,-3.3053836822509766,13.32620906829834
chronos2,OMN,2014,2019,5,-1.12863801728058,5.293117523193359,-3.104076385498047,15.561071395874023
chronos2,PAK,2014,2015,1,4.21794209572506,4.321099758148193,1.6248719692230225,6.947649955749512
chronos2,PAK,2014,2016,2,6.57383828511043,4.361966133117676,1.3236331939697266,7.243373870849609
chronos2,PAK,2014,2017,3,4.43262590683975,4.371121406555176,0.9896378517150879,7.454187393188477
chronos2,PAK,2014,2018,4,6.15170261099519,4.306413173675537,0.820256233215332,7.567131996154785
chronos2,PAK,2014,2019,5,2.49763692943365,4.184581279754639,0.5412898063659668,7.564709663391113
chronos2,PAN,2014,2015,1,5.26691719595516,6.030510425567627,1.2183899879455566,10.864959716796875
chronos2,PAN,2014,2016,2,4.57196707937275,6.261178493499756,1.1108765602111816,11.47219467163086
chronos2,PAN,2014,2017,3,5.7440594635578,6.3411664962768555,0.9654903411865234,11.863300323486328
chronos2,PAN,2014,2018,4,3.91824253321265,6.490167140960693,0.7586731910705566,12.222915649414062
chronos2,PAN,2014,2019,5,3.10295395631086,6.403931617736816,0.5034999847412109,12.448648452758789
chronos2,PER,2014,2015,1,3.25224477218451,5.185915946960449,0.011517047882080078,9.483807563781738
chronos2,PER,2014,2016,2,3.95331871520767,5.209589004516602,-0.20367026329040527,9.669225692749023
chronos2,PER,2014,2017,3,2.51883544233135,5.08823299407959,-0.4919397830963135,9.744982719421387
chronos2,PER,2014,2018,4,3.969351341365,5.005928039550781,-0.9363706111907959,9.809774398803711
chronos2,PER,2014,2019,5,2.24063176875049,4.911555290222168,-1.1505849361419678,9.88664722442627
chronos2,PHL,2014,2015,1,6.34830971672761,5.479699611663818,3.1785831451416016,7.5258259773254395
chronos2,PHL,2014,2016,2,7.14945675000752,5.415100574493408,2.737527370452881,7.760040283203125
chronos2,PHL,2014,2017,3,6.9309883258402,5.346066474914551,2.504673957824707,7.8984832763671875
chronos2,PHL,2014,2018,4,6.34148557153473,5.41179084777832,2.4123215675354004,8.008072853088379
chronos2,PHL,2014,2019,5,6.11852566221303,5.3407883644104,2.2574572563171387,8.086650848388672
chronos2,PRT,2014,2015,1,1.58979803702681,0.29331278800964355,-2.7800612449645996,3.1772801876068115
chronos2,PRT,2014,2016,2,2.00414129666575,0.18816781044006348,-3.30230712890625,3.436601161956787
chronos2,PRT,2014,2017,3,3.31472008175986,-0.09492754936218262,-4.023667812347412,3.422546625137329
chronos2,PRT,2014,2018,4,2.94628343449202,-0.515599250793457,-4.488170623779297,3.244305372238159
chronos2,PRT,2014,2019,5,2.74568432648596,-0.780001163482666,-5.0211310386657715,3.1922497749328613
chronos2,PRY,2014,2015,1,2.95715168367079,5.766019344329834,0.8130016326904297,10.324446678161621
chronos2,PRY,2014,2016,2,4.26802583314583,5.866546630859375,0.28381872177124023,10.952676773071289
chronos2,PRY,2014,2017,3,4.81007885554041,5.74943208694458,-0.32573795318603516,11.396984100341797
chronos2,PRY,2014,2018,4,3.20425034076639,5.681990623474121,-0.6218161582946777,11.87725830078125
chronos2,PRY,2014,2019,5,-0.40185510068001,5.699339866638184,-0.8656506538391113,11.9697847366333
chronos2,QAT,2014,2015,1,4.75334572438737,5.623077392578125,-0.9557781219482422,13.550125122070312
chronos2,QAT,2014,2016,2,3.06419188430156,5.605934143066406,-2.0252161026000977,14.575066566467285
chronos2,QAT,2014,2017,3,-1.49760470227838,5.184634685516357,-3.357243537902832,15.018728256225586
chronos2,QAT,2014,2018,4,1.23487220191065,5.307013511657715,-3.7103042602539062,15.833658218383789
chronos2,QAT,2014,2019,5,0.688240954592672,5.480410575866699,-3.858950614929199,16.345550537109375
chronos2,RUS,2014,2015,1,-1.9727192264298,-1.8884494304656982,-7.285102844238281,1.915159821510315
chronos2,RUS,2014,2016,2,0.193671130698817,-3.0045483112335205,-10.457208633422852,2.264934539794922
chronos2,RUS,2014,2017,3,1.82670527549192,-3.849409818649292,-13.34056282043457,2.953660249710083
chronos2,RUS,2014,2018,4,2.80634082046656,-4.146528244018555,-14.409927368164062,3.724456548690796
chronos2,RUS,2014,2019,5,2.19807571381982,-4.025608062744141,-15.267303466796875,4.459001541137695
chronos2,RWA,2014,2015,1,8.87036752872743,6.940855026245117,2.673980712890625,11.202619552612305
chronos2,RWA,2014,2016,2,5.65874584202778,6.9810638427734375,2.269186496734619,11.386459350585938
chronos2,RWA,2014,2017,3,4.70393439751061,6.93035888671875,1.820730209350586,11.66225814819336
chronos2,RWA,2014,2018,4,8.07084254621641,6.924046039581299,1.411529302597046,11.649496078491211
chronos2,RWA,2014,2019,5,9.28613387454543,6.77973747253418,0.3631563186645508,12.400888442993164
chronos2,SAU,2014,2015,1,4.65512316652699,5.528985500335693,-0.7781667709350586,11.84998893737793
chronos2,SAU,2014,2016,2,1.70404739202878,5.996034622192383,-2.0614066123962402,13.975885391235352
chronos2,SAU,2014,2017,3,1.18210705878283,5.944631099700928,-3.24099063873291,15.504887580871582
chronos2,SAU,2014,2018,4,3.2269508901591,6.285539150238037,-4.351980209350586,17.530811309814453
chronos2,SAU,2014,2019,5,1.65158925617395,6.2502522468566895,-4.991694450378418,18.608983993530273
chronos2,SDN,2014,2015,1,1.91017689052751,3.2247397899627686,-3.6382153034210205,9.799324035644531
chronos2,SDN,2014,2016,2,3.46764218409288,3.2211921215057373,-3.8032495975494385,9.966042518615723
chronos2,SDN,2014,2017,3,0.70925628476644,3.1874334812164307,-4.198605537414551,10.212532997131348
chronos2,SDN,2014,2018,4,-2.6809305497999,3.2320873737335205,-4.354143142700195,10.488675117492676
chronos2,SDN,2014,2019,5,-2.17825104530091,3.1862096786499023,-4.605989456176758,10.786852836608887
chronos2,SEN,2014,2015,1,6.36704365066983,2.798013925552368,-0.7076423168182373,5.732760429382324
chronos2,SEN,2014,2016,2,6.35606857208136,4.276283264160156,0.4281787872314453,7.554701805114746
chronos2,SEN,2014,2017,3,7.40748618589598,2.950289487838745,-1.4726407527923584,6.578171730041504
chronos2,SEN,2014,2018,4,6.20924103388887,4.119082450866699,-0.4949345588684082,8.011663436889648
chronos2,SEN,2014,2019,5,4.6136280976221,3.5431787967681885,-1.1724200248718262,7.522312164306641
chronos2,SGP,2014,2015,1,2.97679931634806,6.046230792999268,0.6178169250488281,10.648517608642578
chronos2,SGP,2014,2016,2,3.91095306322606,6.393370151519775,0.46574926376342773,11.238712310791016
chronos2,SGP,2014,2017,3,4.32679370770501,6.495208263397217,0.2312183380126953,11.514060020446777
chronos2,SGP,2014,2018,4,3.18660848474074,6.562423229217529,0.15966033935546875,11.620741844177246
chronos2,SGP,2014,2019,5,1.15877947300108,6.4660325050354,0.1325087547302246,11.593791961669922
chronos2,SLB,2014,2015,1,1.67578612030815,3.6379735469818115,-3.466167688369751,10.286230087280273
chronos2,SLB,2014,2016,2,5.55494348257992,3.977151393890381,-4.350088119506836,12.185425758361816
chronos2,SLB,2014,2017,3,3.07546176144591,3.9816858768463135,-5.5083723068237305,13.145901679992676
chronos2,SLB,2014,2018,4,2.74585244829055,3.7672085762023926,-6.32725715637207,14.08869743347168
chronos2,SLB,2014,2019,5,1.74925244485951,3.4395041465759277,-7.550860404968262,14.094451904296875
chronos2,SLV,2014,2015,1,2.40000008852115,2.00700044631958,-1.038625717163086,4.776467323303223
chronos2,SLV,2014,2016,2,2.53906241135864,1.9429266452789307,-2.036717176437378,5.386602401733398
chronos2,SLV,2014,2017,3,2.24761908134138,1.9176183938980103,-2.6090261936187744,5.7763214111328125
chronos2,SLV,2014,2018,4,2.4124442237792,1.9489537477493286,-2.8786332607269287,6.0677056312561035
chronos2,SLV,2014,2019,5,2.43747159065784,1.9386664628982544,-3.327204465866089,6.408990859985352
chronos2,SWE,2014,2015,1,4.38824673608589,1.1128028631210327,-2.2023565769195557,4.039890766143799
chronos2,SWE,2014,2016,2,2.13117914731151,0.7436378002166748,-2.9202001094818115,3.8982787132263184
chronos2,SWE,2014,2017,3,1.88282184966646,0.4950520992279053,-3.2942473888397217,3.803302526473999
chronos2,SWE,2014,2018,4,1.7702553546772,0.5637688636779785,-3.2945587635040283,3.965132713317871
chronos2,SWE,2014,2019,5,2.60823012869524,0.6112136840820312,-3.4220430850982666,4.037657737731934
chronos2,SYC,2014,2015,1,8.9140088750469,3.913057565689087,-3.8180785179138184,11.858161926269531
chronos2,SYC,2014,2016,2,12.1175272453913,3.9676930904388428,-4.141875743865967,12.043790817260742
chronos2,SYC,2014,2017,3,6.95416218794271,3.90384840965271,-4.258743762969971,12.339767456054688
chronos2,SYC,2014,2018,4,4.93947272254312,4.0216593742370605,-4.4098896980285645,12.448123931884766
chronos2,SYC,2014,2019,5,5.5142920737342,3.962024211883545,-4.510214328765869,12.46520709991455
chronos2,TCD,2014,2015,1,3.30415979779805,2.9289612770080566,-2.7164344787597656,8.587189674377441
chronos2,TCD,2014,2016,2,-4.12250332637034,3.684495687484741,-2.170605182647705,10.025144577026367
chronos2,TCD,2014,2017,3,-1.61746922820204,4.404562950134277,-1.202834129333496,10.821051597595215
chronos2,TCD,2014,2018,4,5.74111580758154,4.519023418426514,-1.3613214492797852,11.335444450378418
chronos2,TCD,2014,2019,5,5.38282202874814,3.807344675064087,-3.268209934234619,12.135661125183105
chronos2,TGO,2014,2015,1,5.4680413807304,5.5652031898498535,0.6015844345092773,10.430291175842285
chronos2,TGO,2014,2016,2,4.21490387414525,5.062365531921387,-1.1286139488220215,11.062442779541016
chronos2,TGO,2014,2017,3,4.00791259566937,4.576442718505859,-2.350754737854004,11.451838493347168
chronos2,TGO,2014,2018,4,4.79518333086139,4.890823841094971,-2.452963352203369,12.221921920776367
chronos2,TGO,2014,2019,5,4.91949260488683,5.008179187774658,-2.382540225982666,12.535207748413086
chronos2,THA,2014,2015,1,3.13404724911635,2.5363993644714355,-2.111532688140869,6.933668613433838
chronos2,THA,2014,2016,2,3.43515771692182,2.5530669689178467,-2.5888009071350098,7.216636657714844
chronos2,THA,2014,2017,3,4.1776810321001,2.4440643787384033,-3.250919818878174,7.279356002807617
chronos2,THA,2014,2018,4,4.22287028746071,2.016152858734131,-3.660386562347412,7.110721111297607
chronos2,THA,2014,2019,5,2.11455779628278,1.6462159156799316,-4.3055806159973145,6.903186798095703
chronos2,TON,2014,2015,1,1.11374402398066,1.2526910305023193,-3.1727466583251953,5.660834789276123
chronos2,TON,2014,2016,2,6.59869879417958,1.3654687404632568,-3.3789525032043457,6.015203475952148
chronos2,TON,2014,2017,3,3.20231976224244,1.2846120595932007,-3.544346809387207,6.210519313812256
chronos2,TON,2014,2018,4,0.527828083180253,1.4103697538375854,-3.571915626525879,6.411624431610107
chronos2,TON,2014,2019,5,-0.285210784299821,1.443039894104004,-3.6912012100219727,6.4595160484313965
chronos2,TUN,2014,2015,1,0.967834205635981,2.9001052379608154,-0.7345561981201172,6.2308549880981445
chronos2,TUN,2014,2016,2,1.117231963992,2.932525157928467,-1.2877302169799805,6.679994583129883
chronos2,TUN,2014,2017,3,2.25261437620587,2.788717269897461,-1.9916696548461914,6.896794319152832
chronos2,TUN,2014,2018,4,2.60696965356362,2.7094435691833496,-2.565833568572998,7.294449806213379
chronos2,TUN,2014,2019,5,1.55009304966742,2.693549394607544,-2.927297592163086,7.6649627685546875
chronos2,TUR,2014,2015,1,5.80557386628684,5.352581977844238,-0.572547435760498,9.905742645263672
chronos2,TUR,2014,2016,2,3.32366508200445,5.365612030029297,-0.8012590408325195,9.831415176391602
chronos2,TUR,2014,2017,3,7.82585730002594,5.349357604980469,-0.9509978294372559,9.843822479248047
chronos2,TUR,2014,2018,4,3.46815306092219,5.323088645935059,-0.9682183265686035,9.929976463317871
chronos2,TUR,2014,2019,5,1.30162365464503,5.3244500160217285,-0.9793229103088379,9.91580581665039
chronos2,TZA,2014,2015,1,6.16062877406682,5.539491653442383,2.7501182556152344,8.07772445678711
chronos2,TZA,2014,2016,2,6.86711619644551,5.015460968017578,1.534092664718628,8.00844955444336
chronos2,TZA,2014,2017,3,6.72726996832438,4.4274420738220215,-0.02804875373840332,8.109665870666504
chronos2,TZA,2014,2018,4,5.50267599384966,3.8541946411132812,-2.140362024307251,7.99428653717041
chronos2,TZA,2014,2019,5,5.79999999996723,3.969667434692383,-1.4181702136993408,8.2377347946167
chronos2,UGA,2014,2015,1,5.18785986002466,5.962159633636475,1.1350984573364258,10.498886108398438
chronos2,UGA,2014,2016,2,4.78100029254482,6.329346179962158,0.7110381126403809,11.664548873901367
chronos2,UGA,2014,2017,3,3.13140551723596,6.559626579284668,0.2426142692565918,12.429868698120117
chronos2,UGA,2014,2018,4,6.30392378262997,6.539220809936523,-0.021702289581298828,13.015274047851562
chronos2,UGA,2014,2019,5,6.43874503276439,6.434211254119873,-0.6833858489990234,13.107892990112305
chronos2,UKR,2014,2015,1,-9.7729872128676,-10.918057441711426,-18.768884658813477,-4.444823265075684
chronos2,UKR,2014,2016,2,2.44098194492067,-12.973597526550293,-22.720170974731445,-5.081597805023193
chronos2,UKR,2014,2017,3,2.35997228099491,-14.762650489807129,-25.71881103515625,-5.3701677322387695
chronos2,UKR,2014,2018,4,3.48836234022659,-16.019001007080078,-27.39297866821289,-5.686132431030273
chronos2,UKR,2014,2019,5,3.19950386354134,-14.725624084472656,-27.21487045288086,-3.6837337017059326
chronos2,URY,2014,2015,1,0.370741257681345,3.305711269378662,-0.9965085983276367,7.186742782592773
chronos2,URY,2014,2016,2,1.68979822971775,3.229475975036621,-2.0148816108703613,7.9499664306640625
chronos2,URY,2014,2017,3,1.74037649141989,3.1568751335144043,-2.7018074989318848,8.451358795166016
chronos2,URY,2014,2018,4,0.164777608846705,3.168663501739502,-3.1120424270629883,8.915007591247559
chronos2,URY,2014,2019,5,0.928351027546341,3.154813766479492,-3.3787264823913574,8.983264923095703
chronos2,USA,2014,2015,1,2.94555045227337,1.9590601921081543,-0.4808506965637207,3.887634038925171
chronos2,USA,2014,2016,2,1.81945147909089,1.8660006523132324,-0.8043429851531982,3.915200710296631
chronos2,USA,2014,2017,3,2.45762230126449,1.8240067958831787,-1.0903196334838867,3.9860000610351562
chronos2,USA,2014,2018,4,2.96650506701943,1.8334306478500366,-1.22452974319458,4.110649108886719
chronos2,USA,2014,2019,5,2.58382533052225,1.8309577703475952,-1.265408992767334,4.2317047119140625
chronos2,VNM,2014,2015,1,6.98715430598611,6.892935276031494,5.223103046417236,8.350948333740234
chronos2,VNM,2014,2016,2,6.69000892660424,7.509942054748535,5.414730072021484,9.532930374145508
chronos2,VNM,2014,2017,3,6.94019037359206,7.860065937042236,5.371543884277344,10.334091186523438
chronos2,VNM,2014,2018,4,7.46500685572751,8.078886985778809,5.300146579742432,10.914466857910156
chronos2,VNM,2014,2019,5,7.35926270105006,8.069954872131348,5.111346244812012,11.186777114868164
chronos2,VUT,2014,2015,1,3.50101268962098,2.2329909801483154,-2.51754093170166,6.98399019241333
chronos2,VUT,2014,2016,2,3.61980830670927,2.438539743423462,-2.664992332458496,7.565578460693359
chronos2,VUT,2014,2017,3,4.22332192519966,2.6632027626037598,-2.6617541313171387,8.04020881652832
chronos2,VUT,2014,2018,4,2.51532789491979,2.8858373165130615,-2.5383782386779785,8.29926586151123
chronos2,VUT,2014,2019,5,3.27677257380314,2.830350160598755,-2.677943706512451,8.35041618347168
chronos2,ZAF,2014,2015,1,1.32186223678229,1.949072003364563,-0.9101057052612305,4.632877349853516
chronos2,ZAF,2014,2016,2,0.664552307858116,1.8499702215194702,-1.467130184173584,4.861238479614258
chronos2,ZAF,2014,2017,3,1.15794695181735,1.7343027591705322,-1.9842572212219238,4.907024383544922
chronos2,ZAF,2014,2018,4,1.55678384721676,1.6383358240127563,-2.2471537590026855,5.08857536315918
chronos2,ZAF,2014,2019,5,0.25993557687633,1.607263207435608,-2.554081916809082,5.160082817077637
chronos2,ABW,2019,2020,1,-23.9400592677491,2.9752159118652344,-1.6159660816192627,7.26576042175293
chronos2,ABW,2019,2021,2,14.833691976226,3.501284599304199,-1.9748151302337646,8.785595893859863
chronos2,ABW,2019,2022,3,10.6079607621246,3.51177978515625,-2.665083169937134,9.351231575012207
chronos2,ABW,2019,2023,4,9.51636022347185,3.7128429412841797,-2.8786509037017822,10.043193817138672
chronos2,ABW,2019,2024,5,6.81077669324554,4.449322700500488,-2.398244619369507,11.43947982788086
chronos2,ALB,2019,2020,1,-3.31375636888916,3.052316427230835,0.285780668258667,5.851165771484375
chronos2,ALB,2019,2021,2,8.96957619074095,3.27844500541687,-0.21584630012512207,6.609651565551758
chronos2,ALB,2019,2022,3,4.8268006234359,3.453787088394165,-0.6744496822357178,7.341560363769531
chronos2,ALB,2019,2023,4,4.01541716935742,3.5495924949645996,-1.2432196140289307,7.966883659362793
chronos2,ALB,2019,2024,5,4.04592845095348,3.3369481563568115,-1.9938061237335205,8.240808486938477
chronos2,AUS,2019,2020,1,-0.133531904304775,2.26326060295105,0.7983999252319336,3.498797655105591
chronos2,AUS,2019,2021,2,2.00694844335034,2.6402218341827393,1.0961217880249023,3.9741570949554443
chronos2,AUS,2019,2022,3,4.25304559238732,3.115251064300537,1.4842149019241333,4.599289894104004
chronos2,AUS,2019,2023,4,3.58382100798981,3.167273998260498,1.4838956594467163,4.764398574829102
chronos2,AUS,2019,2024,5,1.37340773365975,2.633054733276367,0.7902140617370605,4.320538520812988
chronos2,AUT,2019,2020,1,-6.31825509209936,1.9458515644073486,0.24219298362731934,3.4741251468658447
chronos2,AUT,2019,2021,2,4.92309171717903,1.9144558906555176,0.07324337959289551,3.5393238067626953
chronos2,AUT,2019,2022,3,5.33096379400371,1.8816475868225098,-0.11534428596496582,3.6330819129943848
chronos2,AUT,2019,2023,4,-0.786244288594673,1.8844356536865234,-0.27765488624572754,3.7199575901031494
chronos2,AUT,2019,2024,5,-0.659089573171372,1.8899247646331787,-0.36602234840393066,3.828287124633789
chronos2,BEL,2019,2020,1,-4.7929839083518,1.7906577587127686,-0.020277023315429688,3.5502817630767822
chronos2,BEL,2019,2021,2,6.25445686466593,1.785719394683838,-0.1755673885345459,3.6417293548583984
chronos2,BEL,2019,2022,3,4.02460852835887,1.7496460676193237,-0.38485074043273926,3.726346254348755
chronos2,BEL,2019,2023,4,1.56125539542029,1.713911533355713,-0.5610263347625732,3.833754539489746
chronos2,BEL,2019,2024,5,1.09775383828703,1.7076363563537598,-0.6173040866851807,3.963216781616211
chronos2,BEN,2019,2020,1,3.84879240030133,4.821030139923096,1.5566062927246094,7.652056694030762
chronos2,BEN,2019,2021,2,7.1554516457574,4.7488813400268555,1.323582649230957,7.683260917663574
chronos2,BEN,2019,2022,3,6.25294705373625,4.624553203582764,1.087254285812378,7.808479309082031
chronos2,BEN,2019,2023,4,6.3527773854442,4.669656276702881,1.0014944076538086,7.940258502960205
chronos2,BEN,2019,2024,5,7.45311566226201,4.760293006896973,1.0802881717681885,7.9393134117126465
chronos2,BFA,2019,2020,1,2.01077262406221,6.050079345703125,3.9148035049438477,8.036748886108398
chronos2,BFA,2019,2021,2,6.94252492572348,6.007822513580322,3.6069419384002686,8.318035125732422
chronos2,BFA,2019,2022,3,1.62673258211919,6.072393894195557,3.3671956062316895,8.664750099182129
chronos2,BFA,2019,2023,4,3.00027415814125,6.237354278564453,3.3170418739318848,8.985437393188477
chronos2,BFA,2019,2024,5,4.83395810163883,6.291099548339844,3.2480592727661133,9.173388481140137
chronos2,BGD,2019,2020,1,3.44801755122445,7.440308570861816,6.03007698059082,8.562604904174805
chronos2,BGD,2019,2021,2,6.93867912442445,7.408416748046875,5.908181190490723,8.66984748840332
chronos2,BGD,2019,2022,3,7.09982877575158,7.440486907958984,5.815946578979492,8.848682403564453
chronos2,BGD,2019,2023,4,5.77511237007889,7.493204116821289,5.682778835296631,8.984450340270996
chronos2,BGD,2019,2024,5,4.22325911250161,7.533201217651367,5.619001388549805,9.184389114379883
chronos2,BGR,2019,2020,1,-3.13323543125917,3.7109122276306152,0.0773383378982544,6.655282020568848
chronos2,BGR,2019,2021,2,7.82817310703665,3.599034309387207,-1.2996281385421753,7.6881022453308105
chronos2,BGR,2019,2022,3,4.08386398118941,3.6454405784606934,-2.3531150817871094,8.757270812988281
chronos2,BGR,2019,2023,4,1.68151075832925,4.011828899383545,-2.6109938621520996,9.653135299682617
chronos2,BGR,2019,2024,5,3.38708962009333,4.106358051300049,-3.032345771789551,10.107460021972656
chronos2,BHR,2019,2020,1,-5.9113629524152,3.7990405559539795,1.1365649700164795,6.326113700866699
chronos2,BHR,2019,2021,2,4.35004091668986,3.729887008666992,0.5759310722351074,6.789013862609863
chronos2,BHR,2019,2022,3,6.18016125475185,3.6108179092407227,0.1483592987060547,7.007822036743164
chronos2,BHR,2019,2023,4,3.87811614845566,3.5769739151000977,-0.1338663101196289,7.246483325958252
chronos2,BHR,2019,2024,5,2.89710543153512,3.766752243041992,-0.20880126953125,7.581730842590332
chronos2,BHS,2019,2020,1,-20.0893664891399,-0.2537856101989746,-5.626274108886719,4.389102458953857
chronos2,BHS,2019,2021,2,17.5861390037409,-0.23679256439208984,-6.279783248901367,5.0361528396606445
chronos2,BHS,2019,2022,3,10.8779009410268,-0.24053335189819336,-6.78749942779541,5.328788757324219
chronos2,BHS,2019,2023,4,3.04824180553773,-0.4610617160797119,-7.31751823425293,5.457217693328857
chronos2,BHS,2019,2024,5,3.37866553336166,-0.3926279544830322,-7.313847541809082,5.540242671966553
chronos2,BLZ,2019,2020,1,-13.5228997055506,3.3391857147216797,-1.655390739440918,8.32011604309082
chronos2,BLZ,2019,2021,2,17.9899244143607,3.2736735343933105,-2.3002872467041016,8.774365425109863
chronos2,BLZ,2019,2022,3,9.25051329530994,3.227116107940674,-2.6455979347229004,8.9675874710083
chronos2,BLZ,2019,2023,4,0.500127941638667,3.257847309112549,-2.740422248840332,9.35678768157959
chronos2,BLZ,2019,2024,5,3.50466435023895,3.5192179679870605,-2.8889846801757812,9.810895919799805
chronos2,BOL,2019,2020,1,-12.7194690092717,1.9746859073638916,-0.5918643474578857,4.328060150146484
chronos2,BOL,2019,2021,2,10.0290488827886,1.6904627084732056,-1.5322849750518799,4.56343936920166
chronos2,BOL,2019,2022,3,3.74741781241461,1.4499578475952148,-2.534510374069214,4.765941619873047
chronos2,BOL,2019,2023,4,2.51636590154891,1.394829273223877,-2.9949276447296143,5.130832672119141
chronos2,BOL,2019,2024,5,-1.12335595517212,1.3243401050567627,-3.4753658771514893,5.256996154785156
chronos2,BRA,2019,2020,1,-3.2767587964736,1.4178240299224854,-2.5693628787994385,5.225503444671631
chronos2,BRA,2019,2021,2,4.76260437908608,1.3620460033416748,-3.379366636276245,5.651312351226807
chronos2,BRA,2019,2022,3,3.01669435393015,1.13966965675354,-4.13613224029541,5.7246856689453125
chronos2,BRA,2019,2023,4,3.24165532906981,1.0128636360168457,-4.429570198059082,6.0543622970581055
chronos2,BRA,2019,2024,5,3.41931516501906,1.0029466152191162,-4.797757148742676,6.288266181945801
chronos2,BRN,2019,2020,1,1.1335733495246,1.1063777208328247,-3.590747117996216,5.870621681213379
chronos2,BRN,2019,2021,2,-1.59076260099606,1.2040438652038574,-4.064670562744141,6.251528739929199
chronos2,BRN,2019,2022,3,-1.62833154515108,1.2753255367279053,-4.385148048400879,6.826990127563477
chronos2,BRN,2019,2023,4,1.12764418162719,1.4669620990753174,-4.390734672546387,7.330526351928711
chronos2,BRN,2019,2024,5,4.05251709306727,1.3887468576431274,-4.765286445617676,7.755788803100586
chronos2,BTN,2019,2020,1,-10.2183974208569,5.550577640533447,2.2175521850585938,8.993958473205566
chronos2,BTN,2019,2021,2,4.42136738945015,5.627329349517822,1.95477294921875,9.58113956451416
chronos2,BTN,2019,2022,3,5.21386783786224,5.664966106414795,1.5308747291564941,10.222615242004395
chronos2,BTN,2019,2023,4,4.63215702969933,5.7878570556640625,1.270413875579834,10.906160354614258
chronos2,BTN,2019,2024,5,7.49856206754038,5.883350372314453,1.35972261428833,11.189420700073242
chronos2,BWA,2019,2020,1,-8.72888243996397,3.510080337524414,-1.8951611518859863,9.15512752532959
chronos2,BWA,2019,2021,2,11.9162724376008,3.6868162155151367,-2.1561732292175293,9.781675338745117
chronos2,BWA,2019,2022,3,5.48601706446772,3.542365074157715,-2.7792458534240723,9.755847930908203
chronos2,BWA,2019,2023,4,3.20806812224438,3.6138906478881836,-2.890227794647217,10.237926483154297
chronos2,BWA,2019,2024,5,-2.77988981666252,3.800706386566162,-2.781798839569092,10.600196838378906
chronos2,CAF,2019,2020,1,0.899999996857062,3.168832302093506,-2.275350570678711,6.746937274932861
chronos2,CAF,2019,2021,2,0.982919996264229,2.8743245601654053,-3.6799025535583496,6.952564716339111
chronos2,CAF,2019,2022,3,0.453901876447787,2.8828649520874023,-4.205885887145996,6.998687267303467
chronos2,CAF,2019,2023,4,0.69996840076054,2.966219663619995,-3.3870582580566406,6.846274375915527
chronos2,CAF,2019,2024,5,1.49999999847535,2.983121395111084,-3.1713156700134277,6.82110595703125
chronos2,CAN,2019,2020,1,-5.03823342794087,2.333559989929199,0.6740708351135254,3.7740612030029297
chronos2,CAN,2019,2021,2,5.95052804984759,2.4887733459472656,0.6428318023681641,4.054635047912598
chronos2,CAN,2019,2022,3,4.69541985045903,2.2285666465759277,0.14529871940612793,4.064439296722412
chronos2,CAN,2019,2023,4,1.95308552199025,2.1068520545959473,-0.16004705429077148,4.115368366241455
chronos2,CAN,2019,2024,5,2.04626605401701,2.7010645866394043,0.4022712707519531,4.751899242401123
chronos2,CHE,2019,2020,1,-2.2552579425106,1.8301796913146973,-0.4694244861602783,4.036991119384766
chronos2,CHE,2019,2021,2,6.17622836050151,1.7573866844177246,-0.7610869407653809,4.132245063781738
chronos2,CHE,2019,2022,3,3.53430286842426,1.8986071348190308,-0.787266731262207,4.329892635345459
chronos2,CHE,2019,2023,4,0.825560934124624,1.812835931777954,-0.899552583694458,4.347995758056641
chronos2,CHE,2019,2024,5,1.39033363875791,1.9290337562561035,-0.8849093914031982,4.495556354522705
chronos2,CHL,2019,2020,1,-6.1396969411886,2.417930841445923,-1.9125008583068848,6.085348129272461
chronos2,CHL,2019,2021,2,11.3374032409913,2.263766050338745,-2.744935989379883,6.29594612121582
chronos2,CHL,2019,2022,3,2.06391864254198,2.231822967529297,-3.3279051780700684,6.587830543518066
chronos2,CHL,2019,2023,4,0.677024831595858,2.220585346221924,-3.8956189155578613,6.903461456298828
chronos2,CHL,2019,2024,5,2.80512637106611,2.0765180587768555,-4.273858547210693,7.055608749389648
chronos2,CHN,2019,2020,1,2.33950385203023,6.321071147918701,4.694904327392578,7.744167804718018
chronos2,CHN,2019,2021,2,8.57038414981781,6.11034631729126,4.036497116088867,7.913379669189453
chronos2,CHN,2019,2022,3,3.13385438394069,5.9629974365234375,3.589705467224121,8.15092658996582
chronos2,CHN,2019,2023,4,5.41600334492955,5.839353561401367,3.1199240684509277,8.319984436035156
chronos2,CHN,2019,2024,5,4.95830378788091,5.774304389953613,2.444284439086914,8.597074508666992
chronos2,CIV,2019,2020,1,0.699728593494228,7.8951263427734375,2.4152722358703613,12.828325271606445
chronos2,CIV,2019,2021,2,7.06253713446816,8.223033905029297,2.188502550125122,13.788442611694336
chronos2,CIV,2019,2022,3,6.39988362730921,8.500251770019531,1.9529173374176025,14.595529556274414
chronos2,CIV,2019,2023,4,6.60000045209176,8.93822956085205,2.109583616256714,15.370899200439453
chronos2,CIV,2019,2024,5,6.0195346193922,8.73025894165039,1.5157747268676758,15.350967407226562
chronos2,CMR,2019,2020,1,0.259932915907115,3.8881936073303223,2.282372236251831,5.739835262298584
chronos2,CMR,2019,2021,2,3.33885747179505,3.8610665798187256,1.7606035470962524,6.024487495422363
chronos2,CMR,2019,2022,3,3.7367840056412,3.910545587539673,1.2936010360717773,6.393466949462891
chronos2,CMR,2019,2023,4,3.34756290750219,3.9763259887695312,1.2226195335388184,6.726165771484375
chronos2,CMR,2019,2024,5,3.52472308052245,4.045980930328369,1.1421773433685303,7.072997093200684
chronos2,COG,2019,2020,1,-6.26777227963225,2.5621461868286133,-4.310522556304932,9.20280647277832
chronos2,COG,2019,2021,2,1.01507036990908,2.80596923828125,-4.573052883148193,9.86767578125
chronos2,COG,2019,2022,3,1.47535613247133,2.9456424713134766,-4.902885913848877,10.382580757141113
chronos2,COG,2019,2023,4,1.90686426346754,2.1049280166625977,-5.992250919342041,9.647993087768555
chronos2,COG,2019,2024,5,2.09998918002519,1.7012197971343994,-6.6250224113464355,9.429910659790039
chronos2,COL,2019,2020,1,-7.18591413760859,3.9585859775543213,1.6609675884246826,6.260295867919922
chronos2,COL,2019,2021,2,10.8011981904878,4.478719711303711,1.9592697620391846,7.047815799713135
chronos2,COL,2019,2022,3,7.32827729427979,4.476691246032715,1.8027567863464355,7.231867790222168
chronos2,COL,2019,2023,4,0.841819555752039,4.398921489715576,1.5536587238311768,7.339923858642578
chronos2,COL,2019,2024,5,1.49330728771066,4.194829940795898,1.194498062133789,7.214580535888672
chronos2,COM,2019,2020,1,-0.195556841918759,3.1489908695220947,0.2938830852508545,5.415772914886475
chronos2,COM,2019,2021,2,2.04245238320844,3.081859827041626,-0.11073160171508789,5.582491874694824
chronos2,COM,2019,2022,3,2.45381174550259,3.0400571823120117,-0.4343597888946533,5.768429756164551
chronos2,COM,2019,2023,4,3.1866131800554,3.003178596496582,-0.6243627071380615,5.896613121032715
chronos2,COM,2019,2024,5,3.30071498500033,3.045051097869873,-0.7163863182067871,6.028241157531738
chronos2,CRI,2019,2020,1,-4.14159340574358,3.483889102935791,0.8236372470855713,6.005769729614258
chronos2,CRI,2019,2021,2,8.21817953969082,3.489561080932617,0.5405793190002441,6.207823753356934
chronos2,CRI,2019,2022,3,5.46119455235068,3.371241569519043,0.14266490936279297,6.235870361328125
chronos2,CRI,2019,2023,4,4.79187732359398,3.209378242492676,-0.1912369728088379,6.3502302169799805
chronos2,CRI,2019,2024,5,4.08292444182048,3.277776002883911,-0.3125491142272949,6.4908671379089355
chronos2,CYP,2019,2020,1,-3.22063018637567,6.0992536544799805,2.2637481689453125,9.652215003967285
chronos2,CYP,2019,2021,2,11.3975590801512,5.628294467926025,0.5596714019775391,10.430795669555664
chronos2,CYP,2019,2022,3,8.73854684881674,5.759184837341309,-0.06986236572265625,11.265621185302734
chronos2,CYP,2019,2023,4,3.62045368236082,5.87082576751709,-0.5375280380249023,11.899288177490234
chronos2,CYP,2019,2024,5,3.94076934447787,5.7308454513549805,-0.9578614234924316,12.364574432373047
chronos2,DEU,2019,2020,1,-4.13191443239947,1.5578538179397583,-0.9080424308776855,3.919915199279785
chronos2,DEU,2019,2021,2,3.90999994204108,1.4915655851364136,-1.1273024082183838,3.97824764251709
chronos2,DEU,2019,2022,3,1.8092581243061,1.529588222503662,-1.2831668853759766,4.089875221252441
chronos2,DEU,2019,2023,4,-0.869647578573321,1.411293625831604,-1.4421374797821045,4.004929542541504
chronos2,DEU,2019,2024,5,-0.495851897260366,1.3503929376602173,-1.5673503875732422,4.000793933868408
chronos2,DNK,2019,2020,1,-1.78010601831291,1.6372578144073486,-0.9972898960113525,3.9429590702056885
chronos2,DNK,2019,2021,2,6.50025445756295,1.5915992259979248,-1.251612901687622,4.000263690948486
chronos2,DNK,2019,2022,3,0.443832614908331,1.5216844081878662,-1.4921879768371582,4.034756183624268
chronos2,DNK,2019,2023,4,0.604587766175584,1.5111092329025269,-1.5973470211029053,4.164233207702637
chronos2,DNK,2019,2024,5,3.47783593140312,1.5753612518310547,-1.574481725692749,4.319207191467285
chronos2,DOM,2019,2020,1,-7.92905234231061,5.337285041809082,1.1399173736572266,9.477633476257324
chronos2,DOM,2019,2021,2,14.0124289062207,5.262807369232178,0.7878103256225586,9.684061050415039
chronos2,DOM,2019,2022,3,5.23795652902595,5.28395938873291,0.6245379447937012,9.828268051147461
chronos2,DOM,2019,2023,4,2.19229848237939,5.292647361755371,0.5919637680053711,9.85287857055664
chronos2,DOM,2019,2024,5,4.95352204492849,5.282261848449707,0.5039830207824707,9.933012008666992
chronos2,DZA,2019,2020,1,-4.99999999908597,1.8697283267974854,-0.05661940574645996,3.6695611476898193
chronos2,DZA,2019,2021,2,3.79999999900707,1.7617809772491455,-0.5022656917572021,3.8179643154144287
chronos2,DZA,2019,2022,3,3.60000000094915,1.8863128423690796,-0.658560037612915,4.199429512023926
chronos2,DZA,2019,2023,4,4.10000000005964,1.899409294128418,-0.8095405101776123,4.418025016784668
chronos2,DZA,2019,2024,5,3.69999999907979,2.0747201442718506,-0.9310548305511475,4.876339435577393
chronos2,ECU,2019,2020,1,-9.24509619165865,2.379134178161621,-1.8815901279449463,6.325013160705566
chronos2,ECU,2019,2021,2,9.42189269033631,2.5620408058166504,-2.134160280227661,6.879517555236816
chronos2,ECU,2019,2022,3,5.86842354862311,2.830690383911133,-2.1573164463043213,7.480875492095947
chronos2,ECU,2019,2023,4,1.8328406107788,3.1332268714904785,-2.020646810531616,8.031526565551758
chronos2,ECU,2019,2024,5,-1.94409022506859,3.507317304611206,-1.8471224308013916,8.580682754516602
chronos2,EGY,2019,2020,1,3.55016483883115,5.392881393432617,3.0254814624786377,7.780851364135742
chronos2,EGY,2019,2021,2,3.29064601193245,5.20429801940918,2.412321090698242,8.063152313232422
chronos2,EGY,2019,2022,3,6.58784560870467,5.311222553253174,2.1501359939575195,8.512880325317383
chronos2,EGY,2019,2023,4,3.76028052279247,5.157139778137207,1.7538118362426758,8.589447021484375
chronos2,EGY,2019,2024,5,2.3991692678251,5.25629186630249,1.6995275020599365,8.865433692932129
chronos2,ESP,2019,2020,1,-10.9400706350371,1.7924164533615112,-0.6889288425445557,4.127886772155762
chronos2,ESP,2019,2021,2,6.68314420473001,1.644606590270996,-1.5739428997039795,4.630801200866699
chronos2,ESP,2019,2022,3,6.37031712129601,1.2169151306152344,-2.6122124195098877,4.588356018066406
chronos2,ESP,2019,2023,4,2.46085796805582,0.9618031978607178,-3.1511809825897217,4.823751926422119
chronos2,ESP,2019,2024,5,3.45525405630191,0.765920877456665,-3.779093027114868,4.994386196136475
chronos2,FIN,2019,2020,1,-2.49103605535707,2.2347803115844727,-1.2533040046691895,5.221494674682617
chronos2,FIN,2019,2021,2,2.67634641498897,2.219658136367798,-1.6631183624267578,5.52346134185791
chronos2,FIN,2019,2022,3,0.763041912763526,2.2580323219299316,-1.9274044036865234,5.776184558868408
chronos2,FIN,2019,2023,4,-1.28973484453397,1.9327459335327148,-2.5394182205200195,5.630908489227295
chronos2,FIN,2019,2024,5,0.374566568538427,1.9405243396759033,-2.699880599975586,5.762637615203857
chronos2,FJI,2019,2020,1,-17.1835352599354,2.410569906234741,-1.9046697616577148,6.590331077575684
chronos2,FJI,2019,2021,2,-4.3459619989752,1.980100393295288,-2.499634265899658,6.367640018463135
chronos2,FJI,2019,2022,3,17.7451269773594,1.986051321029663,-2.79215669631958,6.526037216186523
chronos2,FJI,2019,2023,4,9.44245856738313,2.0211594104766846,-2.932929039001465,6.689936637878418
chronos2,FJI,2019,2024,5,3.53085896076352,1.9368149042129517,-3.0052032470703125,6.726806640625
chronos2,FRA,2019,2020,1,-7.44064589948231,1.5483478307724,-0.3543999195098877,3.3098020553588867
chronos2,FRA,2019,2021,2,6.88233783360239,1.4711809158325195,-0.6628336906433105,3.4327549934387207
chronos2,FRA,2019,2022,3,2.71676264185913,1.3746110200881958,-0.99794602394104,3.458207607269287
chronos2,FRA,2019,2023,4,1.43921494437743,1.301139235496521,-1.1373608112335205,3.5496087074279785
chronos2,FRA,2019,2024,5,1.19046798275883,1.2941367626190186,-1.2516591548919678,3.6198537349700928
chronos2,GAB,2019,2020,1,-1.8377610635094,3.4482150077819824,-1.5015830993652344,7.799030303955078
chronos2,GAB,2019,2021,2,1.46795731508091,3.7559053897857666,-2.5571036338806152,9.059402465820312
chronos2,GAB,2019,2022,3,3.03761449525692,3.6487457752227783,-3.473483085632324,10.795495986938477
chronos2,GAB,2019,2023,4,2.43893665041031,3.812748670578003,-4.778872489929199,13.367284774780273
chronos2,GAB,2019,2024,5,3.39403899521831,3.856996774673462,-5.55095100402832,15.920692443847656
chronos2,GBR,2019,2020,1,-10.047896637362,1.980924367904663,-0.143629789352417,3.8530731201171875
chronos2,GBR,2019,2021,2,8.5431118453255,1.9960812330245972,-0.28031468391418457,3.9501116275787354
chronos2,GBR,2019,2022,3,5.14970388522993,1.9916608333587646,-0.3922233581542969,4.019717216491699
chronos2,GBR,2019,2023,4,0.271650048355255,1.9843751192092896,-0.544194221496582,4.113320350646973
chronos2,GBR,2019,2024,5,1.08027716858781,1.972668170928955,-0.5568504333496094,4.202786922454834
chronos2,GEO,2019,2020,1,-6.2904717853839,4.785519599914551,-0.5999259948730469,8.022212982177734
chronos2,GEO,2019,2021,2,10.6442336580969,5.084453582763672,-0.16711640357971191,8.337336540222168
chronos2,GEO,2019,2022,3,10.9585321385624,4.7758893966674805,-1.6910510063171387,8.698806762695312
chronos2,GEO,2019,2023,4,7.83220126555726,4.845739364624023,-2.347780704498291,8.960220336914062
chronos2,GEO,2019,2024,5,9.67979379712661,1.9185048341751099,-15.342305183410645,7.995224475860596
chronos2,GHA,2019,2020,1,0.513941670628171,5.202424049377441,1.8875592947006226,9.04439926147461
chronos2,GHA,2019,2021,2,5.07646643533542,4.839650630950928,0.9687528610229492,8.85685920715332
chronos2,GHA,2019,2022,3,3.80484978178042,4.820673942565918,0.6680600643157959,9.236856460571289
chronos2,GHA,2019,2023,4,3.14009100080186,5.047635078430176,0.7141499519348145,9.85319709777832
chronos2,GHA,2019,2024,5,5.84746854280382,5.055273056030273,0.40303635597229004,10.313591003417969
chronos2,GMB,2019,2020,1,0.591487287873974,3.703881025314331,-1.0109851360321045,8.295793533325195
chronos2,GMB,2019,2021,2,5.25596878816744,3.821477174758911,-1.0247838497161865,8.482664108276367
chronos2,GMB,2019,2022,3,5.49299823010114,3.838040828704834,-1.1685941219329834,8.690714836120605
chronos2,GMB,2019,2023,4,5.91679576551141,3.860290765762329,-1.2630846500396729,8.74028491973877
chronos2,GMB,2019,2024,5,5.55126065805138,3.860325813293457,-1.209197759628296,8.709356307983398
chronos2,GNB,2019,2020,1,2.89149979806913,3.89162278175354,0.21513748168945312,7.338335990905762
chronos2,GNB,2019,2021,2,5.0173096003907,3.9746711254119873,-0.14470839500427246,7.770825386047363
chronos2,GNB,2019,2022,3,5.45776090019501,4.001338005065918,-0.4937267303466797,8.071561813354492
chronos2,GNB,2019,2023,4,4.63052364601562,4.005983352661133,-0.9768762588500977,8.505548477172852
chronos2,GNB,2019,2024,5,4.40920107183611,3.884019374847412,-1.2506303787231445,8.544032096862793
chronos2,GRC,2019,2020,1,-9.19623149726978,1.076812982559204,-3.4736616611480713,4.699656963348389
chronos2,GRC,2019,2021,2,8.65449786002131,0.27978062629699707,-5.565059661865234,4.830328464508057
chronos2,GRC,2019,2022,3,5.52198580589408,-0.16269397735595703,-7.504720687866211,5.165465354919434
chronos2,GRC,2019,2023,4,2.13591131996631,0.30170202255249023,-7.439801216125488,6.099125862121582
chronos2,GRC,2019,2024,5,2.0865743380603,0.6922557353973389,-7.2900800704956055,6.881246566772461
chronos2,GTM,2019,2020,1,-1.78555117570465,3.790771007537842,2.3819024562835693,5.274625301361084
chronos2,GTM,2019,2021,2,8.04170398855833,3.7867417335510254,2.052976608276367,5.408757209777832
chronos2,GTM,2019,2022,3,4.15492196609047,3.721273899078369,1.6374576091766357,5.607972145080566
chronos2,GTM,2019,2023,4,3.52430434049013,3.6825480461120605,1.2361528873443604,5.782182693481445
chronos2,GTM,2019,2024,5,3.71558453779777,3.6090972423553467,0.887531042098999,5.9382500648498535
chronos2,HKG,2019,2020,1,-6.54479640529367,1.0195493698120117,-4.048665523529053,5.663804531097412
chronos2,HKG,2019,2021,2,6.45443038333934,1.2317285537719727,-4.106257915496826,6.076628684997559
chronos2,HKG,2019,2022,3,-3.68528359281325,-0.6550946235656738,-6.695061206817627,4.907648086547852
chronos2,HKG,2019,2023,4,3.15034461759902,0.7238483428955078,-5.38707971572876,6.355802059173584
chronos2,HKG,2019,2024,5,2.62936861207362,0.791682243347168,-5.4499640464782715,6.489072799682617
chronos2,HND,2019,2020,1,-8.96508223267296,3.5465941429138184,0.6122550964355469,6.518542766571045
chronos2,HND,2019,2021,2,12.5652843771279,3.443392276763916,0.06135702133178711,6.713531494140625
chronos2,HND,2019,2022,3,4.14356194013767,3.4673519134521484,-0.48573970794677734,7.356049060821533
chronos2,HND,2019,2023,4,3.57584760454412,3.345472574234009,-0.979945182800293,8.122594833374023
chronos2,HND,2019,2024,5,3.63240745450875,3.3623228073120117,-1.4198408126831055,9.220052719116211
chronos2,HTI,2019,2020,1,-3.30550546965893,1.5593069791793823,-2.9059200286865234,5.99132776260376
chronos2,HTI,2019,2021,2,-1.79823988931486,1.576431393623352,-3.019784450531006,6.069406509399414
chronos2,HTI,2019,2022,3,-1.68198396897978,1.620041012763977,-3.109455108642578,6.16929817199707
chronos2,HTI,2019,2023,4,-1.86388420254838,1.657887578010559,-3.2657456398010254,6.389726638793945
chronos2,HTI,2019,2024,5,-4.18495104762965,1.671852946281433,-3.259005069732666,6.469289779663086
chronos2,HUN,2019,2020,1,-4.33872540024058,4.2547287940979,2.2437407970428467,6.718422889709473
chronos2,HUN,2019,2021,2,7.22291580811137,4.32928466796875,1.7451188564300537,7.226822853088379
chronos2,HUN,2019,2022,3,4.15238057779229,4.3309125900268555,1.5676405429840088,7.456301212310791
chronos2,HUN,2019,2023,4,-0.817107370513455,4.335407733917236,1.4664177894592285,7.579118251800537
chronos2,HUN,2019,2024,5,0.709070599066038,4.267355918884277,1.2713205814361572,7.967711448669434
chronos2,IDN,2019,2020,1,-2.06551182934165,4.9947662353515625,3.9314141273498535,5.926581382751465
chronos2,IDN,2019,2021,2,3.70288562827751,4.900123596191406,3.609118700027466,5.963391304016113
chronos2,IDN,2019,2022,3,5.30719722664799,4.876440048217773,3.2388696670532227,6.116420269012451
chronos2,IDN,2019,2023,4,5.04883117855516,4.849257946014404,2.8946337699890137,6.293736457824707
chronos2,IDN,2019,2024,5,5.03257477088519,4.8059492111206055,2.663618564605713,6.4226179122924805
chronos2,IND,2019,2020,1,-5.77772470687303,7.096077919006348,3.9754624366760254,8.77302074432373
chronos2,IND,2019,2021,2,9.68959249191741,7.050929069519043,3.8934645652770996,8.757644653320312
chronos2,IND,2019,2022,3,7.6093649776932,7.065618515014648,3.756594181060791,8.774229049682617
chronos2,IND,2019,2023,4,7.210224629335,7.113697052001953,3.8733577728271484,8.834541320800781
chronos2,IND,2019,2024,5,7.09927893176518,7.075217247009277,3.768369674682617,8.829208374023438
chronos2,IRL,2019,2020,1,7.15369505735335,6.053014278411865,1.3777999877929688,11.084264755249023
chronos2,IRL,2019,2021,2,16.2581881158197,5.916107177734375,1.154876947402954,11.10783576965332
chronos2,IRL,2019,2022,3,7.51113888415304,5.686901569366455,0.7368526458740234,10.985061645507812
chronos2,IRL,2019,2023,4,-2.53637409313261,5.812112331390381,0.7497477531433105,11.223506927490234
chronos2,IRL,2019,2024,5,2.59946721553708,6.378519535064697,1.183659315109253,11.836505889892578
chronos2,IRN,2019,2020,1,4.44180865358672,1.479933738708496,-6.215285778045654,9.068770408630371
chronos2,IRN,2019,2021,2,4.13089685034471,0.7911632061004639,-7.843944072723389,9.17180061340332
chronos2,IRN,2019,2022,3,4.35281087521344,0.40357136726379395,-9.277109146118164,9.4227294921875
chronos2,IRN,2019,2023,4,5.33235116079808,0.46794581413269043,-9.716651916503906,10.226637840270996
chronos2,IRN,2019,2024,5,3.66312057949303,0.6384210586547852,-10.196542739868164,10.84404182434082
chronos2,IRQ,2019,2020,1,-12.0367930960454,6.77010440826416,1.035334587097168,13.150510787963867
chronos2,IRQ,2019,2021,2,1.5021807095434,5.767232894897461,-0.7667074203491211,12.067157745361328
chronos2,IRQ,2019,2022,3,7.95904804990212,6.276024341583252,-0.4421830177307129,13.78320026397705
chronos2,IRQ,2019,2023,4,0.517705525140073,5.7972187995910645,-2.2189693450927734,15.929336547851562
chronos2,IRQ,2019,2024,5,-1.54525198319173,7.751674175262451,-1.8551511764526367,21.2026424407959
chronos2,ISL,2019,2020,1,-6.64587810456635,2.316310405731201,-2.6620447635650635,6.9868059158325195
chronos2,ISL,2019,2021,2,5.18057190719905,2.63706111907959,-3.0041091442108154,7.856011390686035
chronos2,ISL,2019,2022,3,8.85729897856851,2.7865681648254395,-3.1576125621795654,8.34665584564209
chronos2,ISL,2019,2023,4,5.0322597376242,3.1730053424835205,-3.0191972255706787,8.888055801391602
chronos2,ISL,2019,2024,5,-1.2828764442695,3.4353132247924805,-2.7932116985321045,9.294109344482422
chronos2,ISR,2019,2020,1,-1.80206927953466,3.641240119934082,1.1383719444274902,6.17963171005249
chronos2,ISR,2019,2021,2,9.33534690236249,3.310408592224121,0.6322298049926758,6.100768566131592
chronos2,ISR,2019,2022,3,6.36407234798706,2.972947359085083,0.015874385833740234,6.002338886260986
chronos2,ISR,2019,2023,4,2.06272504731618,2.7345571517944336,-0.4786567687988281,6.059027671813965
chronos2,ISR,2019,2024,5,0.953618469238535,2.4340243339538574,-0.991356372833252,5.995144844055176
chronos2,ITA,2019,2020,1,-8.86822122185345,0.1366896629333496,-2.0047502517700195,1.9615740776062012
chronos2,ITA,2019,2021,2,8.93106210800055,0.14249849319458008,-2.3958473205566406,2.3227503299713135
chronos2,ITA,2019,2022,3,4.82117669913565,0.032764434814453125,-2.854092597961426,2.438889265060425
chronos2,ITA,2019,2023,4,0.922796543670316,-0.061339616775512695,-3.157832145690918,2.5735104084014893
chronos2,ITA,2019,2024,5,0.783039135276795,-0.0935673713684082,-3.317729949951172,2.662893295288086
chronos2,JPN,2019,2020,1,-4.28327942675573,0.3699526786804199,-2.236696720123291,2.757786750793457
chronos2,JPN,2019,2021,2,3.56419531474475,0.3310890197753906,-2.538367748260498,2.9929118156433105
chronos2,JPN,2019,2022,3,1.33164750653741,0.3266322612762451,-2.961361885070801,3.1992363929748535
chronos2,JPN,2019,2023,4,0.720785304749811,0.26208019256591797,-3.3940467834472656,3.5105018615722656
chronos2,JPN,2019,2024,5,-0.240084236041696,0.21950888633728027,-3.6011781692504883,3.732400417327881
chronos2,KEN,2019,2020,1,-0.272766327438816,4.861740589141846,2.305492639541626,7.554516792297363
chronos2,KEN,2019,2021,2,7.59048947333467,4.809553146362305,1.60321044921875,7.815173149108887
chronos2,KEN,2019,2022,3,4.85998104287999,4.545653820037842,1.0892820358276367,7.864363670349121
chronos2,KEN,2019,2023,4,5.71999241214208,4.851971626281738,1.2692890167236328,8.287857055664062
chronos2,KEN,2019,2024,5,4.66019594571891,4.756827354431152,0.9329814910888672,8.437273979187012
chronos2,KGZ,2019,2020,1,-7.14897757727955,4.312000274658203,-0.05745673179626465,8.468693733215332
chronos2,KGZ,2019,2021,2,5.50700762671923,4.287100791931152,-1.3574025630950928,9.509214401245117
chronos2,KGZ,2019,2022,3,8.96750520041391,4.042891979217529,-2.6713342666625977,10.066650390625
chronos2,KGZ,2019,2023,4,9.0132928339342,4.076786994934082,-3.45291805267334,10.490761756896973
chronos2,KGZ,2019,2024,5,11.5397119406559,3.9143524169921875,-4.073990345001221,11.016629219055176
chronos2,KHM,2019,2020,1,-3.55572193406549,7.656370162963867,5.606266021728516,9.884260177612305
chronos2,KHM,2019,2021,2,3.08984284148661,7.723999977111816,5.420881271362305,9.963634490966797
chronos2,KHM,2019,2022,3,5.12990110773977,7.620882034301758,5.010404586791992,10.2239990234375
chronos2,KHM,2019,2023,4,5.00733043811898,7.658496856689453,4.621798992156982,10.483834266662598
chronos2,KHM,2019,2024,5,6.0158145735202,7.633997440338135,4.078817844390869,10.865691184997559
chronos2,KOR,2019,2020,1,-0.700242317542106,2.1338400840759277,0.1347794532775879,3.8696210384368896
chronos2,KOR,2019,2021,2,4.61296795454287,1.9963665008544922,-0.16808176040649414,3.8349101543426514
chronos2,KOR,2019,2022,3,2.72756456708991,1.8415369987487793,-0.5876107215881348,3.787097692489624
chronos2,KOR,2019,2023,4,1.58301467403629,1.6556110382080078,-0.9635281562805176,3.8809783458709717
chronos2,KOR,2019,2024,5,2.00361101838986,1.5410971641540527,-1.1992859840393066,4.003354072570801
chronos2,KWT,2019,2020,1,-4.81731593381585,-2.5767412185668945,-13.892969131469727,6.403994560241699
chronos2,KWT,2019,2021,2,1.67213054307859,-5.126911163330078,-17.992982864379883,4.793288230895996
chronos2,KWT,2019,2022,3,6.75866711966617,6.13836669921875,-4.605007648468018,16.69544219970703
chronos2,KWT,2019,2023,4,-1.64087799968877,8.292092323303223,-2.805814743041992,19.538848876953125
chronos2,KWT,2019,2024,5,-1.47401818168846,-0.9522092342376709,-12.366966247558594,8.624547958374023
chronos2,LBY,2019,2020,1,-29.4552967282824,1.4023537635803223,-17.57300567626953,21.447717666625977
chronos2,LBY,2019,2021,2,28.2996823429147,-2.1243362426757812,-22.527402877807617,18.037439346313477
chronos2,LBY,2019,2022,3,-8.29981811198795,-1.3274950981140137,-22.211896896362305,18.792171478271484
chronos2,LBY,2019,2023,4,10.2000497852517,-1.2468962669372559,-21.573850631713867,18.824398040771484
chronos2,LBY,2019,2024,5,1.89995052025442,2.0111794471740723,-17.817829132080078,21.882780075073242
chronos2,LKA,2019,2020,1,-4.62451503712715,3.505925178527832,-0.623542308807373,6.461971282958984
chronos2,LKA,2019,2021,2,4.2074764950026,4.3810577392578125,0.2796669006347656,7.481205463409424
chronos2,LKA,2019,2022,3,-7.34919311146656,4.520813941955566,0.3327217102050781,7.607962608337402
chronos2,LKA,2019,2023,4,-2.0289296690344,4.639455318450928,0.4426894187927246,7.776439666748047
chronos2,LKA,2019,2024,5,4.99241614398109,4.686405658721924,0.45469188690185547,7.828654766082764
chronos2,LUX,2019,2020,1,-0.510051634039826,3.0702965259552,-0.6562530994415283,6.878142356872559
chronos2,LUX,2019,2021,2,6.92973270801744,3.161665916442871,-0.7290980815887451,7.085445404052734
chronos2,LUX,2019,2022,3,-1.09741256293819,3.0282974243164062,-0.9011023044586182,7.035315990447998
chronos2,LUX,2019,2023,4,0.0994370594039111,3.119252920150757,-0.892162561416626,7.105728626251221
chronos2,LUX,2019,2024,5,0.358614003982225,3.1000618934631348,-0.8761680126190186,7.119119644165039
chronos2,MAC,2019,2020,1,-54.4020925789353,-2.65181303024292,-11.761981964111328,5.48358678817749
chronos2,MAC,2019,2021,2,22.4622020023362,-2.691896915435791,-13.326009750366211,7.453464984893799
chronos2,MAC,2019,2022,3,-18.956941494497,-2.253892421722412,-14.29037094116211,8.891960144042969
chronos2,MAC,2019,2023,4,75.3084184293413,-0.034433841705322266,-13.476877212524414,12.335695266723633
chronos2,MAC,2019,2024,5,7.84960207010525,3.378035068511963,-11.013774871826172,16.880674362182617
chronos2,MAR,2019,2020,1,-7.17820744246774,3.402611255645752,0.5726742744445801,6.121647357940674
chronos2,MAR,2019,2021,2,8.15473889823681,3.2758986949920654,0.17052221298217773,6.29190731048584
chronos2,MAR,2019,2022,3,1.81269242194809,3.0633389949798584,-0.39193010330200195,6.287307262420654
chronos2,MAR,2019,2023,4,3.65564411017931,3.0952327251434326,-0.6651263236999512,6.590744972229004
chronos2,MAR,2019,2024,5,3.79336515978963,2.9788002967834473,-0.921851634979248,6.674322128295898
chronos2,MDG,2019,2020,1,-7.13767162064489,3.389364242553711,0.883664608001709,5.720125675201416
chronos2,MDG,2019,2021,2,4.65068343174309,3.294496536254883,0.5801761150360107,5.795192718505859
chronos2,MDG,2019,2022,3,4.13753534956307,3.238297700881958,0.30013585090637207,5.811464786529541
chronos2,MDG,2019,2023,4,4.23086580696344,3.302361011505127,0.12079000473022461,6.081098556518555
chronos2,MDG,2019,2024,5,4.32283728087992,3.2246694564819336,-0.40607523918151855,6.516483306884766
chronos2,MEX,2019,2020,1,-8.35403459379062,1.6895854473114014,-1.6267848014831543,4.619777202606201
chronos2,MEX,2019,2021,2,6.04848347173572,0.3451831340789795,-3.5002551078796387,3.5257229804992676
chronos2,MEX,2019,2022,3,3.70975708309098,0.9072072505950928,-3.054572582244873,4.278964042663574
chronos2,MEX,2019,2023,4,3.1067964131456,0.7276444435119629,-3.4997010231018066,4.191294193267822
chronos2,MEX,2019,2024,5,1.35057631384696,1.47249174118042,-2.666255474090576,4.986929893493652
chronos2,MLI,2019,2020,1,-1.16910834857605,4.590726852416992,1.6746559143066406,7.648330211639404
chronos2,MLI,2019,2021,2,3.10094124463507,4.585349082946777,1.2749989032745361,7.8763885498046875
chronos2,MLI,2019,2022,3,3.70319027585386,4.615250110626221,1.0469415187835693,8.091949462890625
chronos2,MLI,2019,2023,4,4.76394100040932,4.655466079711914,0.905545711517334,8.346845626831055
chronos2,MLI,2019,2024,5,5.01653579205785,4.542128562927246,0.6103146076202393,8.512850761413574
chronos2,MLT,2019,2020,1,-3.45728232537419,4.710216999053955,0.16415786743164062,9.865073204040527
chronos2,MLT,2019,2021,2,13.3509818925498,4.760590076446533,-0.6812229156494141,10.87220573425293
chronos2,MLT,2019,2022,3,2.59276776884379,4.808091163635254,-1.2521295547485352,11.579282760620117
chronos2,MLT,2019,2023,4,10.6340558017004,5.0689873695373535,-1.4610919952392578,12.939191818237305
chronos2,MLT,2019,2024,5,6.21275996991034,5.429503440856934,-1.602043628692627,14.76980972290039
chronos2,MNG,2019,2020,1,-4.55775197583431,5.6289825439453125,0.4212374687194824,10.667132377624512
chronos2,MNG,2019,2021,2,1.63676957736662,5.614511013031006,-0.733515739440918,11.790748596191406
chronos2,MNG,2019,2022,3,5.0327096366527,5.593420028686523,-1.6630401611328125,12.702234268188477
chronos2,MNG,2019,2023,4,7.4221127615025,5.471215724945068,-2.2842540740966797,13.262445449829102
chronos2,MNG,2019,2024,5,5.12204539122661,5.634011745452881,-2.5919647216796875,13.699841499328613
chronos2,MRT,2019,2020,1,-0.36065738652286,3.603499412536621,-1.2424941062927246,9.44140338897705
chronos2,MRT,2019,2021,2,0.7427154981402,3.5084080696105957,-1.6608963012695312,9.798933029174805
chronos2,MRT,2019,2022,3,6.7960049994761,3.4932057857513428,-1.9985427856445312,10.200780868530273
chronos2,MRT,2019,2023,4,6.80949002457973,3.578688144683838,-2.034943103790283,10.324162483215332
chronos2,MRT,2019,2024,5,6.3076021190402,3.508741855621338,-2.089592933654785,10.436138153076172
chronos2,MUS,2019,2020,1,-14.1974358137792,3.737866163253784,2.8743972778320312,4.659977436065674
chronos2,MUS,2019,2021,2,3.33809084057279,3.685068130493164,2.5824131965637207,4.7270660400390625
chronos2,MUS,2019,2022,3,8.3424438025047,3.6107358932495117,2.4333014488220215,4.7998175621032715
chronos2,MUS,2019,2023,4,4.69918189687444,3.5705180168151855,2.2469422817230225,4.911915302276611
chronos2,MUS,2019,2024,5,4.94844235250574,3.566850185394287,1.918813943862915,5.1149492263793945
chronos2,MYS,2019,2020,1,-5.45684658426701,4.907585144042969,2.0037403106689453,6.8935441970825195
chronos2,MYS,2019,2021,2,3.31534954399166,4.88383150100708,1.612189769744873,7.173511505126953
chronos2,MYS,2019,2022,3,9.03173723044451,4.782123565673828,1.2031335830688477,7.318769931793213
chronos2,MYS,2019,2023,4,3.5370638041057,4.770509243011475,0.9416642189025879,7.490607261657715
chronos2,MYS,2019,2024,5,5.10545921024041,4.789228439331055,0.8530492782592773,7.553792953491211
chronos2,NER,2019,2020,1,4.45481803846413,4.782895565032959,0.765336275100708,8.398658752441406
chronos2,NER,2019,2021,2,1.11520063869706,5.202943801879883,1.0504008531570435,9.114782333374023
chronos2,NER,2019,2022,3,12.2215497467041,5.400812149047852,1.0039684772491455,9.622942924499512
chronos2,NER,2019,2023,4,2.63516980401258,4.876908302307129,0.29263758659362793,9.036705017089844
chronos2,NER,2019,2024,5,8.32327058280728,4.571738243103027,-0.3309471607208252,9.090069770812988
chronos2,NIC,2019,2020,1,-2.23654176262323,1.4340975284576416,-6.28430700302124,6.287628650665283
chronos2,NIC,2019,2021,2,10.4543887816515,1.9170514345169067,-6.4068922996521,6.994443893432617
chronos2,NIC,2019,2022,3,3.55027477135765,2.047975540161133,-6.7985405921936035,7.46615743637085
chronos2,NIC,2019,2023,4,4.42779393186883,2.0168964862823486,-7.517611026763916,7.734600067138672
chronos2,NIC,2019,2024,5,3.58094495324541,1.8904002904891968,-8.051912307739258,7.836538791656494
chronos2,NLD,2019,2020,1,-3.86799714191608,2.356248378753662,0.08304429054260254,4.598113059997559
chronos2,NLD,2019,2021,2,6.27683593745216,2.484312057495117,0.0002384185791015625,4.900426864624023
chronos2,NLD,2019,2022,3,5.00723453395074,2.5440852642059326,-0.1624288558959961,5.13383674621582
chronos2,NLD,2019,2023,4,-0.598061017580278,2.481632709503174,-0.3082716464996338,5.235056400299072
chronos2,NLD,2019,2024,5,1.07383137319854,2.8991641998291016,0.03467726707458496,5.735484600067139
chronos2,NOR,2019,2020,1,-1.36055723261586,1.4089996814727783,-0.2732272148132324,3.0943048000335693
chronos2,NOR,2019,2021,2,4.14314688769197,1.4031982421875,-0.4191558361053467,3.1568169593811035
chronos2,NOR,2019,2022,3,4.08039770659241,1.4591450691223145,-0.46257972717285156,3.29292368888855
chronos2,NOR,2019,2023,4,0.352695581319765,1.5859506130218506,-0.4061570167541504,3.5208911895751953
chronos2,NOR,2019,2024,5,1.42372134524737,1.779828667640686,-0.29134631156921387,3.787824869155884
chronos2,NPL,2019,2020,1,-2.3696206292072,5.876987934112549,2.689182758331299,9.024274826049805
chronos2,NPL,2019,2021,2,4.838149614115,5.956466197967529,2.644411087036133,9.200655937194824
chronos2,NPL,2019,2022,3,5.6313145568451,5.912381649017334,2.4832749366760254,9.310612678527832
chronos2,NPL,2019,2023,4,1.98254843461849,5.911831378936768,2.367769956588745,9.391348838806152
chronos2,NPL,2019,2024,5,3.67787459697703,6.012725830078125,2.420126438140869,9.487821578979492
chronos2,NZL,2019,2020,1,-0.240916114758988,2.261078119277954,0.48705387115478516,3.9363675117492676
chronos2,NZL,2019,2021,2,4.29916005216614,2.1390631198883057,0.1945481300354004,3.92828369140625
chronos2,NZL,2019,2022,3,3.34521847792682,1.8496367931365967,-0.2428750991821289,3.782546043395996
chronos2,NZL,2019,2023,4,1.81389453412019,2.48555588722229,0.30924534797668457,4.483301162719727
chronos2,NZL,2019,2024,5,-0.868722371893952,3.2573018074035645,1.1299872398376465,5.321528434753418
chronos2,OMN,2019,2020,1,-3.37972052697999,1.8968796730041504,-2.3115663528442383,6.726393699645996
chronos2,OMN,2019,2021,2,2.5821749892893,1.7283997535705566,-3.1652183532714844,7.018662452697754
chronos2,OMN,2019,2022,3,7.98570728354278,0.3206043243408203,-5.294881820678711,6.061349868774414
chronos2,OMN,2019,2023,4,1.41401383200161,1.3950581550598145,-4.439894676208496,7.814118385314941
chronos2,OMN,2019,2024,5,1.63163231397978,4.063336372375488,-2.3494529724121094,11.474287986755371
chronos2,PAK,2019,2020,1,-1.27408744338709,3.5338921546936035,0.9703292846679688,6.158125877380371
chronos2,PAK,2019,2021,2,6.51388575852702,3.3284003734588623,0.4773988723754883,6.139243125915527
chronos2,PAK,2019,2022,3,4.7781068690358,3.136108636856079,0.12870407104492188,6.1320271492004395
chronos2,PAK,2019,2023,4,-0.414935997088406,3.0731959342956543,-0.04744911193847656,6.145387172698975
chronos2,PAK,2019,2024,5,3.08176295579301,3.1874399185180664,-0.045870304107666016,6.351959705352783
chronos2,PAN,2019,2020,1,-17.8211174074602,4.132422924041748,0.2448563575744629,7.631528854370117
chronos2,PAN,2019,2021,2,16.4669992022652,4.054795742034912,-0.5351519584655762,8.19978141784668
chronos2,PAN,2019,2022,3,11.0386022908773,3.9510037899017334,-1.291844367980957,8.510149002075195
chronos2,PAN,2019,2023,4,7.16634016390665,3.8867993354797363,-1.8268623352050781,8.839784622192383
chronos2,PAN,2019,2024,5,2.74784148771307,3.916935682296753,-2.0574703216552734,9.170711517333984
chronos2,PER,2019,2020,1,-10.9333065010382,3.6504578590393066,-0.17688703536987305,6.80168342590332
chronos2,PER,2019,2021,2,13.4166456126513,3.738358736038208,-0.5605182647705078,7.052666664123535
chronos2,PER,2019,2022,3,2.81819976419922,3.801746129989624,-0.9106931686401367,7.406430721282959
chronos2,PER,2019,2023,4,-0.350699814345759,3.7400527000427246,-1.2771515846252441,7.602230548858643
chronos2,PER,2019,2024,5,3.5152749274832,3.5613436698913574,-1.858323097229004,7.7155022621154785
chronos2,PHL,2019,2020,1,-9.51829474045297,6.525232315063477,3.8699138164520264,7.77455472946167
chronos2,PHL,2019,2021,2,5.71473313185116,6.598128318786621,3.792585611343384,7.979596138000488
chronos2,PHL,2019,2022,3,7.58098212785563,6.605059623718262,3.6405673027038574,8.091520309448242
chronos2,PHL,2019,2023,4,5.51894967856043,6.660538673400879,3.6183254718780518,8.282167434692383
chronos2,PHL,2019,2024,5,5.71474526128652,6.707775115966797,3.5773446559906006,8.336465835571289
chronos2,PRT,2019,2020,1,-8.20463159324387,1.6422914266586304,-1.1033227443695068,4.307915687561035
chronos2,PRT,2019,2021,2,5.55875672070374,0.8562326431274414,-2.365175485610962,3.960416793823242
chronos2,PRT,2019,2022,3,6.98584137580278,0.44588732719421387,-3.1947333812713623,3.7852492332458496
chronos2,PRT,2019,2023,4,3.09998745904281,0.36960887908935547,-3.4135429859161377,3.859720468521118
chronos2,PRT,2019,2024,5,2.21459232301109,1.6544299125671387,-2.2395541667938232,5.1583709716796875
chronos2,PRY,2019,2020,1,-0.819785390971916,2.280139207839966,-1.7997522354125977,6.214058876037598
chronos2,PRY,2019,2021,2,3.99461510731535,2.4953064918518066,-2.2837352752685547,6.924922466278076
chronos2,PRY,2019,2022,3,-0.0280771723899278,2.7516703605651855,-2.563025951385498,7.503785133361816
chronos2,PRY,2019,2023,4,5.28584584975323,2.8784971237182617,-2.764669418334961,8.05405044555664
chronos2,PRY,2019,2024,5,4.66914577981763,3.100790023803711,-2.985938549041748,8.436885833740234
chronos2,QAT,2019,2020,1,-3.5576039896784,3.3028759956359863,-2.66001033782959,9.532520294189453
chronos2,QAT,2019,2021,2,1.62684671918775,-2.584658622741699,-10.406108856201172,4.651584625244141
chronos2,QAT,2019,2022,3,4.18500970982862,3.388303279876709,-4.031574249267578,10.711061477661133
chronos2,QAT,2019,2023,4,1.18715991623776,0.17427492141723633,-8.087591171264648,8.223865509033203
chronos2,QAT,2019,2024,5,3.10963283242745,3.626098394393921,-4.608341217041016,11.946229934692383
chronos2,RUS,2019,2020,1,-2.65365449695453,2.544337749481201,-1.9018019437789917,6.32610559463501
chronos2,RUS,2019,2021,2,5.866491772979,2.774333953857422,-3.3700528144836426,8.063034057617188
chronos2,RUS,2019,2022,3,-1.43537063467896,2.7174243927001953,-4.925360679626465,9.323344230651855
chronos2,RUS,2019,2023,4,4.06661395813023,2.7930550575256348,-6.123085021972656,10.36958122253418
chronos2,RUS,2019,2024,5,4.92167966203073,2.5710387229919434,-7.0873236656188965,10.79106330871582
chronos2,RWA,2019,2020,1,-2.77710485515125,7.107378959655762,3.0022287368774414,11.029180526733398
chronos2,RWA,2019,2021,2,8.41140448646523,7.028288841247559,2.448168992996216,11.19300365447998
chronos2,RWA,2019,2022,3,9.82497394651698,6.986061096191406,1.9871838092803955,11.595198631286621
chronos2,RWA,2019,2023,4,8.55964292914153,6.980496406555176,1.037339448928833,12.265589714050293
chronos2,RWA,2019,2024,5,7.22717103344534,6.826086044311523,0.7794227600097656,12.574594497680664
chronos2,SAU,2019,2020,1,-3.80478901996312,3.82533860206604,-0.9583234786987305,8.551979064941406
chronos2,SAU,2019,2021,2,6.51959698325419,3.8213086128234863,-2.2128944396972656,9.812884330749512
chronos2,SAU,2019,2022,3,12.0005874752929,3.9648895263671875,-2.6780738830566406,11.021221160888672
chronos2,SAU,2019,2023,4,0.542592439393161,3.761134147644043,-3.328629493713379,11.455148696899414
chronos2,SAU,2019,2024,5,2.64893068308965,4.2321577072143555,-3.615842819213867,12.410186767578125
chronos2,SDN,2019,2020,1,-3.62980082410752,2.181156635284424,-3.9217493534088135,8.282637596130371
chronos2,SDN,2019,2021,2,-1.8685204827207,2.503105878829956,-4.283022880554199,9.248095512390137
chronos2,SDN,2019,2022,3,-0.957816591119183,2.5864417552948,-4.896847724914551,9.901613235473633
chronos2,SDN,2019,2023,4,-29.4332716274387,2.606750726699829,-5.308318138122559,10.3272066116333
chronos2,SDN,2019,2024,5,-13.9643378424022,2.551741123199463,-5.763721466064453,10.696887969970703
chronos2,SEN,2019,2020,1,1.34207377285524,5.568530082702637,3.0729215145111084,7.736482620239258
chronos2,SEN,2019,2021,2,6.5440010991951,5.407185077667236,2.58463978767395,7.952792644500732
chronos2,SEN,2019,2022,3,3.85043193752725,5.551145553588867,2.413663148880005,8.367807388305664
chronos2,SEN,2019,2023,4,4.25743083300657,5.269152641296387,1.898912787437439,8.332529067993164
chronos2,SEN,2019,2024,5,6.46220577412338,5.263628959655762,1.6989986896514893,8.500833511352539
chronos2,SGP,2019,2020,1,-3.61084281729929,3.6538548469543457,-1.6620068550109863,8.311152458190918
chronos2,SGP,2019,2021,2,10.1410845197192,3.932229995727539,-1.850719928741455,8.892114639282227
chronos2,SGP,2019,2022,3,4.01027884472296,4.088985443115234,-1.9343829154968262,9.07798957824707
chronos2,SGP,2019,2023,4,1.45026775889565,4.119558334350586,-1.9615769386291504,9.338719367980957
chronos2,SGP,2019,2024,5,5.3435120192366,4.362993240356445,-1.9162344932556152,9.601775169372559
chronos2,SLB,2019,2020,1,-3.38125925839405,1.9289195537567139,-3.784705400466919,7.083650588989258
chronos2,SLB,2019,2021,2,-0.227975292792024,1.654617190361023,-5.367332458496094,8.071327209472656
chronos2,SLB,2019,2022,3,-2.58448361755723,1.6484770774841309,-6.643161773681641,8.898845672607422
chronos2,SLB,2019,2023,4,2.84111851154807,1.5457299947738647,-7.3918657302856445,9.505265235900879
chronos2,SLB,2019,2024,5,2.99755987604104,1.555604338645935,-8.044391632080078,10.08781909942627
chronos2,SLV,2019,2020,1,-7.893101359867,2.331594944000244,0.7214030027389526,3.9859402179718018
chronos2,SLV,2019,2021,2,11.9047617015957,2.250774383544922,0.12008142471313477,4.233078956604004
chronos2,SLV,2019,2022,3,2.9546041089332,2.129179000854492,-0.48457837104797363,4.474853515625
chronos2,SLV,2019,2023,4,3.35508721646165,2.0163533687591553,-1.240217924118042,4.512807369232178
chronos2,SLV,2019,2024,5,2.5904637107794,1.8259831666946411,-2.1006102561950684,4.745302200317383
chronos2,SWE,2019,2020,1,-1.93379704032216,2.452150583267212,-0.3599116802215576,5.051393985748291
chronos2,SWE,2019,2021,2,5.2258643028773,2.180946111679077,-0.8401358127593994,4.98020076751709
chronos2,SWE,2019,2022,3,1.25543620445816,1.903625726699829,-1.3278136253356934,4.833774566650391
chronos2,SWE,2019,2023,4,-0.204061304891439,1.683387279510498,-1.607656478881836,4.694180488586426
chronos2,SWE,2019,2024,5,1.01779633304398,1.781965970993042,-1.675870418548584,4.847447395324707
chronos2,SYC,2019,2020,1,-11.7398608281732,4.782654762268066,-2.89859676361084,12.883785247802734
chronos2,SYC,2019,2021,2,0.552281631207279,4.7990875244140625,-3.1499767303466797,12.95289421081543
chronos2,SYC,2019,2022,3,9.88048366355446,4.700212001800537,-3.28849458694458,13.033931732177734
chronos2,SYC,2019,2023,4,5.17980996672414,4.708074569702148,-3.390807628631592,13.0870361328125
chronos2,SYC,2019,2024,5,3.34667429007052,4.648280143737793,-3.5470900535583496,13.219015121459961
chronos2,TCD,2019,2020,1,-0.393646582380399,3.8053557872772217,-3.2032415866851807,11.538005828857422
chronos2,TCD,2019,2021,2,0.293442648033434,3.1830523014068604,-3.9258625507354736,10.816439628601074
chronos2,TCD,2019,2022,3,4.12969897668356,3.4728260040283203,-3.7582247257232666,11.410324096679688
chronos2,TCD,2019,2023,4,3.99861309461539,5.21737813949585,-2.1899449825286865,13.94150447845459
chronos2,TCD,2019,2024,5,4.95210484607125,6.603601932525635,-1.5428922176361084,16.411026000976562
chronos2,TGO,2019,2020,1,2.15900131150536,5.410924911499023,2.9488682746887207,8.149375915527344
chronos2,TGO,2019,2021,2,5.13562929064506,5.446088790893555,2.338503122329712,8.641595840454102
chronos2,TGO,2019,2022,3,6.29443692019429,5.308791160583496,1.7704081535339355,8.956449508666992
chronos2,TGO,2019,2023,4,6.19762969378132,5.377137660980225,1.5926249027252197,9.299266815185547
chronos2,TGO,2019,2024,5,6.52651376797853,5.366997718811035,1.2776062488555908,9.797819137573242
chronos2,THA,2019,2020,1,-6.09306312966953,2.376786231994629,-1.2983508110046387,5.8878583908081055
chronos2,THA,2019,2021,2,1.55858232076893,2.1792261600494385,-2.0371475219726562,6.090353012084961
chronos2,THA,2019,2022,3,2.63784213566305,2.1750869750976562,-2.270655632019043,6.336613655090332
chronos2,THA,2019,2023,4,2.24883437970568,2.334836959838867,-2.223783493041992,6.528173923492432
chronos2,THA,2019,2024,5,2.94859986593323,2.6485118865966797,-1.9677600860595703,6.844121932983398
chronos2,TON,2019,2020,1,1.80618715298932,1.3043200969696045,-2.6057252883911133,5.411833763122559
chronos2,TON,2019,2021,2,-0.934919892094683,1.3895083665847778,-2.799001693725586,5.7093353271484375
chronos2,TON,2019,2022,3,-2.12854876486114,1.4574156999588013,-2.8428468704223633,5.900823593139648
chronos2,TON,2019,2023,4,2.79014715494606,1.4949921369552612,-2.899728775024414,5.98105001449585
chronos2,TON,2019,2024,5,1.71653807667747,1.4851572513580322,-3.0166501998901367,5.99224853515625
chronos2,TUN,2019,2020,1,-8.97512622934723,2.1787755489349365,-1.4604241847991943,5.452210426330566
chronos2,TUN,2019,2021,2,4.73603648206102,1.7663370370864868,-2.2759406566619873,5.376581192016602
chronos2,TUN,2019,2022,3,2.75228761004381,1.7433059215545654,-2.808307409286499,5.632850170135498
chronos2,TUN,2019,2023,4,0.184015548469745,1.5423600673675537,-3.383249044418335,5.924598693847656
chronos2,TUN,2019,2024,5,1.61444564976986,1.6177971363067627,-3.6303904056549072,6.239623069763184
chronos2,TUR,2019,2020,1,1.80306247087255,5.240288257598877,-0.10471487045288086,9.559152603149414
chronos2,TUR,2019,2021,2,11.811094450607,5.226496696472168,-0.33820343017578125,9.548357963562012
chronos2,TUR,2019,2022,3,5.44122511322401,5.233758449554443,-0.4902462959289551,9.648956298828125
chronos2,TUR,2019,2023,4,5.04512369812289,5.311197757720947,-0.42513370513916016,9.756633758544922
chronos2,TUR,2019,2024,5,3.3276230893799,5.290883541107178,-0.5190043449401855,9.79521369934082
chronos2,TZA,2019,2020,1,1.99196460647855,5.944429397583008,4.228644371032715,7.3417816162109375
chronos2,TZA,2019,2021,2,4.32138429480482,5.86890172958374,3.7458364963531494,7.442809104919434
chronos2,TZA,2019,2022,3,4.56600576430955,5.833892822265625,3.287517547607422,7.629860877990723
chronos2,TZA,2019,2023,4,5.06952353203394,6.086912155151367,3.705461263656616,7.753731727600098
chronos2,TZA,2019,2024,5,5.5263138305945,6.25105094909668,3.771361827850342,8.10968017578125
chronos2,UGA,2019,2020,1,2.95130642218098,5.790867805480957,2.4487011432647705,8.979854583740234
chronos2,UGA,2019,2021,2,3.53658034070898,5.619523525238037,1.7515311241149902,9.251483917236328
chronos2,UGA,2019,2022,3,4.58802192181773,5.415355205535889,1.0894370079040527,9.413825035095215
chronos2,UGA,2019,2023,4,5.33697295511469,5.550266742706299,0.8379993438720703,9.821460723876953
chronos2,UGA,2019,2024,5,6.05558075875589,5.012829780578613,-0.06750106811523438,9.5142822265625
chronos2,UKR,2019,2020,1,-3.75281793983162,2.1499593257904053,-7.334707260131836,8.434051513671875
chronos2,UKR,2019,2021,2,3.44562065945944,1.8464915752410889,-12.615283012390137,11.064275741577148
chronos2,UKR,2019,2022,3,-28.7585842155085,1.4070415496826172,-20.45758056640625,12.993597984313965
chronos2,UKR,2019,2023,4,5.53473354963334,1.386265516281128,-25.472307205200195,15.473352432250977
chronos2,UKR,2019,2024,5,3.24811808426423,2.089693546295166,-22.049856185913086,15.844860076904297
chronos2,URY,2019,2020,1,-7.35732706897301,1.8239455223083496,-1.526557445526123,4.939168930053711
chronos2,URY,2019,2021,2,5.84427325018082,2.007361650466919,-2.2491345405578613,6.130309104919434
chronos2,URY,2019,2022,3,4.60623000920732,2.2179183959960938,-2.731860637664795,6.969759464263916
chronos2,URY,2019,2023,4,0.761749241321681,2.2416627407073975,-3.1014137268066406,7.450033187866211
chronos2,URY,2019,2024,5,3.32575905957381,2.459946870803833,-3.0971784591674805,7.8990583419799805
chronos2,USA,2019,2020,1,-2.081375977796,2.363874912261963,0.41945958137512207,3.9033684730529785
chronos2,USA,2019,2021,2,6.15202247867526,2.319469928741455,0.1597280502319336,3.9879212379455566
chronos2,USA,2019,2022,3,2.52421385073222,2.2485623359680176,-0.10832762718200684,4.059603691101074
chronos2,USA,2019,2023,4,2.93436322440155,2.2348508834838867,-0.3224329948425293,4.1665940284729
chronos2,USA,2019,2024,5,2.79318715363841,2.1995043754577637,-0.4040384292602539,4.2732625007629395
chronos2,VNM,2019,2020,1,2.86541320912272,7.051179885864258,5.990217685699463,8.039371490478516
chronos2,VNM,2019,2021,2,2.55372852648131,6.661689758300781,5.098667144775391,7.996556282043457
chronos2,VNM,2019,2022,3,8.53750041218142,6.182808876037598,4.227953910827637,7.761446952819824
chronos2,VNM,2019,2023,4,4.97865959483225,5.912975788116455,3.7760045528411865,7.7446794509887695
chronos2,VNM,2019,2024,5,7.03955197123018,6.060583591461182,3.6824724674224854,7.954267978668213
chronos2,VUT,2019,2020,1,-5.72530282073851,2.7652416229248047,0.43675661087036133,5.2431793212890625
chronos2,VUT,2019,2021,2,-1.16332488626091,2.7230985164642334,-0.046845197677612305,5.395885944366455
chronos2,VUT,2019,2022,3,5.59195729750803,2.6802010536193848,-0.3389129638671875,5.57050085067749
chronos2,VUT,2019,2023,4,5.82973013269719,2.609118938446045,-0.5351459980010986,5.752985954284668
chronos2,VUT,2019,2024,5,3.76564827114278,2.530221939086914,-0.9905941486358643,6.059315204620361
chronos2,ZAF,2019,2020,1,-6.1689177146757,0.7311534881591797,-1.5469536781311035,3.069045305252075
chronos2,ZAF,2019,2021,2,4.85864865060148,0.5703039169311523,-2.0531206130981445,3.102013111114502
chronos2,ZAF,2019,2022,3,2.05813661692193,0.5339047908782959,-2.4975600242614746,3.258436441421509
chronos2,ZAF,2019,2023,4,0.80610455095804,0.33026909828186035,-2.807343006134033,3.2651820182800293
chronos2,ZAF,2019,2024,5,0.534843531905139,0.22153663635253906,-3.1500115394592285,3.3285484313964844
