model,country,origin_year,year,h,y_true,y_pred,q10,q90
tft,ABW,1999,2000,1,7.62292064930222,5.070044040679932,-0.9163367748260498,9.380650520324707
tft,ABW,1999,2001,2,4.1820016304779,5.1560235023498535,-0.8846490383148193,9.536518096923828
tft,ABW,1999,2002,3,-0.944953481157384,5.1688714027404785,-0.8896262645721436,9.552257537841797
tft,ABW,1999,2003,4,1.11050459944282,5.1700663566589355,-0.89371657371521,9.625686645507812
tft,ABW,1999,2004,5,7.29372807096192,5.072083473205566,-0.8849995136260986,9.739624977111816
tft,ALB,1999,2000,1,7.46285871776054,9.339496612548828,3.3804306983947754,14.019596099853516
tft,ALB,1999,2001,2,8.8637306604876,9.301668167114258,3.4354705810546875,13.981221199035645
tft,ALB,1999,2002,3,4.62839587394552,9.333489418029785,3.5466904640197754,14.068729400634766
tft,ALB,1999,2003,4,5.33326426009945,9.33731460571289,3.57257080078125,14.084733963012695
tft,ALB,1999,2004,5,5.26626173860785,9.34382438659668,3.596658229827881,14.102137565612793
tft,AUS,1999,2000,1,3.9160574881715,4.184029579162598,-11.31851577758789,15.436102867126465
tft,AUS,1999,2001,2,2.03145880248898,4.068987846374512,-11.439555168151855,15.42626667022705
tft,AUS,1999,2002,3,3.94980535772942,4.0541510581970215,-11.524930000305176,15.357394218444824
tft,AUS,1999,2003,4,3.0912800997751,3.99578857421875,-11.566363334655762,15.283787727355957
tft,AUS,1999,2004,5,4.21894147547516,3.9814796447753906,-11.603116035461426,15.214201927185059
tft,AUT,1999,2000,1,3.18952292988787,3.3564391136169434,0.9087715148925781,5.319987773895264
tft,AUT,1999,2001,2,1.31698749571339,3.3583836555480957,0.9364590644836426,5.349932670593262
tft,AUT,1999,2002,3,1.48436877605324,3.3614308834075928,0.9612784385681152,5.366293430328369
tft,AUT,1999,2003,4,1.14156504542775,3.363961935043335,0.9746513366699219,5.376222610473633
tft,AUT,1999,2004,5,2.56525534067859,3.3699681758880615,0.9960405826568604,5.392580032348633
tft,BEL,1999,2000,1,3.71670510672588,3.1462998390197754,0.8241958618164062,5.012528419494629
tft,BEL,1999,2001,2,1.09960362419645,3.148390769958496,0.8476247787475586,5.039670944213867
tft,BEL,1999,2002,3,1.70689430349601,3.1505980491638184,0.8700835704803467,5.053010940551758
tft,BEL,1999,2003,4,1.03795518162204,3.1519527435302734,0.8807423114776611,5.059716701507568
tft,BEL,1999,2004,5,3.57120671942319,3.1546642780303955,0.8926172256469727,5.0676164627075195
tft,BEN,1999,2000,1,5.85771420543269,3.5220296382904053,0.8335967063903809,5.962984085083008
tft,BEN,1999,2001,2,5.33313570603937,3.5256752967834473,0.8141224384307861,5.978911876678467
tft,BEN,1999,2002,3,4.64303087074482,3.538419485092163,0.7970879077911377,6.01460075378418
tft,BEN,1999,2003,4,3.44357677591658,3.5605833530426025,0.782639741897583,6.06949520111084
tft,BEN,1999,2004,5,4.42968455385082,3.5831544399261475,0.7714152336120605,6.122447967529297
tft,BFA,1999,2000,1,1.88847388906525,3.8896231651306152,-1.0093414783477783,8.665801048278809
tft,BFA,1999,2001,2,6.61340574539679,3.8803677558898926,-1.0085194110870361,8.618451118469238
tft,BFA,1999,2002,3,4.35296382988099,3.872563362121582,-1.004789113998413,8.569989204406738
tft,BFA,1999,2003,4,7.80249388870359,3.8710246086120605,-1.0018928050994873,8.536372184753418
tft,BFA,1999,2004,5,4.47845213670386,3.8744864463806152,-0.9984719753265381,8.51221752166748
tft,BGD,1999,2000,1,5.29329471892532,3.309891700744629,0.17528986930847168,6.513317108154297
tft,BGD,1999,2001,2,5.07728777526728,3.3347949981689453,0.1401374340057373,6.546168327331543
tft,BGD,1999,2002,3,3.83312393993225,3.3369147777557373,0.12583518028259277,6.522159576416016
tft,BGD,1999,2003,4,4.73956739963045,3.336811065673828,0.11771631240844727,6.498823642730713
tft,BGD,1999,2004,5,5.23953291029852,3.3414037227630615,0.10978460311889648,6.4799041748046875
tft,BGR,1999,2000,1,4.58722553234129,2.4334022998809814,-2.5303220748901367,6.358769416809082
tft,BGR,1999,2001,2,3.82370222571771,2.502042770385742,-2.7073659896850586,6.563257217407227
tft,BGR,1999,2002,3,5.87193134676191,2.51020884513855,-2.700026512145996,6.60051965713501
tft,BGR,1999,2003,4,5.23715282493174,2.565699338912964,-2.5998597145080566,6.759496688842773
tft,BGR,1999,2004,5,6.5104241389717,2.5787315368652344,-2.577470302581787,6.795371055603027
tft,BHR,1999,2000,1,5.30006940305884,0.6563235521316528,-4.570701599121094,6.502571105957031
tft,BHR,1999,2001,2,2.49094875338352,1.1478164196014404,-4.482120513916016,7.551182746887207
tft,BHR,1999,2002,3,3.34855067103268,5.167113304138184,-3.2902915477752686,13.479498863220215
tft,BHR,1999,2003,4,6.29644129075703,5.639631271362305,-2.9749386310577393,14.440757751464844
tft,BHR,1999,2004,5,6.98096175867695,6.090143203735352,-2.634153366088867,15.495973587036133
tft,BHS,1999,2000,1,4.14841930754267,8.911772727966309,-4.001863479614258,18.566057205200195
tft,BHS,1999,2001,2,2.62600982683425,8.909772872924805,-4.083921432495117,18.62712860107422
tft,BHS,1999,2002,3,2.70495624731029,8.896265029907227,-4.113164901733398,18.626407623291016
tft,BHS,1999,2003,4,-1.26491667612372,8.853689193725586,-4.114401817321777,18.607337951660156
tft,BHS,1999,2004,5,0.882373744518318,8.819141387939453,-4.107241630554199,18.585420608520508
tft,BLZ,1999,2000,1,12.2406120663359,6.4497528076171875,-4.718931674957275,15.334230422973633
tft,BLZ,1999,2001,2,4.99356206143864,6.564209938049316,-4.856634616851807,15.722610473632812
tft,BLZ,1999,2002,3,5.39907320663811,6.7033843994140625,-4.958323001861572,16.131959915161133
tft,BLZ,1999,2003,4,9.66522679614125,6.80387544631958,-5.014652729034424,16.422487258911133
tft,BLZ,1999,2004,5,4.78066505273344,6.858334064483643,-5.046018123626709,16.58941650390625
tft,BOL,1999,2000,1,2.50781081484664,7.267736911773682,1.3285717964172363,11.642488479614258
tft,BOL,1999,2001,2,1.68379914527159,7.381961345672607,1.2883086204528809,11.931425094604492
tft,BOL,1999,2002,3,2.48556576601922,7.416036605834961,1.2685604095458984,12.028430938720703
tft,BOL,1999,2003,4,2.7113398065361,7.436470031738281,1.2607293128967285,12.090097427368164
tft,BOL,1999,2004,5,4.1732955905708,7.4507598876953125,1.2579364776611328,12.134786605834961
tft,BRA,1999,2000,1,4.38794944745618,4.16078519821167,-0.31166768074035645,7.360576629638672
tft,BRA,1999,2001,2,1.38989640095637,4.265632629394531,-0.3157510757446289,7.5869293212890625
tft,BRA,1999,2002,3,3.05346185909312,4.351859092712402,-0.35363125801086426,7.789414405822754
tft,BRA,1999,2003,4,1.14082899824888,4.446569442749023,-0.3891470432281494,8.009086608886719
tft,BRA,1999,2004,5,5.75996463670954,4.508987903594971,-0.4072554111480713,8.155379295349121
tft,BRN,1999,2000,1,3.47467627672586,6.899823188781738,0.10598230361938477,12.225578308105469
tft,BRN,1999,2001,2,1.4660608198711,6.930017471313477,0.05540275573730469,12.323713302612305
tft,BRN,1999,2002,3,3.9614389000248,6.943446159362793,0.025127410888671875,12.351191520690918
tft,BRN,1999,2003,4,3.58342909978997,6.957026958465576,0.004551887512207031,12.358209609985352
tft,BRN,1999,2004,5,0.104538372603315,6.974208831787109,-0.012381553649902344,12.357498168945312
tft,BTN,1999,2000,1,3.35506838174288,1.2727570533752441,-8.132516860961914,11.036758422851562
tft,BTN,1999,2001,2,7.32837435673082,1.1818255186080933,-8.223455429077148,10.872371673583984
tft,BTN,1999,2002,3,10.4437797168913,1.1222468614578247,-8.243230819702148,10.725435256958008
tft,BTN,1999,2003,4,7.78656040877364,1.092388391494751,-8.25544548034668,10.618453979492188
tft,BTN,1999,2004,5,5.15725736177561,1.086917757987976,-8.271223068237305,10.553632736206055
tft,BWA,1999,2000,1,1.98769583378552,7.836094379425049,-0.46883296966552734,13.980079650878906
tft,BWA,1999,2001,2,0.250573949689084,7.930022716522217,-0.5255188941955566,14.225814819335938
tft,BWA,1999,2002,3,6.06953087648317,8.134559631347656,-0.6479368209838867,14.64793586730957
tft,BWA,1999,2003,4,4.62589474959299,8.348304748535156,-0.7618556022644043,15.10306167602539
tft,BWA,1999,2004,5,2.70582170611173,8.460935592651367,-0.8196935653686523,15.387735366821289
tft,CAF,1999,2000,1,-2.48943244028874,11.357739448547363,4.319825649261475,17.33342742919922
tft,CAF,1999,2001,2,4.46473902640867,11.41201114654541,4.192495346069336,17.409992218017578
tft,CAF,1999,2002,3,3.61654219150596,11.483341217041016,4.131409645080566,17.60997772216797
tft,CAF,1999,2003,4,-5.39748521855877,11.537378311157227,4.118292808532715,17.828237533569336
tft,CAF,1999,2004,5,5.99488422798696,11.624517440795898,4.043190956115723,17.976593017578125
tft,CAN,1999,2000,1,5.13853918994158,3.041012763977051,-3.27022647857666,7.590694904327393
tft,CAN,1999,2001,2,1.87509813099847,3.022413730621338,-3.3124027252197266,7.6343159675598145
tft,CAN,1999,2002,3,2.99925533832644,3.008836269378662,-3.3363919258117676,7.629205703735352
tft,CAN,1999,2003,4,1.8063851195103,3.0149717330932617,-3.355466365814209,7.605947971343994
tft,CAN,1999,2004,5,3.09236381038156,3.0011789798736572,-3.3649840354919434,7.588366985321045
tft,CHE,1999,2000,1,3.63321673470911,3.369180679321289,0.6818537712097168,5.546936511993408
tft,CHE,1999,2001,2,1.59219781357001,3.376722812652588,0.7050094604492188,5.592846393585205
tft,CHE,1999,2002,3,0.380410134195273,3.3794426918029785,0.7356736660003662,5.609272003173828
tft,CHE,1999,2003,4,-0.284222357857615,3.3813998699188232,0.749931812286377,5.6182427406311035
tft,CHE,1999,2004,5,2.58692895529093,3.382842779159546,0.7593994140625,5.6232452392578125
tft,CHL,1999,2000,1,4.9716214882971,3.408071994781494,0.15654897689819336,5.7864885330200195
tft,CHL,1999,2001,2,3.15403492459967,3.454777240753174,0.14290428161621094,5.909027099609375
tft,CHL,1999,2002,3,3.20279913520113,3.4653425216674805,0.1382288932800293,5.943129539489746
tft,CHL,1999,2003,4,4.72324526861041,3.4700708389282227,0.13931012153625488,5.958519458770752
tft,CHL,1999,2004,5,6.67425416822923,3.4715442657470703,0.14285731315612793,5.965991973876953
tft,CHN,1999,2000,1,8.57357328926101,6.774257659912109,-2.427224636077881,13.263492584228516
tft,CHN,1999,2001,2,8.32404695347056,6.718601226806641,-2.474282741546631,13.219968795776367
tft,CHN,1999,2002,3,9.23604870383861,6.667913913726807,-2.4818410873413086,13.145076751708984
tft,CHN,1999,2003,4,10.1138119025242,6.627969741821289,-2.4801926612854004,13.076583862304688
tft,CHN,1999,2004,5,10.1404291872206,6.600705146789551,-2.4778361320495605,13.02638053894043
tft,CIV,1999,2000,1,-0.265789462275947,8.47109317779541,-2.0592660903930664,17.795448303222656
tft,CIV,1999,2001,2,-2.15401249077306,8.534177780151367,-2.126471519470215,18.059349060058594
tft,CIV,1999,2002,3,-2.73052647441901,8.582269668579102,-2.213808059692383,18.286489486694336
tft,CIV,1999,2003,4,-4.72586658630681,8.653338432312012,-2.306891441345215,18.570335388183594
tft,CIV,1999,2004,5,3.18503822575397,8.726678848266602,-2.38553524017334,18.847827911376953
tft,CMR,1999,2000,1,3.83241779430614,5.160602569580078,-2.1660656929016113,11.537067413330078
tft,CMR,1999,2001,2,4.32426119221549,5.1702399253845215,-2.2001113891601562,11.569099426269531
tft,CMR,1999,2002,3,4.47702683369155,5.22447395324707,-2.231231212615967,11.702407836914062
tft,CMR,1999,2003,4,5.45315368881347,5.308512210845947,-2.272693634033203,11.90838623046875
tft,CMR,1999,2004,5,7.04886281858374,5.392881393432617,-2.3156051635742188,12.117144584655762
tft,COG,1999,2000,1,7.5759803952642,5.209734916687012,-4.2432427406311035,12.733829498291016
tft,COG,1999,2001,2,3.80260189913561,5.475811958312988,-4.293656349182129,13.364476203918457
tft,COG,1999,2002,3,4.58187006108889,5.002575874328613,-4.599147319793701,12.558259010314941
tft,COG,1999,2003,4,0.813264076303781,5.09030818939209,-4.556252479553223,12.933707237243652
tft,COG,1999,2004,5,3.47663162118089,5.476935386657715,-4.461652755737305,13.702860832214355
tft,COL,1999,2000,1,2.92486148176778,6.263166427612305,-2.6261587142944336,12.680962562561035
tft,COL,1999,2001,2,1.67789830787579,6.466686248779297,-2.621640682220459,13.08784008026123
tft,COL,1999,2002,3,2.50398046659659,6.621936798095703,-2.69864559173584,13.45617961883545
tft,COL,1999,2003,4,3.91827190322513,6.8185625076293945,-2.784295082092285,13.921406745910645
tft,COL,1999,2004,5,5.33302206759905,6.965688705444336,-2.834669589996338,14.266534805297852
tft,COM,1999,2000,1,-1.00701887109655,4.79572057723999,2.7433218955993652,6.577465534210205
tft,COM,1999,2001,2,5.41959971808741,4.793396949768066,2.7604498863220215,6.597319602966309
tft,COM,1999,2002,3,4.59768263263243,4.783056735992432,2.769277572631836,6.579746723175049
tft,COM,1999,2003,4,1.93442812313498,4.788790225982666,2.765624761581421,6.567582130432129
tft,COM,1999,2004,5,3.10041210399676,4.784756183624268,2.769822835922241,6.541866779327393
tft,CRI,1999,2000,1,3.80207210664838,4.0147318840026855,-1.8390820026397705,8.508139610290527
tft,CRI,1999,2001,2,3.49117013515725,4.045832633972168,-1.8784825801849365,8.580099105834961
tft,CRI,1999,2002,3,3.41687615891895,4.061722278594971,-1.8931844234466553,8.603033065795898
tft,CRI,1999,2003,4,4.31718000096654,4.0723371505737305,-1.8934247493743896,8.614502906799316
tft,CRI,1999,2004,5,4.42459978667458,4.074824333190918,-1.8869297504425049,8.620288848876953
tft,CYP,1999,2000,1,5.96530445494226,4.303584575653076,0.9407150745391846,7.201923370361328
tft,CYP,1999,2001,2,3.95256258200938,4.4081292152404785,0.8583722114562988,7.508307456970215
tft,CYP,1999,2002,3,3.72297491128981,4.4506449699401855,0.8506441116333008,7.639467239379883
tft,CYP,1999,2003,4,2.62329962315329,4.475847244262695,0.8663969039916992,7.712889671325684
tft,CYP,1999,2004,5,5.02627226665527,4.4900970458984375,0.879899263381958,7.752053737640381
tft,DEU,1999,2000,1,2.8765231247659,6.40670108795166,1.7369771003723145,10.20382022857666
tft,DEU,1999,2001,2,1.63614170690956,6.591644287109375,1.5565776824951172,10.722678184509277
tft,DEU,1999,2002,3,-0.228255715793637,6.664935111999512,1.4877710342407227,10.946508407592773
tft,DEU,1999,2003,4,-0.529801394291297,6.693941593170166,1.4627079963684082,11.037820816040039
tft,DEU,1999,2004,5,1.16208684507278,6.707585334777832,1.463325023651123,11.080560684204102
tft,DNK,1999,2000,1,3.72400899471576,2.850430488586426,0.41530704498291016,4.806424140930176
tft,DNK,1999,2001,2,0.95003224600012,2.8426074981689453,0.44409728050231934,4.810851097106934
tft,DNK,1999,2002,3,0.456530018779986,2.8385777473449707,0.4616687297821045,4.810561180114746
tft,DNK,1999,2003,4,0.441091006625101,2.8380064964294434,0.4728713035583496,4.813686370849609
tft,DNK,1999,2004,5,2.77635180744053,2.8393607139587402,0.48395609855651855,4.819093704223633
tft,DOM,1999,2000,1,4.65172550299128,4.098271369934082,0.13434314727783203,7.065993309020996
tft,DOM,1999,2001,2,2.46937023763239,4.093132019042969,0.1071929931640625,7.0801801681518555
tft,DOM,1999,2002,3,4.48650367045651,4.089170932769775,0.09533929824829102,7.0781636238098145
tft,DOM,1999,2003,4,-1.34935744782766,4.0867533683776855,0.09173893928527832,7.074333190917969
tft,DOM,1999,2004,5,2.58556667449577,4.087985992431641,0.09258174896240234,7.074127197265625
tft,DZA,1999,2000,1,3.80000000158476,5.443665981292725,-0.5185627937316895,11.048053741455078
tft,DZA,1999,2001,2,2.99999999863043,5.467665672302246,-0.5776767730712891,11.16473388671875
tft,DZA,1999,2002,3,5.40000000000001,5.476027011871338,-0.6029458045959473,11.206747055053711
tft,DZA,1999,2003,4,6.50000000062043,5.468794345855713,-0.6105890274047852,11.218172073364258
tft,DZA,1999,2004,5,4.49999999976698,5.441251754760742,-0.607271671295166,11.215595245361328
tft,ECU,1999,2000,1,1.09180164720277,6.354072570800781,-6.478253364562988,15.638239860534668
tft,ECU,1999,2001,2,4.20627185748789,6.640847206115723,-6.564383506774902,16.33083152770996
tft,ECU,1999,2002,3,4.92809549611376,6.892327785491943,-6.710620880126953,16.984455108642578
tft,ECU,1999,2003,4,2.88450036512064,7.106199264526367,-6.813858985900879,17.54424476623535
tft,ECU,1999,2004,5,6.83239736646514,7.234251022338867,-6.861515045166016,17.871543884277344
tft,EGY,1999,2000,1,6.37000382991766,4.257589817047119,1.4226908683776855,7.176286220550537
tft,EGY,1999,2001,2,3.53525197391507,4.282974720001221,1.3768110275268555,7.275698661804199
tft,EGY,1999,2002,3,2.39020402675627,4.290393829345703,1.3557827472686768,7.320601463317871
tft,EGY,1999,2003,4,3.19345473756772,4.289894104003906,1.3460328578948975,7.339954376220703
tft,EGY,1999,2004,5,4.09207161019908,4.290843963623047,1.3378419876098633,7.349129676818848
tft,ESP,1999,2000,1,5.20064125553942,5.261887550354004,1.561065673828125,8.252849578857422
tft,ESP,1999,2001,2,3.91908880808811,5.275361061096191,1.6052536964416504,8.328489303588867
tft,ESP,1999,2002,3,2.75545611564098,5.306398868560791,1.7247018814086914,8.421623229980469
tft,ESP,1999,2003,4,2.9392895953076,5.330561637878418,1.8112945556640625,8.486188888549805
tft,ESP,1999,2004,5,3.1145314799161,5.333207607269287,1.8176116943359375,8.494623184204102
tft,FIN,1999,2000,1,5.75373770498848,3.896519660949707,0.22956323623657227,6.813398361206055
tft,FIN,1999,2001,2,2.64026205699308,3.8772246837615967,0.28292417526245117,6.80333137512207
tft,FIN,1999,2002,3,1.68732644358099,3.8741214275360107,0.3161044120788574,6.8108439445495605
tft,FIN,1999,2003,4,2.01179992738312,3.87559175491333,0.33791613578796387,6.821961402893066
tft,FIN,1999,2004,5,4.00537952277651,3.8805735111236572,0.3609495162963867,6.837890625
tft,FJI,1999,2000,1,-1.69999776168213,4.568714141845703,-0.28360748291015625,7.994023323059082
tft,FJI,1999,2001,2,2.00000027123612,4.592784404754639,-0.311326265335083,8.066308975219727
tft,FJI,1999,2002,3,3.19999861722759,4.596714019775391,-0.32411766052246094,8.084580421447754
tft,FJI,1999,2003,4,0.999998995078172,4.596624374389648,-0.33154797554016113,8.085956573486328
tft,FJI,1999,2004,5,5.30000086613597,4.595978260040283,-0.33721375465393066,8.082906723022461
tft,FRA,1999,2000,1,4.14099996402915,2.9435744285583496,-2.5249626636505127,7.42159366607666
tft,FRA,1999,2001,2,1.89946701186636,3.048565626144409,-2.6397225856781006,7.78309440612793
tft,FRA,1999,2002,3,1.06775027069419,3.097104787826538,-2.6737258434295654,7.950223922729492
tft,FRA,1999,2003,4,0.967827182558352,3.1190731525421143,-2.671778440475464,8.023953437805176
tft,FRA,1999,2004,5,2.86825052501032,3.1343417167663574,-2.6491854190826416,8.07022762298584
tft,GAB,1999,2000,1,-1.88296639760897,4.040411472320557,1.3696560859680176,6.148860454559326
tft,GAB,1999,2001,2,2.13523342197423,4.11523962020874,1.3535981178283691,6.329449653625488
tft,GAB,1999,2002,3,-0.249033168543434,4.157835960388184,1.3441154956817627,6.430441856384277
tft,GAB,1999,2003,4,2.2473300115045,4.189908504486084,1.34055757522583,6.506028175354004
tft,GAB,1999,2004,5,0.689543058464849,4.215024948120117,1.340278148651123,6.566263675689697
tft,GBR,1999,2000,1,4.52438074810904,4.322467803955078,-9.28900146484375,15.208040237426758
tft,GBR,1999,2001,2,2.39102229602824,4.247305870056152,-9.061290740966797,15.14022445678711
tft,GBR,1999,2002,3,1.70902736258567,4.2365570068359375,-8.916236877441406,15.159856796264648
tft,GBR,1999,2003,4,3.21851612669614,4.2472357749938965,-8.813447952270508,15.207683563232422
tft,GBR,1999,2004,5,2.32601853325993,4.273261070251465,-8.705490112304688,15.28057861328125
tft,GEO,1999,2000,1,1.84038117927339,2.230165958404541,-0.33660459518432617,4.1909871101379395
tft,GEO,1999,2001,2,4.80729867243699,2.225543260574341,-0.2932107448577881,4.205410957336426
tft,GEO,1999,2002,3,5.47402488700408,2.2367749214172363,-0.251781702041626,4.2428202629089355
tft,GEO,1999,2003,4,11.0570310020104,2.243741989135742,-0.22870516777038574,4.263668060302734
tft,GEO,1999,2004,5,5.79268292682926,2.2479825019836426,-0.2142198085784912,4.275667667388916
tft,GHA,1999,2000,1,3.70000008164408,3.8110170364379883,-12.697372436523438,17.23996925354004
tft,GHA,1999,2001,2,4.00000012807919,3.922938108444214,-12.76909065246582,17.621356964111328
tft,GHA,1999,2002,3,4.49999955900331,4.003023147583008,-12.791511535644531,17.856401443481445
tft,GHA,1999,2003,4,5.200000133101,4.0315117835998535,-12.83161735534668,17.920650482177734
tft,GHA,1999,2004,5,5.59999999077445,4.054619789123535,-12.862384796142578,17.965988159179688
tft,GMB,1999,2000,1,5.50000021632955,2.6836719512939453,-2.9555768966674805,7.8240180015563965
tft,GMB,1999,2001,2,5.80000024323377,2.6635591983795166,-2.9580321311950684,7.786468982696533
tft,GMB,1999,2002,3,-3.25000014970206,2.650865316390991,-2.9583182334899902,7.758747577667236
tft,GMB,1999,2003,4,6.86999962173842,2.655353307723999,-2.9613046646118164,7.769315719604492
tft,GMB,1999,2004,5,7.05000000064635,2.676950693130493,-2.9692811965942383,7.817097187042236
tft,GNB,1999,2000,1,1.10027815777423,6.3349609375,0.06710004806518555,13.062294006347656
tft,GNB,1999,2001,2,4.7859716500482,6.109169006347656,-0.01895761489868164,12.537721633911133
tft,GNB,1999,2002,3,3.65393603642713,5.837649345397949,-0.09684562683105469,11.779264450073242
tft,GNB,1999,2003,4,-0.285931052286514,5.589726448059082,-0.1318039894104004,11.025396347045898
tft,GNB,1999,2004,5,1.17189152277038,5.421788215637207,-0.14130544662475586,10.459733963012695
tft,GRC,1999,2000,1,4.13782699405849,2.205082654953003,-5.027225494384766,8.0617036819458
tft,GRC,1999,2001,2,4.65041459442163,2.292677402496338,-5.0775651931762695,8.38949203491211
tft,GRC,1999,2002,3,4.68313727063017,2.3055033683776855,-5.098117828369141,8.465377807617188
tft,GRC,1999,2003,4,5.79682274294369,2.30997371673584,-5.095302581787109,8.494803428649902
tft,GRC,1999,2004,5,5.37786634595851,2.3211188316345215,-5.062512397766113,8.529404640197754
tft,GTM,1999,2000,1,3.6088687174876,5.1471452713012695,-1.1037616729736328,10.535665512084961
tft,GTM,1999,2001,2,2.33257486608854,5.176336288452148,-1.154672622680664,10.580236434936523
tft,GTM,1999,2002,3,3.83928708556792,5.201529026031494,-1.165390968322754,10.588224411010742
tft,GTM,1999,2003,4,2.56037766801896,5.24961519241333,-1.1620802879333496,10.595623016357422
tft,GTM,1999,2004,5,3.13791683609193,5.317279815673828,-1.147529125213623,10.631209373474121
tft,HKG,1999,2000,1,7.66344398397743,4.814272880554199,0.8638291358947754,7.571097373962402
tft,HKG,1999,2001,2,0.560867137855524,4.882534980773926,0.8773233890533447,7.683545112609863
tft,HKG,1999,2002,3,1.6567016736435,4.910778999328613,0.8586483001708984,7.72361946105957
tft,HKG,1999,2003,4,3.05635886663597,4.978157997131348,0.8142833709716797,7.847460746765137
tft,HKG,1999,2004,5,8.70006555836002,5.057182788848877,0.7741107940673828,8.074626922607422
tft,HND,1999,2000,1,9.61221879337278,9.511199951171875,2.8588786125183105,15.02228832244873
tft,HND,1999,2001,2,2.72319327321379,9.471395492553711,2.861332893371582,14.838180541992188
tft,HND,1999,2002,3,3.75433786119939,9.454466819763184,2.8724308013916016,14.754066467285156
tft,HND,1999,2003,4,4.54703805165397,9.453980445861816,2.8821067810058594,14.725940704345703
tft,HND,1999,2004,5,6.23230296069102,9.458098411560059,2.8889737129211426,14.71832275390625
tft,HTI,1999,2000,1,0.870059259424892,9.8578462600708,-0.5345034599304199,17.69917106628418
tft,HTI,1999,2001,2,-0.342747883252144,9.885360717773438,-0.595151424407959,17.829540252685547
tft,HTI,1999,2002,3,1.05182013450109,9.915038108825684,-0.6244997978210449,17.9084415435791
tft,HTI,1999,2003,4,3.48077973188326,9.937582015991211,-0.637671947479248,17.96665382385254
tft,HTI,1999,2004,5,-1.3178567596495,9.971874237060547,-0.6487107276916504,18.022043228149414
tft,HUN,1999,2000,1,4.40937501806403,0.3709920644760132,-4.700372695922852,4.381706714630127
tft,HUN,1999,2001,2,4.06202617226026,0.37836354970932007,-4.677151203155518,4.460472583770752
tft,HUN,1999,2002,3,4.73006530805553,0.37689852714538574,-4.650810718536377,4.478168487548828
tft,HUN,1999,2003,4,3.93877761242727,0.38188642263412476,-4.6245880126953125,4.499386787414551
tft,HUN,1999,2004,5,4.96312536156307,0.3911595344543457,-4.5933837890625,4.525583267211914
tft,IDN,1999,2000,1,4.9200677470169,7.000711441040039,-4.490731239318848,15.233741760253906
tft,IDN,1999,2001,2,3.64346644721492,7.237480640411377,-4.616046905517578,15.803897857666016
tft,IDN,1999,2002,3,4.49947539085764,7.349539756774902,-4.698607444763184,16.07659149169922
tft,IDN,1999,2003,4,4.78036912167654,7.400317192077637,-4.744297981262207,16.196693420410156
tft,IDN,1999,2004,5,5.03087394501685,7.429847240447998,-4.774921417236328,16.242294311523438
tft,IND,1999,2000,1,3.84099115686554,5.772896766662598,3.1860480308532715,8.31044864654541
tft,IND,1999,2001,2,4.82396626397303,5.772436618804932,3.155341386795044,8.35842514038086
tft,IND,1999,2002,3,3.80397532120038,5.769002437591553,3.1462621688842773,8.35949993133545
tft,IND,1999,2003,4,7.86038147545045,5.768599033355713,3.1413822174072266,8.351408004760742
tft,IND,1999,2004,5,7.92293661307978,5.765244483947754,3.138990879058838,8.344938278198242
tft,IRL,1999,2000,1,9.40352476399653,3.94207501411438,0.22635269165039062,7.035645008087158
tft,IRL,1999,2001,2,5.30582133514299,3.923593521118164,0.3290896415710449,7.02248477935791
tft,IRL,1999,2002,3,5.89936506079005,3.9213597774505615,0.38516974449157715,7.028412818908691
tft,IRL,1999,2003,4,3.01383869396012,3.919370174407959,0.4045736789703369,7.028717994689941
tft,IRL,1999,2004,5,6.78813990621356,3.932572603225708,0.4631681442260742,7.061612606048584
tft,IRN,1999,2000,1,5.84552747578209,4.17929744720459,1.994230031967163,6.235752105712891
tft,IRN,1999,2001,2,2.39217271207868,4.175522327423096,1.9834704399108887,6.275246620178223
tft,IRN,1999,2002,3,8.07882927975243,4.226219177246094,1.9598720073699951,6.287506103515625
tft,IRN,1999,2003,4,8.6392983972006,4.208940505981445,1.9671554565429688,6.295841217041016
tft,IRN,1999,2004,5,4.33666597851041,4.087851524353027,2.020899772644043,6.2730607986450195
tft,IRQ,1999,2000,1,16.7961344439661,3.67313289642334,-4.256143093109131,13.472085952758789
tft,IRQ,1999,2001,2,1.76660876568174,3.488276958465576,-4.3376145362854,13.087959289550781
tft,IRQ,1999,2002,3,-8.20370481187175,3.5461597442626953,-4.3284220695495605,13.160560607910156
tft,IRQ,1999,2003,4,-36.6567804383165,3.480397939682007,-4.342343807220459,12.981964111328125
tft,IRQ,1999,2004,5,53.3855472887501,3.445960521697998,-4.363987445831299,12.846981048583984
tft,ISL,1999,2000,1,4.90518213950493,5.307271957397461,-15.158281326293945,22.40521240234375
tft,ISL,1999,2001,2,3.84093935332692,5.242525100708008,-15.008777618408203,22.472522735595703
tft,ISL,1999,2002,3,0.542286728290463,5.127712249755859,-15.155965805053711,22.275606155395508
tft,ISL,1999,2003,4,2.28136971847135,5.095653533935547,-15.155441284179688,22.234495162963867
tft,ISL,1999,2004,5,7.62260520494142,5.155208110809326,-14.934431076049805,22.39723014831543
tft,ISR,1999,2000,1,8.59152200608253,3.7005186080932617,0.32097959518432617,7.384145736694336
tft,ISR,1999,2001,2,0.270471415054473,3.8397209644317627,0.2235715389251709,7.698849678039551
tft,ISR,1999,2002,3,-0.152880392675172,3.9424843788146973,0.13881683349609375,7.847872734069824
tft,ISR,1999,2003,4,1.43455918035305,4.006954193115234,0.091583251953125,7.930883407592773
tft,ISR,1999,2004,5,4.64944459908543,4.020071506500244,0.0753946304321289,7.9633941650390625
tft,ITA,1999,2000,1,3.88209885062652,5.175300598144531,1.4235148429870605,8.260031700134277
tft,ITA,1999,2001,2,2.00643329837733,5.32451057434082,1.3196449279785156,8.633905410766602
tft,ITA,1999,2002,3,0.26992966378873,5.433576583862305,1.190213680267334,8.954644203186035
tft,ITA,1999,2003,4,0.0665538088732092,5.512607574462891,1.1613860130310059,9.181280136108398
tft,ITA,1999,2004,5,1.4740217064723,5.551784992218018,1.1738572120666504,9.292131423950195
tft,JPN,1999,2000,1,2.97832688768516,4.285904884338379,0.902000904083252,6.5849504470825195
tft,JPN,1999,2001,2,0.284608556379041,4.33935022354126,0.91629958152771,6.677520751953125
tft,JPN,1999,2002,3,0.0849888050363319,4.355728626251221,0.9025752544403076,6.710360527038574
tft,JPN,1999,2003,4,1.38010935830795,4.411305904388428,0.8668208122253418,6.826464653015137
tft,JPN,1999,2004,5,2.11294823723127,4.498685836791992,0.8150808811187744,7.005919456481934
tft,KEN,1999,2000,1,0.599695390807426,5.896753787994385,1.5424509048461914,9.679586410522461
tft,KEN,1999,2001,2,3.77990649795343,5.951858043670654,1.5740575790405273,9.734163284301758
tft,KEN,1999,2002,3,0.546859530175595,5.965221881866455,1.586177110671997,9.69626522064209
tft,KEN,1999,2003,4,2.93247554570904,5.974583148956299,1.590285062789917,9.66364574432373
tft,KEN,1999,2004,5,5.10429977629738,6.011064052581787,1.5969386100769043,9.690775871276855
tft,KGZ,1999,2000,1,5.44333663288322,4.443883895874023,-1.8733773231506348,9.679576873779297
tft,KGZ,1999,2001,2,5.32162141190466,4.396757125854492,-1.8299469947814941,9.618307113647461
tft,KGZ,1999,2002,3,-0.0173246130360667,4.39404296875,-1.780683994293213,9.630647659301758
tft,KGZ,1999,2003,4,7.03029319731168,4.410381317138672,-1.7183847427368164,9.67714786529541
tft,KGZ,1999,2004,5,7.02681242497607,4.4317946434021,-1.6535778045654297,9.730746269226074
tft,KHM,1999,2000,1,9.99358032292079,-0.2176039218902588,-17.495708465576172,13.06283950805664
tft,KHM,1999,2001,2,7.38971065070517,0.0772242546081543,-17.566495895385742,13.524656295776367
tft,KHM,1999,2002,3,6.26507280509637,0.22301721572875977,-17.626028060913086,13.746862411499023
tft,KHM,1999,2003,4,10.2836813071691,0.3190116882324219,-17.684749603271484,13.879995346069336
tft,KHM,1999,2004,5,9.45769481103929,0.3963198661804199,-17.73908233642578,13.972404479980469
tft,KOR,1999,2000,1,9.2018583880479,5.199395656585693,-12.681694030761719,17.9573917388916
tft,KOR,1999,2001,2,4.72593560322356,5.34327507019043,-12.828336715698242,18.345064163208008
tft,KOR,1999,2002,3,7.74399895319569,5.419715881347656,-12.915473937988281,18.48255729675293
tft,KOR,1999,2003,4,3.07472661826947,5.438179969787598,-12.962068557739258,18.515369415283203
tft,KOR,1999,2004,5,5.1836368597334,5.4485015869140625,-12.997072219848633,18.493755340576172
tft,KWT,1999,2000,1,4.69458187079211,9.562176704406738,6.691265106201172,12.789178848266602
tft,KWT,1999,2001,2,0.213332576499354,9.536720275878906,6.644730567932129,12.772102355957031
tft,KWT,1999,2002,3,3.01428315192251,9.51930046081543,6.6165618896484375,12.752535820007324
tft,KWT,1999,2003,4,17.3260204175143,9.513642311096191,6.596645355224609,12.73714828491211
tft,KWT,1999,2004,5,10.2402980586354,9.52123737335205,6.578769683837891,12.730020523071289
tft,LBY,1999,2000,1,3.6792704082,-0.637037992477417,-18.724254608154297,17.316635131835938
tft,LBY,1999,2001,2,-1.76283887062603,-0.2969064712524414,-18.88264274597168,18.666709899902344
tft,LBY,1999,2002,3,-0.958897332849631,0.1490929126739502,-19.30644416809082,20.11945343017578
tft,LBY,1999,2003,4,13.0160372478013,0.5783966779708862,-19.679109573364258,21.536653518676758
tft,LBY,1999,2004,5,4.46163899648637,0.7769783735275269,-19.873931884765625,22.36728286743164
tft,LKA,1999,2000,1,6.00003315828934,8.938019752502441,-4.73896598815918,22.579757690429688
tft,LKA,1999,2001,2,-1.54540813366026,9.111489295959473,-4.966619491577148,22.830902099609375
tft,LKA,1999,2002,3,3.96467568513113,9.379009246826172,-5.155399322509766,22.891759872436523
tft,LKA,1999,2003,4,5.9402690780223,9.44911003112793,-5.229694366455078,22.837970733642578
tft,LKA,1999,2004,5,5.44506127885352,9.437466621398926,-5.260740280151367,22.78434181213379
tft,LUX,1999,2000,1,6.93809504692074,4.337741851806641,2.261063575744629,6.075595378875732
tft,LUX,1999,2001,2,3.07427520210337,4.3231072425842285,2.2748987674713135,6.057300567626953
tft,LUX,1999,2002,3,3.22528846998354,4.316802024841309,2.2832183837890625,6.048623085021973
tft,LUX,1999,2003,4,2.6192502126754,4.321183681488037,2.309623956680298,6.062788009643555
tft,LUX,1999,2004,5,4.23067892192488,4.327997207641602,2.338127374649048,6.0810089111328125
tft,MAC,1999,2000,1,5.74714593475937,4.704972267150879,-0.14083385467529297,8.054495811462402
tft,MAC,1999,2001,2,2.88824010651439,4.7878241539001465,-0.11019563674926758,8.208359718322754
tft,MAC,1999,2002,3,8.90480904902596,4.793337821960449,-0.11623907089233398,8.269205093383789
tft,MAC,1999,2003,4,11.6433551416587,4.8449201583862305,-0.14800691604614258,8.424899101257324
tft,MAC,1999,2004,5,26.6368742306114,4.711305141448975,-0.11040568351745605,8.582223892211914
tft,MAR,1999,2000,1,2.58218091499747,7.051768779754639,3.6763057708740234,10.23343563079834
tft,MAR,1999,2001,2,7.72182519577728,7.196593284606934,3.593597173690796,10.597550392150879
tft,MAR,1999,2002,3,3.73019737485745,7.255177021026611,3.5482022762298584,10.74658489227295
tft,MAR,1999,2003,4,6.17110214953244,7.288177013397217,3.524482011795044,10.82159423828125
tft,MAR,1999,2004,5,4.57138016516208,7.298457622528076,3.514120101928711,10.859127044677734
tft,MDG,1999,2000,1,4.45685893956946,6.121941089630127,0.9853053092956543,10.792713165283203
tft,MDG,1999,2001,2,5.98023576982733,6.085205078125,0.9463067054748535,10.771459579467773
tft,MDG,1999,2002,3,-12.4079711055149,6.055543422698975,0.9223184585571289,10.754888534545898
tft,MDG,1999,2003,4,9.78489212474175,6.040061950683594,0.9082612991333008,10.751447677612305
tft,MDG,1999,2004,5,5.25700362208742,6.035994052886963,0.9040069580078125,10.751070022583008
tft,MEX,1999,2000,1,5.02928399378261,2.628272294998169,-2.8036246299743652,6.604429244995117
tft,MEX,1999,2001,2,-0.450845253215945,2.6933841705322266,-2.8315491676330566,6.775543689727783
tft,MEX,1999,2002,3,-0.236588001922641,2.707359790802002,-2.842637538909912,6.821987628936768
tft,MEX,1999,2003,4,1.18554486709559,2.7144956588745117,-2.84428071975708,6.845534324645996
tft,MEX,1999,2004,5,3.56544102622887,2.719064235687256,-2.840911865234375,6.860562324523926
tft,MLI,1999,2000,1,-0.736019992224286,5.494349479675293,0.9951961040496826,9.750528335571289
tft,MLI,1999,2001,2,15.806031742271,5.520253658294678,0.9832816123962402,9.83630084991455
tft,MLI,1999,2002,3,3.03627540738884,5.555785179138184,0.9782800674438477,9.931632041931152
tft,MLI,1999,2003,4,9.79712256086644,5.595000743865967,0.9724643230438232,10.035632133483887
tft,MLI,1999,2004,5,1.47732490290102,5.633829116821289,0.9680099487304688,10.138019561767578
tft,MLT,1999,2000,1,19.6812693530689,3.141296863555908,-2.946014881134033,8.755672454833984
tft,MLT,1999,2001,2,-0.757203651807174,3.208899736404419,-3.025211811065674,8.996650695800781
tft,MLT,1999,2002,3,2.74113503379645,3.219021797180176,-3.061763286590576,9.048662185668945
tft,MLT,1999,2003,4,3.69331066307235,3.2255516052246094,-3.082141876220703,9.052959442138672
tft,MLT,1999,2004,5,0.407354423655889,3.2201483249664307,-3.09116792678833,9.047024726867676
tft,MNG,1999,2000,1,1.14606213709108,8.856199264526367,1.1169133186340332,14.382266998291016
tft,MNG,1999,2001,2,2.95271054338117,8.820795059204102,1.0895323753356934,14.335067749023438
tft,MNG,1999,2002,3,4.73297846590111,8.772567749023438,1.0919437408447266,14.293272972106934
tft,MNG,1999,2003,4,7.00463457384886,8.747512817382812,1.0945687294006348,14.259515762329102
tft,MNG,1999,2004,5,10.6254059599309,8.755945205688477,1.0902795791625977,14.234382629394531
tft,MRT,1999,2000,1,-3.91802587923293,3.0673716068267822,-4.767803192138672,9.732090950012207
tft,MRT,1999,2001,2,-0.799493815789347,3.077423095703125,-4.876967430114746,9.791502952575684
tft,MRT,1999,2002,3,1.38148396199058,3.1089601516723633,-4.958287239074707,9.879496574401855
tft,MRT,1999,2003,4,6.92826955106302,3.097412586212158,-4.962634086608887,9.969134330749512
tft,MRT,1999,2004,5,4.7327579245203,3.084656238555908,-4.95958137512207,10.028550148010254
tft,MUS,1999,2000,1,8.20279174865273,6.306982040405273,-4.012139320373535,13.97661018371582
tft,MUS,1999,2001,2,3.3475407273143,6.330165386199951,-4.085328102111816,14.038941383361816
tft,MUS,1999,2002,3,1.61491865862438,6.302586555480957,-4.115008354187012,13.996464729309082
tft,MUS,1999,2003,4,5.9254454894774,6.268191814422607,-4.123106956481934,13.95409107208252
tft,MUS,1999,2004,5,4.33001985464323,6.249460697174072,-4.121817588806152,13.910401344299316
tft,MYS,1999,2000,1,8.85886816969386,7.756730079650879,-2.519167900085449,15.696765899658203
tft,MYS,1999,2001,2,0.517675319192861,7.717232704162598,-2.5761313438415527,15.783246994018555
tft,MYS,1999,2002,3,5.39098830692797,7.688118934631348,-2.599092960357666,15.804851531982422
tft,MYS,1999,2003,4,5.7884992858875,7.667971611022949,-2.621570587158203,15.791383743286133
tft,MYS,1999,2004,5,6.78343772370305,7.65224552154541,-2.639261245727539,15.771587371826172
tft,NER,1999,2000,1,-1.20847774100575,7.642552852630615,4.211482048034668,10.827945709228516
tft,NER,1999,2001,2,7.26813490213235,7.66132116317749,4.210630416870117,10.875910758972168
tft,NER,1999,2002,3,4.91847057594622,7.673025608062744,4.206010341644287,10.916669845581055
tft,NER,1999,2003,4,2.1706103837418,7.697948932647705,4.199042320251465,10.989237785339355
tft,NER,1999,2004,5,0.363801578722132,7.732292652130127,4.189879417419434,11.082660675048828
tft,NIC,1999,2000,1,4.10159025073438,5.144372463226318,-5.974769115447998,14.05155086517334
tft,NIC,1999,2001,2,2.96084349057273,5.01356315612793,-6.079156398773193,13.63603401184082
tft,NIC,1999,2002,3,0.753938876079573,4.880213260650635,-6.109434127807617,13.219565391540527
tft,NIC,1999,2003,4,2.52073289551447,4.787144660949707,-6.114192485809326,12.954704284667969
tft,NIC,1999,2004,5,5.31217056950739,4.713901042938232,-6.106507778167725,12.78590202331543
tft,NLD,1999,2000,1,4.21970034558892,1.2379387617111206,-7.40817928314209,8.277406692504883
tft,NLD,1999,2001,2,2.32358454925847,1.1922863721847534,-7.2799072265625,8.239978790283203
tft,NLD,1999,2002,3,0.24582951723049,1.1696045398712158,-7.2329206466674805,8.213800430297852
tft,NLD,1999,2003,4,0.0978549395212411,1.1567959785461426,-7.218923568725586,8.19648551940918
tft,NLD,1999,2004,5,2.01628331561487,1.152418613433838,-7.202060699462891,8.192657470703125
tft,NOR,1999,2000,1,3.443416131481,2.9988512992858887,0.5299136638641357,5.022222518920898
tft,NOR,1999,2001,2,2.1634350595868,3.0674495697021484,0.4799365997314453,5.208953380584717
tft,NOR,1999,2002,3,1.45747886087304,3.0798163414001465,0.4881289005279541,5.248678684234619
tft,NOR,1999,2003,4,1.09635781210122,3.0894930362701416,0.49976539611816406,5.276587009429932
tft,NOR,1999,2004,5,4.33015597691212,3.095940351486206,0.5100612640380859,5.293800354003906
tft,NPL,1999,2000,1,6.19999998192236,3.6771132946014404,2.230651378631592,5.12094783782959
tft,NPL,1999,2001,2,4.79989214255407,3.701345682144165,2.203134536743164,5.183933258056641
tft,NPL,1999,2002,3,0.120143177369414,3.715662717819214,2.1947221755981445,5.211334228515625
tft,NPL,1999,2003,4,3.94503776051116,3.7287588119506836,2.1910595893859863,5.2271223068237305
tft,NPL,1999,2004,5,4.68260325152944,3.745090961456299,2.1855897903442383,5.242003440856934
tft,NZL,1999,2000,1,2.86879087314065,4.864026069641113,-0.25384998321533203,8.4722900390625
tft,NZL,1999,2001,2,3.41557461751114,4.8639068603515625,-0.28673529624938965,8.504502296447754
tft,NZL,1999,2002,3,4.71514593471419,4.731901168823242,-0.26331210136413574,8.513520240783691
tft,NZL,1999,2003,4,4.72587484712128,4.671545505523682,-0.2557957172393799,8.490458488464355
tft,NZL,1999,2004,5,4.09053577279863,4.746730804443359,-0.29377317428588867,8.484663009643555
tft,OMN,1999,2000,1,6.19241063695442,3.4177920818328857,-0.7500355243682861,7.708859443664551
tft,OMN,1999,2001,2,4.61316649389876,3.2215490341186523,-0.7740979194641113,7.15231990814209
tft,OMN,1999,2002,3,-0.784165786429256,3.0981547832489014,-0.7715034484863281,6.807009696960449
tft,OMN,1999,2003,4,-2.19466567976842,3.011597156524658,-0.764092206954956,6.587346076965332
tft,OMN,1999,2004,5,1.99251510973346,2.8481557369232178,-0.716069221496582,6.44354248046875
tft,PAK,1999,2000,1,4.2600880111325,6.584145545959473,-3.416959762573242,19.347787857055664
tft,PAK,1999,2001,2,3.65135017083765,7.013673782348633,-3.3232431411743164,20.053577423095703
tft,PAK,1999,2002,3,2.59481668445784,7.127278804779053,-3.4493961334228516,20.02096939086914
tft,PAK,1999,2003,4,5.40131087314342,7.419416427612305,-3.593857765197754,20.538448333740234
tft,PAK,1999,2004,5,7.83125556961251,7.875088691711426,-3.8064613342285156,21.661670684814453
tft,PAN,1999,2000,1,4.20900547865375,6.8892598152160645,3.1451969146728516,9.774003982543945
tft,PAN,1999,2001,2,0.949908149985234,6.881424427032471,3.1216447353363037,9.790547370910645
tft,PAN,1999,2002,3,2.50884372716125,6.872281551361084,3.1121644973754883,9.791372299194336
tft,PAN,1999,2003,4,5.09686030493801,6.863976955413818,3.109657049179077,9.786922454833984
tft,PAN,1999,2004,5,8.17565333965649,6.85642671585083,3.110769033432007,9.78193473815918
tft,PER,1999,2000,1,2.69437139806912,7.034529685974121,-0.4516429901123047,12.547744750976562
tft,PER,1999,2001,2,0.617892325624297,7.130841255187988,-0.503995418548584,12.748943328857422
tft,PER,1999,2002,3,5.45352893818767,7.170374870300293,-0.5234847068786621,12.815217971801758
tft,PER,1999,2003,4,4.16502313666112,7.190000057220459,-0.5249810218811035,12.845739364624023
tft,PER,1999,2004,5,4.95820320611745,7.199485778808594,-0.5180149078369141,12.862503051757812
tft,PHL,1999,2000,1,4.38250500083399,4.65155029296875,-3.2875380516052246,10.726861953735352
tft,PHL,1999,2001,2,3.04923134463486,4.800166606903076,-3.3885021209716797,11.067353248596191
tft,PHL,1999,2002,3,3.71625500158383,4.8959455490112305,-3.45596981048584,11.241031646728516
tft,PHL,1999,2003,4,5.08691113513073,4.931550979614258,-3.4844226837158203,11.331132888793945
tft,PHL,1999,2004,5,6.56922851180626,4.953569412231445,-3.5038304328918457,11.382746696472168
tft,PRT,1999,2000,1,3.81617714108242,3.544121026992798,-0.2868342399597168,6.659034729003906
tft,PRT,1999,2001,2,1.94367213427915,3.5352957248687744,-0.24837827682495117,6.6766676902771
tft,PRT,1999,2002,3,0.770924781247714,3.5250885486602783,-0.23584508895874023,6.667679786682129
tft,PRT,1999,2003,4,-0.930521045062918,3.519528388977051,-0.2315812110900879,6.6619343757629395
tft,PRT,1999,2004,5,1.78873552917291,3.5168042182922363,-0.2257685661315918,6.6594672203063965
tft,PRY,1999,2000,1,-2.31414056819045,5.088416576385498,0.6101150512695312,8.36428451538086
tft,PRY,1999,2001,2,-0.834054716746095,5.229957580566406,0.5909736156463623,8.607161521911621
tft,PRY,1999,2002,3,-0.0214043949985694,5.360599994659424,0.5252609252929688,8.84065055847168
tft,PRY,1999,2003,4,4.32074548551591,5.496679306030273,0.464097261428833,9.111251831054688
tft,PRY,1999,2004,5,4.05741836363771,5.583878040313721,0.4326944351196289,9.29458236694336
tft,QAT,1999,2000,1,8.02812548837973,7.386454105377197,3.1786203384399414,11.669791221618652
tft,QAT,1999,2001,2,3.89814748805541,7.217596054077148,3.063828468322754,11.478643417358398
tft,QAT,1999,2002,3,7.18252331136711,7.0303730964660645,2.9886929988861084,11.227598190307617
tft,QAT,1999,2003,4,3.7199194981967,6.842806816101074,2.933382987976074,10.966615676879883
tft,QAT,1999,2004,5,19.2185032411244,6.1562395095825195,2.836700201034546,9.950748443603516
tft,RUS,1999,2000,1,10.0000668136515,2.809311866760254,-3.613795757293701,7.799351692199707
tft,RUS,1999,2001,2,5.10005122572568,2.7649030685424805,-3.490029811859131,7.746176242828369
tft,RUS,1999,2002,3,4.69999190914258,2.7581443786621094,-3.4235119819641113,7.749658584594727
tft,RUS,1999,2003,4,7.29995234528189,2.7630956172943115,-3.3764967918395996,7.771896839141846
tft,RUS,1999,2004,5,7.19994786954857,2.773599147796631,-3.3336801528930664,7.80276346206665
tft,RWA,1999,2000,1,8.37089593573039,-5.111310958862305,-14.030231475830078,4.201469421386719
tft,RWA,1999,2001,2,8.48456034086699,-5.316865921020508,-14.216558456420898,3.4797487258911133
tft,RWA,1999,2002,3,13.1920736288433,-5.716829299926758,-14.4071626663208,2.31103515625
tft,RWA,1999,2003,4,2.2023875095978,-6.0951151847839355,-14.390911102294922,1.6440458297729492
tft,RWA,1999,2004,5,7.44766737037035,-6.197762489318848,-14.343503952026367,1.4026737213134766
tft,SAU,1999,2000,1,4.71813422138024,2.068495988845825,-7.941351413726807,12.39212417602539
tft,SAU,1999,2001,2,0.344593196175438,3.8074986934661865,-7.871964931488037,15.101205825805664
tft,SAU,1999,2002,3,-0.688390130317757,3.725963592529297,-8.082624435424805,15.295366287231445
tft,SAU,1999,2003,4,8.76873381743964,3.630549192428589,-8.243515014648438,15.4473876953125
tft,SAU,1999,2004,5,8.63100545880309,3.477691173553467,-8.358650207519531,15.457529067993164
tft,SDN,1999,2000,1,6.34586743997545,9.049444198608398,-6.027369976043701,23.078113555908203
tft,SDN,1999,2001,2,6.50036053396883,9.023807525634766,-6.15192174911499,23.102313995361328
tft,SDN,1999,2002,3,6.0064715363132,8.988944053649902,-6.223153591156006,23.068307876586914
tft,SDN,1999,2003,4,6.28880816146516,8.999970436096191,-6.340628147125244,23.014612197875977
tft,SDN,1999,2004,5,5.14088851762675,9.004199028015137,-6.385460376739502,22.985994338989258
tft,SEN,1999,2000,1,3.88721095816793,4.0610198974609375,-3.8605127334594727,10.67757797241211
tft,SEN,1999,2001,2,4.31085146618369,4.1335039138793945,-3.9212098121643066,10.87569808959961
tft,SEN,1999,2002,3,0.0686965747419066,4.1951422691345215,-3.945542812347412,11.009363174438477
tft,SEN,1999,2003,4,5.59395094456143,4.243493556976318,-3.961796760559082,11.087390899658203
tft,SEN,1999,2004,5,4.64329393683312,4.268796920776367,-3.9744153022766113,11.125204086303711
tft,SGP,1999,2000,1,9.03831632555163,3.539621114730835,-2.221886396408081,7.811635971069336
tft,SGP,1999,2001,2,-1.07086275100448,3.518204927444458,-2.1787774562835693,8.149978637695312
tft,SGP,1999,2002,3,3.92336076702013,3.8834385871887207,-2.3422582149505615,8.369526863098145
tft,SGP,1999,2003,4,4.54825542643229,3.920653820037842,-2.427440881729126,8.375327110290527
tft,SGP,1999,2004,5,9.93998268434957,3.906222343444824,-2.380297899246216,8.542449951171875
tft,SLB,1999,2000,1,-14.2769995149354,9.261192321777344,4.48604679107666,12.946338653564453
tft,SLB,1999,2001,2,-7.95660550454917,9.462902069091797,4.421128749847412,13.292152404785156
tft,SLB,1999,2002,3,-2.7999838935951,9.5820951461792,4.373294353485107,13.53635025024414
tft,SLB,1999,2003,4,6.52346760921694,9.6701021194458,4.3450164794921875,13.712392807006836
tft,SLB,1999,2004,5,7.68364102152745,9.726154327392578,4.330533981323242,13.819355010986328
tft,SLV,1999,2000,1,1.12790697674419,5.049478054046631,-1.9605693817138672,10.060243606567383
tft,SLV,1999,2001,2,0.879613659882722,5.039109230041504,-2.000943660736084,10.078470230102539
tft,SLV,1999,2002,3,1.57291844759789,5.0170159339904785,-2.0147595405578613,10.050251007080078
tft,SLV,1999,2003,4,1.56539303147618,5.002102375030518,-2.01707124710083,10.027036666870117
tft,SLV,1999,2004,5,0.889404485692197,4.993706226348877,-2.0135140419006348,10.013748168945312
tft,SWE,1999,2000,1,4.63112136551369,1.5849924087524414,-4.078313827514648,6.099570274353027
tft,SWE,1999,2001,2,1.36080642694121,1.5629909038543701,-3.9920637607574463,6.100711822509766
tft,SWE,1999,2002,3,2.27772867861897,1.5624525547027588,-3.93910813331604,6.1203413009643555
tft,SWE,1999,2003,4,1.88102769675844,1.5689210891723633,-3.900596857070923,6.1458516120910645
tft,SWE,1999,2004,5,4.17958419343711,1.5763063430786133,-3.870152235031128,6.1682329177856445
tft,SYC,1999,2000,1,4.25319834931828,3.469082832336426,0.12424635887145996,5.859598159790039
tft,SYC,1999,2001,2,-2.27116288552982,3.5072312355041504,0.10105037689208984,5.926397323608398
tft,SYC,1999,2002,3,1.21283290259314,3.3833041191101074,0.1898667812347412,6.052010536193848
tft,SYC,1999,2003,4,-5.88712848764477,3.4883029460906982,0.08842658996582031,5.919959545135498
tft,SYC,1999,2004,5,-2.8504539768538,3.5008490085601807,0.1031045913696289,5.939569473266602
tft,TCD,1999,2000,1,-0.879681024156014,6.287302017211914,-1.9835858345031738,14.095987319946289
tft,TCD,1999,2001,2,11.6581346550771,6.2326250076293945,-2.017305850982666,14.037500381469727
tft,TCD,1999,2002,3,8.4912098197177,6.312252998352051,-2.008307933807373,14.184127807617188
tft,TCD,1999,2003,4,14.7216670123589,6.7945966720581055,-1.92254638671875,14.899459838867188
tft,TCD,1999,2004,5,33.6293718498522,7.297006607055664,-1.8393769264221191,15.595008850097656
tft,TGO,1999,2000,1,-0.783479610048047,3.270120620727539,-7.387242317199707,11.844988822937012
tft,TGO,1999,2001,2,0.823438752111855,3.4852399826049805,-7.421295166015625,12.274401664733887
tft,TGO,1999,2002,3,3.82662257675142,3.6436100006103516,-7.439876556396484,12.566475868225098
tft,TGO,1999,2003,4,6.72017142336034,3.765134811401367,-7.439345359802246,12.802139282226562
tft,TGO,1999,2004,5,-0.978665332738743,3.8590755462646484,-7.4516496658325195,12.9579496383667
tft,THA,1999,2000,1,4.45524704335014,6.306365013122559,-3.538680076599121,13.25629997253418
tft,THA,1999,2001,2,3.44424900968372,6.553098678588867,-3.6344103813171387,13.81136417388916
tft,THA,1999,2002,3,6.14903605210036,6.717856407165527,-3.733489990234375,14.188647270202637
tft,THA,1999,2003,4,7.18924330340971,6.808270454406738,-3.792656421661377,14.398808479309082
tft,THA,1999,2004,5,6.28934214285795,6.850481986999512,-3.8269190788269043,14.487361907958984
tft,TON,1999,2000,1,3.75409745006452,8.567961692810059,4.913905143737793,11.084364891052246
tft,TON,1999,2001,2,1.49248125545273,8.60656452178955,4.883996963500977,11.190759658813477
tft,TON,1999,2002,3,4.4292235994526,8.616443634033203,4.872354507446289,11.224863052368164
tft,TON,1999,2003,4,0.0518054450729011,8.61312198638916,4.8687744140625,11.226961135864258
tft,TON,1999,2004,5,-1.96794740326561,8.60444450378418,4.867776393890381,11.216516494750977
tft,TUN,1999,2000,1,4.7099729138049,2.594733238220215,-0.20856618881225586,5.185192108154297
tft,TUN,1999,2001,2,3.79627166202512,2.5936391353607178,-0.23430156707763672,5.209040641784668
tft,TUN,1999,2002,3,1.32255714828946,2.5893616676330566,-0.24411964416503906,5.211348533630371
tft,TUN,1999,2003,4,4.70239953285241,2.58465838432312,-0.24802136421203613,5.206491470336914
tft,TUN,1999,2004,5,6.23579072222647,2.5843944549560547,-0.2512485980987549,5.200238227844238
tft,TUR,1999,2000,1,6.98528697817062,2.9633374214172363,-2.311004400253296,7.438429355621338
tft,TUR,1999,2001,2,-5.45940838563062,3.1689746379852295,-2.47420334815979,7.988450050354004
tft,TUR,1999,2002,3,6.43550883793114,3.2183563709259033,-2.502253770828247,8.139028549194336
tft,TUR,1999,2003,4,5.79909321038525,3.2463507652282715,-2.504657506942749,8.221050262451172
tft,TUR,1999,2004,5,9.92540551918624,3.2637617588043213,-2.495255708694458,8.268916130065918
tft,TZA,1999,2000,1,4.52078463603256,5.170113563537598,0.7455301284790039,8.95034122467041
tft,TZA,1999,2001,2,6.07080828734129,5.18507194519043,0.6919493675231934,9.03040885925293
tft,TZA,1999,2002,3,7.09319498355502,5.200966835021973,0.6457540988922119,9.123565673828125
tft,TZA,1999,2003,4,6.67278983053497,5.221073150634766,0.6282472610473633,9.235187530517578
tft,TZA,1999,2004,5,7.50381465859829,5.2339301109313965,0.621511697769165,9.324413299560547
tft,UGA,1999,2000,1,3.141907338187,3.3007969856262207,-7.508673667907715,13.420631408691406
tft,UGA,1999,2001,2,5.18366112490236,3.252507448196411,-7.512163162231445,13.35505199432373
tft,UGA,1999,2002,3,8.73268576440127,3.270646095275879,-7.4771270751953125,13.378368377685547
tft,UGA,1999,2003,4,6.47325867166543,3.280661106109619,-7.458392143249512,13.40423583984375
tft,UGA,1999,2004,5,6.80723334361883,3.1948416233062744,-7.492940902709961,13.288203239440918
tft,UKR,1999,2000,1,5.90000000024899,3.806140899658203,-0.4430670738220215,7.110129356384277
tft,UKR,1999,2001,2,8.80000000367222,3.783689498901367,-0.3883848190307617,7.09428071975708
tft,UKR,1999,2002,3,5.33964720719075,3.782836675643921,-0.34914445877075195,7.106771469116211
tft,UKR,1999,2003,4,9.51660986436364,3.7912204265594482,-0.3136887550354004,7.134249210357666
tft,UKR,1999,2004,5,11.7953525281136,3.7981925010681152,-0.28807783126831055,7.154260635375977
tft,URY,1999,2000,1,-1.92993063549235,-4.425567626953125,-18.471092224121094,5.4792046546936035
tft,URY,1999,2001,2,-3.84412995940374,-4.199714183807373,-18.536521911621094,6.041871547698975
tft,URY,1999,2002,3,-7.73200721540044,-4.162489891052246,-18.55667495727539,6.168323040008545
tft,URY,1999,2003,4,0.805283915893824,-4.151098728179932,-18.549880981445312,6.221045017242432
tft,URY,1999,2004,5,5.00416035564457,-4.1463751792907715,-18.531869888305664,6.24967622756958
tft,USA,1999,2000,1,4.07758575997799,3.894756317138672,-2.814932346343994,8.765429496765137
tft,USA,1999,2001,2,0.955538337599847,3.8853657245635986,-2.875990390777588,8.76478099822998
tft,USA,1999,2002,3,1.70044733078285,3.866807460784912,-2.906665325164795,8.73715591430664
tft,USA,1999,2003,4,2.79560596378604,3.852543354034424,-2.925403118133545,8.703686714172363
tft,USA,1999,2004,5,3.84777169267127,3.830582857131958,-2.935873031616211,8.679400444030762
tft,VNM,1999,2000,1,6.78731640463151,4.709640979766846,0.8573577404022217,7.511948585510254
tft,VNM,1999,2001,2,6.19289331233377,4.701503276824951,0.8320062160491943,7.506325721740723
tft,VNM,1999,2002,3,6.32082099160833,4.693547248840332,0.8209307193756104,7.493486404418945
tft,VNM,1999,2003,4,6.89906349055258,4.682321071624756,0.8138234615325928,7.470322608947754
tft,VNM,1999,2004,5,7.53641060890386,4.668663501739502,0.8093483448028564,7.440134048461914
tft,VUT,1999,2000,1,5.92480905652918,6.484040260314941,3.4794321060180664,8.826289176940918
tft,VUT,1999,2001,2,-3.39758248938266,6.526406764984131,3.4803810119628906,8.944477081298828
tft,VUT,1999,2002,3,-5.19831875936025,6.556532859802246,3.4735686779022217,9.007333755493164
tft,VUT,1999,2003,4,4.28833511695457,6.578369140625,3.4672627449035645,9.05247688293457
tft,VUT,1999,2004,5,3.98739280216959,6.593374729156494,3.4617741107940674,9.086246490478516
tft,ZAF,1999,2000,1,4.20000000067826,4.058453559875488,-4.067281723022461,9.715188980102539
tft,ZAF,1999,2001,2,2.70000000019104,4.244053840637207,-4.161492347717285,10.160877227783203
tft,ZAF,1999,2002,3,3.70037440406668,4.334197521209717,-4.210665702819824,10.416513442993164
tft,ZAF,1999,2003,4,2.94907546754213,4.375924587249756,-4.228453159332275,10.544246673583984
tft,ZAF,1999,2004,5,4.55455990721774,4.396634578704834,-4.233695983886719,10.606803894042969
tft,ABW,2004,2005,1,-0.383137672063768,5.901256561279297,0.7483649253845215,10.0769681930542
tft,ABW,2004,2006,2,1.12741146411624,2.8133130073547363,-1.1814477443695068,6.661776542663574
tft,ABW,2004,2007,3,3.0895443848509,2.742936372756958,-1.280836820602417,6.462203025817871
tft,ABW,2004,2008,4,1.83575517191368,2.945997714996338,-1.1021101474761963,6.623241424560547
tft,ABW,2004,2009,5,-11.6777413693852,2.907810688018799,-1.5880777835845947,6.976172924041748
tft,ALB,2004,2005,1,5.13082193056189,8.267048835754395,3.130228042602539,12.021890640258789
tft,ALB,2004,2006,2,6.0189812403864,8.744815826416016,4.201103210449219,12.194074630737305
tft,ALB,2004,2007,3,6.50009261158209,9.116841316223145,5.054588317871094,12.329445838928223
tft,ALB,2004,2008,4,6.90706230713707,9.292844772338867,5.45814323425293,12.411518096923828
tft,ALB,2004,2009,5,2.69075152362146,9.42316722869873,5.710637092590332,12.489803314208984
tft,AUS,2004,2005,1,3.15548121323168,4.3696136474609375,-2.9414258003234863,8.855833053588867
tft,AUS,2004,2006,2,2.7709261737475,3.6481106281280518,-3.3559718132019043,8.048685073852539
tft,AUS,2004,2007,3,3.78947119882653,3.563741445541382,-3.579472541809082,7.955246925354004
tft,AUS,2004,2008,4,3.62398503565633,3.3831989765167236,-4.241844654083252,8.109737396240234
tft,AUS,2004,2009,5,1.95484826298522,3.26676607131958,-4.658630847930908,8.158177375793457
tft,AUT,2004,2005,1,2.32036514266782,3.6255345344543457,2.2187693119049072,4.621589660644531
tft,AUT,2004,2006,2,3.26933601506059,3.465770721435547,1.7848610877990723,4.48566198348999
tft,AUT,2004,2007,3,3.77522468729185,3.4003384113311768,1.4628612995147705,4.665914535522461
tft,AUT,2004,2008,4,1.45330562142114,3.4210593700408936,1.4584479331970215,4.707510948181152
tft,AUT,2004,2009,5,-3.58626472551299,3.4035444259643555,1.405395746231079,4.728384017944336
tft,BEL,2004,2005,1,2.32173792911834,3.81512188911438,2.413623332977295,5.123449325561523
tft,BEL,2004,2006,2,2.55234087322462,3.341174840927124,1.9263032674789429,4.469851493835449
tft,BEL,2004,2007,3,3.67692462515802,3.5518240928649902,2.1322474479675293,4.737092018127441
tft,BEL,2004,2008,4,0.446905130727231,3.7325000762939453,2.0945518016815186,5.162690162658691
tft,BEL,2004,2009,5,-1.90644105515335,3.75321626663208,2.034618377685547,5.261279106140137
tft,BEN,2004,2005,1,1.71316456361184,2.8950417041778564,1.216850996017456,4.037627220153809
tft,BEN,2004,2006,2,3.94373882815798,2.7552762031555176,1.1872011423110962,3.84665846824646
tft,BEN,2004,2007,3,5.98634932177609,2.67496919631958,1.119497537612915,3.736084461212158
tft,BEN,2004,2008,4,4.89657708429647,2.691113233566284,1.1604429483413696,3.738802433013916
tft,BEN,2004,2009,5,2.31929213912838,2.6452789306640625,1.0664682388305664,3.730947732925415
tft,BFA,2004,2005,1,8.66187322841225,3.644639015197754,0.38340306282043457,6.6649065017700195
tft,BFA,2004,2006,2,6.25316468817478,3.969233512878418,0.6469967365264893,6.963213920593262
tft,BFA,2004,2007,3,4.11137901761516,4.077848434448242,0.784632682800293,6.99899435043335
tft,BFA,2004,2008,4,5.79999174105387,4.153580665588379,0.907203197479248,6.981760025024414
tft,BFA,2004,2009,5,2.96195085866692,4.238386631011963,0.9226484298706055,7.0931396484375
tft,BGD,2004,2005,1,6.53594493875502,3.175563097000122,1.6437923908233643,4.6474928855896
tft,BGD,2004,2006,2,6.67190498576788,3.355175733566284,1.7594904899597168,4.75413703918457
tft,BGD,2004,2007,3,7.05859935449848,3.514496326446533,1.887368083000183,4.884299278259277
tft,BGD,2004,2008,4,6.01378975738535,3.7039313316345215,1.8717200756072998,5.19234037399292
tft,BGD,2004,2009,5,5.04512479919337,3.8713340759277344,1.7590522766113281,5.553610324859619
tft,BGR,2004,2005,1,7.05634916258309,4.546880722045898,1.3197016716003418,7.102258682250977
tft,BGR,2004,2006,2,6.80259262432862,4.606496334075928,1.3956472873687744,7.157112121582031
tft,BGR,2004,2007,3,6.65438512368812,4.7826666831970215,1.6838877201080322,7.268418312072754
tft,BGR,2004,2008,4,6.12955885899744,4.950942039489746,1.9954965114593506,7.388579368591309
tft,BGR,2004,2009,5,-3.34714308501542,5.100216388702393,2.2365918159484863,7.494784355163574
tft,BHR,2004,2005,1,6.76899737789502,7.068236827850342,2.1351492404937744,13.89864444732666
tft,BHR,2004,2006,2,6.4669995195042,4.52828311920166,1.7276039123535156,8.764122009277344
tft,BHR,2004,2007,3,8.29396129093843,5.017410755157471,2.8774383068084717,8.772465705871582
tft,BHR,2004,2008,4,6.24501094995797,4.668056488037109,2.0922234058380127,8.584362983703613
tft,BHR,2004,2009,5,2.53988570158225,4.683958053588867,1.8996472358703613,8.595580101013184
tft,BHS,2004,2005,1,3.39608420536011,6.382434368133545,0.2438664436340332,10.547462463378906
tft,BHS,2004,2006,2,2.51659221712706,4.853591442108154,-0.6249241828918457,8.632160186767578
tft,BHS,2004,2007,3,1.44609991235758,5.499725818634033,-0.024335384368896484,8.938079833984375
tft,BHS,2004,2008,4,-2.32364807041851,5.653252601623535,-0.13021612167358398,9.296134948730469
tft,BHS,2004,2009,5,-4.17542805647342,5.586612224578857,-0.3156290054321289,9.389415740966797
tft,BLZ,2004,2005,1,2.2191905367057,7.549998760223389,3.029494285583496,11.21583080291748
tft,BLZ,2004,2006,2,4.51145460193301,6.76544189453125,2.066467046737671,9.954782485961914
tft,BLZ,2004,2007,3,3.33939738340764,6.705069065093994,1.8691136837005615,10.249046325683594
tft,BLZ,2004,2008,4,-1.62747776449082,6.8120622634887695,1.9727351665496826,10.432952880859375
tft,BLZ,2004,2009,5,-0.446709636828217,6.9171648025512695,2.116507053375244,10.473544120788574
tft,BOL,2004,2005,1,4.42143313550196,4.507589340209961,2.5073564052581787,6.465455532073975
tft,BOL,2004,2006,2,4.79700881067477,4.872008800506592,2.7572519779205322,6.741378307342529
tft,BOL,2004,2007,3,4.56438425143126,5.195638656616211,3.039025068283081,7.005371570587158
tft,BOL,2004,2008,4,6.14849787777658,5.303500175476074,3.205307722091675,7.067174434661865
tft,BOL,2004,2009,5,3.35699958346049,5.359851360321045,3.329070806503296,7.07108736038208
tft,BRA,2004,2005,1,3.20213206130431,3.8211545944213867,1.921814203262329,5.390766143798828
tft,BRA,2004,2006,2,3.96198871122617,3.339341402053833,1.455414891242981,4.866742134094238
tft,BRA,2004,2007,3,6.06987060678338,3.5973002910614014,1.740857720375061,5.120822906494141
tft,BRA,2004,2008,4,5.09419544658736,3.7545502185821533,1.8078181743621826,5.363775730133057
tft,BRA,2004,2009,5,-0.125812002161169,3.836780548095703,1.7823392152786255,5.513867378234863
tft,BRN,2004,2005,1,-0.0039253166074644,6.261183738708496,2.354471206665039,9.101587295532227
tft,BRN,2004,2006,2,4.09841257308588,4.9862060546875,1.1251780986785889,7.818643569946289
tft,BRN,2004,2007,3,-3.76362326254647,4.656309604644775,0.9909954071044922,7.564052581787109
tft,BRN,2004,2008,4,-3.90071101715114,4.335475921630859,0.568756103515625,7.585358619689941
tft,BRN,2004,2009,5,-1.90025367202547,4.155155181884766,0.319857120513916,7.6196088790893555
tft,BTN,2004,2005,1,6.93507146766659,1.5033905506134033,-4.545996189117432,5.996994495391846
tft,BTN,2004,2006,2,5.6408051539139,2.1604061126708984,-4.639225006103516,6.874527454376221
tft,BTN,2004,2007,3,16.1047836542012,3.3188467025756836,-3.4849281311035156,7.678118705749512
tft,BTN,2004,2008,4,4.52944877696235,4.195550918579102,-3.176799774169922,9.012351989746094
tft,BTN,2004,2009,5,7.66749238553135,4.807250022888184,-3.487612724304199,10.371848106384277
tft,BWA,2004,2005,1,4.55664565323181,5.931461334228516,0.5512099266052246,10.14689826965332
tft,BWA,2004,2006,2,8.36387109282306,6.150763034820557,1.5905780792236328,9.292797088623047
tft,BWA,2004,2007,3,5.79255577727118,6.666098117828369,3.0036842823028564,9.390373229980469
tft,BWA,2004,2008,4,3.25207295796832,6.742143630981445,2.845048427581787,9.735005378723145
tft,BWA,2004,2009,5,-14.1442346163423,6.650645732879639,2.3397226333618164,9.84642219543457
tft,CAF,2004,2005,1,0.908210514871953,8.119726181030273,2.2009830474853516,11.942049980163574
tft,CAF,2004,2006,2,4.77108543044105,5.081610202789307,-1.2952070236206055,11.145330429077148
tft,CAF,2004,2007,3,4.60753485452025,4.08158540725708,-2.1751184463500977,11.37759780883789
tft,CAF,2004,2008,4,2.05413096200485,4.7029852867126465,-1.5449371337890625,11.769856452941895
tft,CAF,2004,2009,5,8.58726042640994,4.229409217834473,-6.611780166625977,13.424652099609375
tft,CAN,2004,2005,1,3.21045441502793,3.0412843227386475,-0.1925889253616333,4.933866024017334
tft,CAN,2004,2006,2,2.63794375302722,2.6486921310424805,-0.4032648801803589,4.492103576660156
tft,CAN,2004,2007,3,2.04990459443619,2.6740002632141113,-0.33258509635925293,4.4111528396606445
tft,CAN,2004,2008,4,0.995406371264522,2.5776853561401367,-0.29534852504730225,4.295699596405029
tft,CAN,2004,2009,5,-2.91508627059555,2.560340166091919,-0.28461527824401855,4.26056432723999
tft,CHE,2004,2005,1,2.95208487460334,3.3867619037628174,1.8151711225509644,4.701817035675049
tft,CHE,2004,2006,2,4.13432251467916,3.428224802017212,1.7710611820220947,4.595176696777344
tft,CHE,2004,2007,3,3.98319384807056,3.556424856185913,2.1030454635620117,4.654225826263428
tft,CHE,2004,2008,4,2.53159615417233,3.413755416870117,2.083718776702881,4.469651222229004
tft,CHE,2004,2009,5,-1.93490944903913,3.38346004486084,2.0285520553588867,4.479231357574463
tft,CHL,2004,2005,1,5.83704571917758,3.83034086227417,2.989511013031006,4.696503162384033
tft,CHL,2004,2006,2,6.04999082563968,3.9826924800872803,2.664803981781006,4.954876899719238
tft,CHL,2004,2007,3,5.16823098528431,3.9049949645996094,2.159712553024292,5.132691383361816
tft,CHL,2004,2008,4,3.78939280635238,3.8403520584106445,1.9475433826446533,5.190543174743652
tft,CHL,2004,2009,5,-1.11803723642878,3.8809351921081543,1.8991050720214844,5.296588897705078
tft,CHN,2004,2005,1,11.4535130030645,7.991270065307617,4.360579013824463,10.650744438171387
tft,CHN,2004,2006,2,12.6752842281595,8.762992858886719,4.843622207641602,11.564838409423828
tft,CHN,2004,2007,3,14.1507710506103,9.461548805236816,6.3178300857543945,11.932417869567871
tft,CHN,2004,2008,4,9.66877608164454,9.818950653076172,6.439975261688232,12.233816146850586
tft,CHN,2004,2009,5,9.40610014336416,9.72208023071289,4.829376220703125,12.570444107055664
tft,CIV,2004,2005,1,0.996065564854788,4.729243278503418,-2.8125271797180176,10.674949645996094
tft,CIV,2004,2006,2,2.81557859252327,4.9193949699401855,-2.2516798973083496,10.483110427856445
tft,CIV,2004,2007,3,1.10142976793477,4.7145843505859375,-2.378098964691162,10.346155166625977
tft,CIV,2004,2008,4,4.7826659787672,5.033921241760254,-2.1662487983703613,10.606311798095703
tft,CIV,2004,2009,5,3.60332156667053,4.918275833129883,-2.3514485359191895,10.109792709350586
tft,CMR,2004,2005,1,2.22827020924117,2.5938892364501953,-2.1527256965637207,6.3020853996276855
tft,CMR,2004,2006,2,3.80958327566137,2.793841600418091,-1.703425407409668,6.156269073486328
tft,CMR,2004,2007,3,4.32758900972871,2.847510814666748,-1.4861655235290527,6.054185390472412
tft,CMR,2004,2008,4,2.8476778892105,2.9632701873779297,-1.255655288696289,6.0460638999938965
tft,CMR,2004,2009,5,2.57925177738754,3.0599918365478516,-1.1596684455871582,6.085843086242676
tft,COG,2004,2005,1,7.75575897806648,6.3538312911987305,2.5299508571624756,9.536103248596191
tft,COG,2004,2006,2,7.98623836334291,6.023712158203125,2.503831624984741,8.726106643676758
tft,COG,2004,2007,3,-6.61399480441001,5.488512992858887,1.7867950201034546,7.985093116760254
tft,COG,2004,2008,4,6.30637595585259,4.7480034828186035,0.3983488082885742,7.706537246704102
tft,COG,2004,2009,5,11.6372888615758,5.196199417114258,0.8572068214416504,8.149995803833008
tft,COL,2004,2005,1,4.82876110773741,4.909598350524902,1.3453660011291504,7.729226112365723
tft,COL,2004,2006,2,6.71686869844402,4.0373735427856445,0.11011409759521484,7.069967269897461
tft,COL,2004,2007,3,6.73819469090975,4.456911087036133,0.6949870586395264,7.420918941497803
tft,COL,2004,2008,4,3.28344618616541,4.547405242919922,0.577322244644165,7.713638782501221
tft,COL,2004,2009,5,1.13964864548062,4.763219833374023,0.6318976879119873,8.151315689086914
tft,COM,2004,2005,1,5.66520240193151,3.369595527648926,-0.311734676361084,6.564576148986816
tft,COM,2004,2006,2,-1.75444679449394,2.4379024505615234,-1.1595659255981445,5.717648506164551
tft,COM,2004,2007,3,0.803599788247752,2.2430129051208496,-1.0865998268127441,5.284891605377197
tft,COM,2004,2008,4,3.96461118871815,2.1788017749786377,-1.1168012619018555,5.13682746887207
tft,COM,2004,2009,5,3.24074074074075,2.297544479370117,-0.8876028060913086,5.134852409362793
tft,CRI,2004,2005,1,3.97666631433462,5.015908718109131,3.010230541229248,6.99845027923584
tft,CRI,2004,2006,2,7.3266951372695,5.333427429199219,2.4401981830596924,7.789616584777832
tft,CRI,2004,2007,3,8.21513209207497,5.593441963195801,2.2980732917785645,8.309170722961426
tft,CRI,2004,2008,4,4.73817511214847,5.669105529785156,2.1151647567749023,8.515106201171875
tft,CRI,2004,2009,5,-0.87345608994562,5.540633678436279,1.6625573635101318,8.60997200012207
tft,CYP,2004,2005,1,4.85298762175586,6.258927345275879,3.6415486335754395,9.120098114013672
tft,CYP,2004,2006,2,4.71378358593959,4.788445949554443,1.728543996810913,7.963991641998291
tft,CYP,2004,2007,3,5.09822614854798,4.6767497062683105,1.4894473552703857,7.701766014099121
tft,CYP,2004,2008,4,3.64698922103939,4.527369022369385,1.355961799621582,7.406781196594238
tft,CYP,2004,2009,5,-2.01508203683694,4.5610175132751465,1.2748308181762695,7.475910186767578
tft,DEU,2004,2005,1,0.885485292551564,6.4286017417907715,1.840118408203125,9.242084503173828
tft,DEU,2004,2006,2,3.86668241523209,6.198196887969971,1.530792236328125,9.135581016540527
tft,DEU,2004,2007,3,2.8891174138025,6.139925003051758,1.400038719177246,9.170185089111328
tft,DEU,2004,2008,4,0.887902330743628,6.1105170249938965,1.2794365882873535,9.254069328308105
tft,DEU,2004,2009,5,-5.54455451920674,6.098167896270752,1.1859683990478516,9.338436126708984
tft,DNK,2004,2005,1,2.35960882992528,2.8225717544555664,0.863879919052124,4.024857997894287
tft,DNK,2004,2006,2,3.81648769908172,2.6757800579071045,0.7458829879760742,3.8836355209350586
tft,DNK,2004,2007,3,0.987173815945127,2.6500258445739746,0.8369941711425781,3.7592177391052246
tft,DNK,2004,2008,4,-0.417178439991005,2.731160879135132,1.1534839868545532,3.6815052032470703
tft,DNK,2004,2009,5,-4.97447905669058,2.7336790561676025,1.0597193241119385,3.7353439331054688
tft,DOM,2004,2005,1,9.43178931977285,3.457087755203247,2.2764182090759277,4.466440200805664
tft,DOM,2004,2006,2,9.17120650955299,2.9934115409851074,1.366899847984314,4.194891452789307
tft,DOM,2004,2007,3,7.41840577774235,3.0979416370391846,1.5298669338226318,4.274393081665039
tft,DOM,2004,2008,4,3.26808671288212,3.1455726623535156,1.5337932109832764,4.393221855163574
tft,DOM,2004,2009,5,1.00345293018719,3.171320915222168,1.4730550050735474,4.520149230957031
tft,DZA,2004,2005,1,5.39999999969525,5.566761493682861,2.5069687366485596,7.946200370788574
tft,DZA,2004,2006,2,2.89999999905852,5.009848117828369,1.8289821147918701,7.586962699890137
tft,DZA,2004,2007,3,3.10000000128674,5.352335453033447,2.31208872795105,7.705940246582031
tft,DZA,2004,2008,4,2.49999999929371,5.549978256225586,2.4822165966033936,7.869165420532227
tft,DZA,2004,2009,5,1.19999999969519,5.549854755401611,2.177459239959717,8.07391357421875
tft,ECU,2004,2005,1,5.39862243994342,4.160929203033447,-2.015976667404175,8.99604606628418
tft,ECU,2004,2006,2,4.34113198577639,3.3693840503692627,-2.5557291507720947,8.190715789794922
tft,ECU,2004,2007,3,1.90242859700484,4.3295979499816895,-1.180661916732788,8.678853034973145
tft,ECU,2004,2008,4,6.56492068224719,4.411087512969971,-1.3617680072784424,8.950909614562988
tft,ECU,2004,2009,5,1.0910129698311,4.451117515563965,-1.622554063796997,9.243008613586426
tft,EGY,2004,2005,1,4.4717444710621,3.179429292678833,1.3217628002166748,4.864496231079102
tft,EGY,2004,2006,2,6.84383819369884,3.117421865463257,1.2872288227081299,4.762845993041992
tft,EGY,2004,2007,3,7.08782742675582,3.2585930824279785,1.4339771270751953,4.803326606750488
tft,EGY,2004,2008,4,7.15628356711522,3.2993786334991455,1.4863858222961426,4.826972484588623
tft,EGY,2004,2009,5,4.67359980000663,3.337108850479126,1.537437915802002,4.8462653160095215
tft,ESP,2004,2005,1,3.5512255846125,5.023343086242676,3.493602991104126,6.286331653594971
tft,ESP,2004,2006,2,4.04343515605099,4.63602876663208,3.2689080238342285,5.905508041381836
tft,ESP,2004,2007,3,3.53350013165972,4.668759822845459,3.3227779865264893,5.897470474243164
tft,ESP,2004,2008,4,0.767165748290694,4.6866044998168945,3.385596513748169,5.857181549072266
tft,ESP,2004,2009,5,-3.76813306940053,4.819870471954346,3.4741311073303223,5.794034957885742
tft,FIN,2004,2005,1,2.77730918518017,3.9869654178619385,1.206507682800293,5.681690692901611
tft,FIN,2004,2006,2,4.01957326515895,3.844226837158203,1.1035504341125488,5.529367446899414
tft,FIN,2004,2007,3,5.31280176694145,3.7964890003204346,1.119629144668579,5.435209274291992
tft,FIN,2004,2008,4,0.784431235717051,3.8192880153656006,1.212261438369751,5.393047332763672
tft,FIN,2004,2009,5,-8.07603116552393,3.858015298843384,1.2546873092651367,5.429265022277832
tft,FJI,2004,2005,1,0.699999592969263,3.835118532180786,1.4098396301269531,6.320119857788086
tft,FJI,2004,2006,2,1.85248357237371,2.6715474128723145,0.548530101776123,4.75776481628418
tft,FJI,2004,2007,3,-0.8506533546566,3.5120036602020264,1.3781499862670898,5.226161956787109
tft,FJI,2004,2008,4,1.03279368777636,3.6838772296905518,1.3621232509613037,5.358968257904053
tft,FJI,2004,2009,5,-1.38603752085589,3.6059744358062744,0.8531718254089355,5.549159526824951
tft,FRA,2004,2005,1,1.88856584109286,3.3054182529449463,0.21010231971740723,5.410627841949463
tft,FRA,2004,2006,2,2.71406448755236,2.740304946899414,-0.4844820499420166,4.950428009033203
tft,FRA,2004,2007,3,2.53048188351066,2.944512367248535,-0.5877301692962646,5.102604389190674
tft,FRA,2004,2008,4,0.380171435849121,3.16890287399292,-0.8138844966888428,5.535821437835693
tft,FRA,2004,2009,5,-2.82455153714783,3.3027431964874268,-0.9982626438140869,5.900135040283203
tft,GAB,2004,2005,1,2.67620333310926,2.7638957500457764,0.6345038414001465,4.567500591278076
tft,GAB,2004,2006,2,-2.80657835569052,3.196847677230835,1.5516835451126099,4.558035850524902
tft,GAB,2004,2007,3,6.00810802487668,3.786991596221924,2.498547315597534,4.662982940673828
tft,GAB,2004,2008,4,-3.30843064878751,3.931474447250366,2.652799367904663,4.752777099609375
tft,GAB,2004,2009,5,0.130331119816617,3.9514617919921875,2.6064939498901367,4.844636917114258
tft,GBR,2004,2005,1,2.7906547174688,4.3404364585876465,-3.2149085998535156,9.368058204650879
tft,GBR,2004,2006,2,2.18982132415704,2.988224506378174,-3.721586227416992,7.741101264953613
tft,GBR,2004,2007,3,2.93091133582351,2.7678658962249756,-3.1657838821411133,6.834033966064453
tft,GBR,2004,2008,4,-0.0494116727402769,3.0282609462738037,-2.7429285049438477,6.780196666717529
tft,GBR,2004,2009,5,-4.58740819226323,3.4228038787841797,-2.5044503211975098,7.248695373535156
tft,GEO,2004,2005,1,9.59113832853026,3.118440866470337,1.2484228610992432,4.4937214851379395
tft,GEO,2004,2006,2,9.42148081189909,3.1940948963165283,1.4664852619171143,4.497239112854004
tft,GEO,2004,2007,3,12.5755698246405,3.251992702484131,1.6187424659729004,4.490259170532227
tft,GEO,2004,2008,4,2.42161440960641,3.1607792377471924,1.411799669265747,4.418536186218262
tft,GEO,2004,2009,5,-3.65075229596822,3.0394716262817383,1.0320420265197754,4.373496055603027
tft,GHA,2004,2005,1,5.90000381855104,2.915675163269043,-10.676497459411621,10.102635383605957
tft,GHA,2004,2006,2,6.39991260618034,0.7665340900421143,-15.79811954498291,8.347500801086426
tft,GHA,2004,2007,3,4.34681910440079,2.9822092056274414,-7.762612342834473,7.915110111236572
tft,GHA,2004,2008,4,9.14979893831817,4.1019673347473145,-3.193424701690674,7.899384021759033
tft,GHA,2004,2009,5,4.84448705175076,4.601578235626221,-1.9599953889846802,8.667961120605469
tft,GMB,2004,2005,1,-2.35172936176019,3.138300895690918,-0.37976908683776855,6.880824089050293
tft,GMB,2004,2006,2,-0.555580977246521,3.7005538940429688,0.6585240364074707,7.145072937011719
tft,GMB,2004,2007,3,3.04324950829739,4.338067531585693,1.2742711305618286,7.800860404968262
tft,GMB,2004,2008,4,6.25590553394287,4.794680595397949,1.7860972881317139,8.318925857543945
tft,GMB,2004,2009,5,6.6657243078367,5.1115617752075195,2.295880079269409,8.548412322998047
tft,GNB,2004,2005,1,6.55977111846077,4.0763444900512695,-0.4608640670776367,7.043813705444336
tft,GNB,2004,2006,2,2.66650493269572,4.790151596069336,0.983715295791626,7.502158164978027
tft,GNB,2004,2007,3,2.55982647078751,5.3785529136657715,1.7618906497955322,8.296260833740234
tft,GNB,2004,2008,4,4.52457514610252,5.472689628601074,1.8811979293823242,8.471296310424805
tft,GNB,2004,2009,5,2.44795106098685,5.5704345703125,2.0442323684692383,8.553735733032227
tft,GRC,2004,2005,1,1.18350635493289,2.6362698078155518,-5.216120719909668,7.389491081237793
tft,GRC,2004,2006,2,6.44339762487436,2.3799469470977783,-5.496448516845703,7.167941570281982
tft,GRC,2004,2007,3,3.50686976639459,2.3215274810791016,-5.764073371887207,7.279601573944092
tft,GRC,2004,2008,4,0.0574740238200775,2.298036813735962,-5.853852272033691,7.372616767883301
tft,GRC,2004,2009,5,-4.11927606715011,2.270859956741333,-5.981566429138184,7.492082595825195
tft,GTM,2004,2005,1,3.27602692588886,4.187057971954346,1.1344757080078125,6.523893356323242
tft,GTM,2004,2006,2,5.35139778711536,4.193605422973633,1.0564522743225098,6.983671188354492
tft,GTM,2004,2007,3,6.33771869016203,4.441901206970215,1.4539375305175781,7.289371490478516
tft,GTM,2004,2008,4,3.29352400028485,4.466852188110352,1.7082252502441406,7.230041027069092
tft,GTM,2004,2009,5,0.476898106596394,4.448876857757568,1.8910648822784424,7.043988227844238
tft,HKG,2004,2005,1,7.38815395153696,6.054150581359863,2.953512668609619,8.893453598022461
tft,HKG,2004,2006,2,7.03264766297669,4.374932765960693,1.0244114398956299,7.524607181549072
tft,HKG,2004,2007,3,6.46482809096842,5.9753265380859375,2.746264934539795,9.05047607421875
tft,HKG,2004,2008,4,2.12793685154209,5.3915510177612305,1.7807402610778809,8.365080833435059
tft,HKG,2004,2009,5,-2.45909150468412,4.985657215118408,0.6246294975280762,8.309385299682617
tft,HND,2004,2005,1,6.05059922215973,7.714832305908203,0.7413129806518555,10.70327377319336
tft,HND,2004,2006,2,6.56724355177587,5.929889678955078,-3.033677101135254,9.759611129760742
tft,HND,2004,2007,3,6.18832716678008,6.893948554992676,0.4150047302246094,9.925874710083008
tft,HND,2004,2008,4,4.23160011009342,7.70242977142334,3.208164691925049,10.099035263061523
tft,HND,2004,2009,5,-2.43162787988011,7.017641067504883,2.606654644012451,9.825172424316406
tft,HTI,2004,2005,1,3.07217337664731,7.377366065979004,3.346198081970215,10.359865188598633
tft,HTI,2004,2006,2,1.76875060288195,7.61699104309082,3.340496063232422,10.948497772216797
tft,HTI,2004,2007,3,4.70652994008303,7.830408096313477,3.552727222442627,11.285871505737305
tft,HTI,2004,2008,4,2.6580323082747,7.9702348709106445,3.8601431846618652,11.458879470825195
tft,HTI,2004,2009,5,5.89037894844316,8.129532814025879,4.165744304656982,11.586101531982422
tft,HUN,2004,2005,1,4.30028318461673,2.1487958431243896,-1.8669887781143188,5.339714050292969
tft,HUN,2004,2006,2,3.93393162712054,1.560789704322815,-2.951198101043701,4.686798572540283
tft,HUN,2004,2007,3,0.332354337878925,1.8332624435424805,-2.907945156097412,5.00521993637085
tft,HUN,2004,2008,4,0.993437085479655,1.9958956241607666,-2.659846305847168,5.1698832511901855
tft,HUN,2004,2009,5,-6.7401660845502,1.984209418296814,-2.7019762992858887,5.196197986602783
tft,IDN,2004,2005,1,5.69257130383384,5.279305934906006,1.7549171447753906,8.264640808105469
tft,IDN,2004,2006,2,5.50095178520348,4.229768753051758,-0.2539212703704834,7.54560661315918
tft,IDN,2004,2007,3,6.34502222667214,4.417726039886475,0.34534525871276855,7.471494674682617
tft,IDN,2004,2008,4,6.01370360009123,4.462679862976074,0.203169584274292,7.645812034606934
tft,IDN,2004,2009,5,4.62887118256153,4.518476486206055,-0.06394648551940918,7.947658538818359
tft,IND,2004,2005,1,7.92343062131789,4.61822509765625,2.499459981918335,6.284962177276611
tft,IND,2004,2006,2,8.06073257305057,4.639283657073975,2.4660017490386963,6.329695701599121
tft,IND,2004,2007,3,7.66081506510766,4.592728137969971,2.3192625045776367,6.440215110778809
tft,IND,2004,2008,4,3.08669805950082,4.605738639831543,2.2260329723358154,6.565095901489258
tft,IND,2004,2009,5,7.8618888330338,4.637426376342773,2.1388068199157715,6.699451923370361
tft,IRL,2004,2005,1,5.73978202625278,6.2085771560668945,3.8570504188537598,8.552900314331055
tft,IRL,2004,2006,2,4.98785364537615,5.419610500335693,3.113344669342041,7.251175880432129
tft,IRL,2004,2007,3,5.31011830898613,5.807061195373535,3.7128992080688477,7.294924736022949
tft,IRL,2004,2008,4,-4.48407081043062,4.850654125213623,2.2868223190307617,6.874507904052734
tft,IRL,2004,2009,5,-5.09578277913846,4.910433292388916,2.185875177383423,7.156777381896973
tft,IRN,2004,2005,1,3.18980408728824,5.478156566619873,4.022445201873779,6.500263690948486
tft,IRN,2004,2006,2,4.99979526181222,4.95453405380249,3.266690254211426,6.167788505554199
tft,IRN,2004,2007,3,8.15577352358517,4.831856727600098,3.3828468322753906,5.959600448608398
tft,IRN,2004,2008,4,0.250856553493634,4.971465587615967,3.4359757900238037,6.223179817199707
tft,IRN,2004,2009,5,1.00738545790475,5.0007243156433105,3.152474880218506,6.523804187774658
tft,IRQ,2004,2005,1,1.67522863586828,7.358841896057129,-18.282793045043945,26.83091926574707
tft,IRQ,2004,2006,2,5.63829915220637,-6.0197858810424805,-49.59926223754883,24.3574161529541
tft,IRQ,2004,2007,3,1.88853936243953,-9.306916236877441,-50.72731018066406,17.363346099853516
tft,IRQ,2004,2008,4,8.22810710383277,-2.3482956886291504,-37.94172668457031,25.599815368652344
tft,IRQ,2004,2009,5,3.37929909442771,6.207318305969238,-25.765331268310547,32.23893737792969
tft,ISL,2004,2005,1,7.02934061160924,5.477952480316162,-3.653609275817871,12.859952926635742
tft,ISL,2004,2006,2,5.67161248703039,7.987626075744629,-3.464895248413086,16.229080200195312
tft,ISL,2004,2007,3,8.74132941862472,8.505821228027344,-2.7473630905151367,16.512691497802734
tft,ISL,2004,2008,4,1.69961072411662,4.066147327423096,-4.291680335998535,11.229531288146973
tft,ISL,2004,2009,5,-8.32146414938261,2.93550443649292,-12.56854248046875,13.503527641296387
tft,ISR,2004,2005,1,4.35256427740218,3.4990062713623047,1.27939772605896,5.3435492515563965
tft,ISR,2004,2006,2,5.59106550120008,3.1592063903808594,1.0917227268218994,4.964784145355225
tft,ISR,2004,2007,3,6.31307137087018,3.337559700012207,1.2579541206359863,5.034127235412598
tft,ISR,2004,2008,4,3.2158134842205,3.379049777984619,1.304844856262207,5.070729732513428
tft,ISR,2004,2009,5,1.22017480850096,4.360414981842041,1.634941577911377,6.25877571105957
tft,ITA,2004,2005,1,0.762410677306491,5.639235496520996,2.7235701084136963,7.417356967926025
tft,ITA,2004,2006,2,1.79947992234244,5.398102283477783,1.929180383682251,7.563652992248535
tft,ITA,2004,2007,3,1.46229205289291,5.4669952392578125,2.623424768447876,7.208373069763184
tft,ITA,2004,2008,4,-1.02313851177097,5.42683219909668,3.1675992012023926,6.925658226013184
tft,ITA,2004,2009,5,-5.30515401233991,5.385696887969971,2.550774574279785,7.089566230773926
tft,JPN,2004,2005,1,1.8482813374834,3.796205520629883,0.7188677787780762,5.5540666580200195
tft,JPN,2004,2006,2,1.54630843078741,3.631354331970215,0.5747597217559814,5.428338527679443
tft,JPN,2004,2007,3,1.72837912865577,3.63588547706604,0.5925641059875488,5.4383392333984375
tft,JPN,2004,2008,4,-1.16662209355141,3.617018938064575,0.5666272640228271,5.442327976226807
tft,JPN,2004,2009,5,-5.9359411383964,3.6123976707458496,0.5377175807952881,5.464688301086426
tft,KEN,2004,2005,1,5.90666607980057,4.134449005126953,1.3386447429656982,6.161642551422119
tft,KEN,2004,2006,2,6.47249430015484,4.049387454986572,1.4632303714752197,5.954219341278076
tft,KEN,2004,2007,3,6.85072976998784,4.027514457702637,1.537304162979126,5.843501567840576
tft,KEN,2004,2008,4,0.232282744812977,4.063170909881592,1.6069138050079346,5.845381259918213
tft,KEN,2004,2009,5,3.30693981631089,4.144392967224121,1.6949479579925537,5.878716945648193
tft,KGZ,2004,2005,1,-0.175515404044219,5.426918983459473,0.8374192714691162,9.168060302734375
tft,KGZ,2004,2006,2,3.10289874199981,4.886501789093018,0.8919081687927246,7.983814716339111
tft,KGZ,2004,2007,3,8.54287477507607,4.979816913604736,1.0603759288787842,8.10991096496582
tft,KGZ,2004,2008,4,8.40161604861429,5.082854270935059,1.055851936340332,8.294408798217773
tft,KGZ,2004,2009,5,2.88629457537731,4.901161193847656,0.558173656463623,8.403932571411133
tft,KHM,2004,2005,1,13.3033338358455,-5.502936840057373,-22.951107025146484,6.582592964172363
tft,KHM,2004,2006,2,10.9433600681694,-6.0961833000183105,-22.420486450195312,5.948338985443115
tft,KHM,2004,2007,3,10.398458101201,-2.661707878112793,-13.788575172424316,6.287064075469971
tft,KHM,2004,2008,4,7.47636606631011,-1.2726008892059326,-10.843672752380371,6.3766679763793945
tft,KHM,2004,2009,5,4.07477850599065,-0.731194257736206,-10.343165397644043,6.806413173675537
tft,KOR,2004,2005,1,4.35823667337156,4.279128074645996,-9.870246887207031,12.116851806640625
tft,KOR,2004,2006,2,5.24500550580342,4.577729225158691,-8.218582153320312,11.0983247756958
tft,KOR,2004,2007,3,5.8419633918717,4.602553367614746,-8.368721961975098,11.247058868408203
tft,KOR,2004,2008,4,3.00440451679569,5.197284698486328,-4.833765983581543,10.454049110412598
tft,KOR,2004,2009,5,0.81986175641795,4.732419013977051,-8.37121868133545,11.540807723999023
tft,KWT,2004,2005,1,10.6090449840228,10.117801666259766,6.770139694213867,13.209628105163574
tft,KWT,2004,2006,2,7.51477300024021,10.833827018737793,7.374053001403809,13.871847152709961
tft,KWT,2004,2007,3,5.99157551059315,11.33159065246582,8.004593849182129,14.111347198486328
tft,KWT,2004,2008,4,2.47975694278544,11.41235065460205,8.04107666015625,14.231563568115234
tft,KWT,2004,2009,5,-7.07605643073411,11.397605895996094,7.9445929527282715,14.294872283935547
tft,LBY,2004,2005,1,11.8707565226151,1.2889251708984375,-13.61000919342041,13.652569770812988
tft,LBY,2004,2006,2,6.50052541959279,0.2692323923110962,-13.515655517578125,11.597611427307129
tft,LBY,2004,2007,3,6.22998278561838,2.8124136924743652,-9.57547664642334,11.693464279174805
tft,LBY,2004,2008,4,-0.162048238799883,3.9082350730895996,-8.69723892211914,12.597898483276367
tft,LBY,2004,2009,5,-4.4001817631021,3.6280741691589355,-9.046103477478027,12.582867622375488
tft,LKA,2004,2005,1,6.24174804376447,9.319050788879395,1.3157267570495605,14.60552978515625
tft,LKA,2004,2006,2,7.66829190107919,8.278558731079102,-0.6606850624084473,14.164215087890625
tft,LKA,2004,2007,3,6.79682611892866,8.318745613098145,-0.440488338470459,14.075519561767578
tft,LKA,2004,2008,4,5.95008814473897,8.305340766906738,-0.6850581169128418,14.25570011138916
tft,LKA,2004,2009,5,3.53891205317842,8.276622772216797,-1.169752597808838,14.405498504638672
tft,LUX,2004,2005,1,2.48250499371829,5.3331828117370605,4.063909530639648,6.664735794067383
tft,LUX,2004,2006,2,6.01662739677904,4.635931491851807,3.172945499420166,6.0611677169799805
tft,LUX,2004,2007,3,8.09852098069817,4.542853355407715,2.884544849395752,6.038626670837402
tft,LUX,2004,2008,4,-0.302272983306707,4.506237983703613,2.766514301300049,6.076247215270996
tft,LUX,2004,2009,5,-3.23895268839308,4.462649822235107,2.664210319519043,6.054752826690674
tft,MAC,2004,2005,1,8.07794929953978,7.8804473876953125,3.7153427600860596,11.79837703704834
tft,MAC,2004,2006,2,13.3921711919351,6.467316627502441,0.29663705825805664,11.896695137023926
tft,MAC,2004,2007,3,14.4817728129028,7.954392433166504,2.2695131301879883,12.679698944091797
tft,MAC,2004,2008,4,3.39251560752048,8.231185913085938,2.8548600673675537,12.697542190551758
tft,MAC,2004,2009,5,1.29837946885112,4.694440841674805,-1.6433262825012207,9.40958023071289
tft,MAR,2004,2005,1,3.19224973015831,4.220039367675781,0.649139404296875,6.964567184448242
tft,MAR,2004,2006,2,7.7908200104027,4.762736797332764,1.2572388648986816,7.002277374267578
tft,MAR,2004,2007,3,3.44106776690418,5.3014678955078125,1.735302448272705,7.407844543457031
tft,MAR,2004,2008,4,5.68453936284732,5.433073997497559,1.7530865669250488,7.644831657409668
tft,MAR,2004,2009,5,3.74576940136258,5.403634548187256,1.7024500370025635,7.657787322998047
tft,MDG,2004,2005,1,4.75584509499119,4.781223773956299,-0.9020709991455078,9.618082046508789
tft,MDG,2004,2006,2,5.3985084485368,5.630275726318359,0.36197757720947266,10.18625545501709
tft,MDG,2004,2007,3,5.71056419885052,6.658586025238037,1.2953474521636963,11.396442413330078
tft,MDG,2004,2008,4,6.71263253913001,7.166491985321045,1.6923303604125977,11.885506629943848
tft,MDG,2004,2009,5,-3.9787086116544,7.429681777954102,1.854231595993042,12.200109481811523
tft,MEX,2004,2005,1,2.11324711473297,1.9502923488616943,0.32000958919525146,3.301455497741699
tft,MEX,2004,2006,2,4.80501351664901,1.5705432891845703,-0.48380041122436523,3.134416103363037
tft,MEX,2004,2007,3,2.0778639395329,1.670229196548462,-0.24487149715423584,3.138089656829834
tft,MEX,2004,2008,4,0.943331872912935,1.664330005645752,-0.3510017395019531,3.2045042514801025
tft,MEX,2004,2009,5,-6.29525056697287,1.6673411130905151,-0.4875216484069824,3.315117835998535
tft,MLI,2004,2005,1,2.53837834888921,3.1168923377990723,-1.1566076278686523,6.8779706954956055
tft,MLI,2004,2006,2,3.68960265255278,3.0220789909362793,-1.1357879638671875,6.587967872619629
tft,MLI,2004,2007,3,1.76004607852802,2.872403621673584,-1.272080421447754,6.49298095703125
tft,MLI,2004,2008,4,3.63871070923719,3.0236711502075195,-1.2470383644104004,6.733323574066162
tft,MLI,2004,2009,5,5.45473562683669,3.527956962585449,-1.1072416305541992,7.406928062438965
tft,MLT,2004,2005,1,2.88123652429068,4.863476276397705,0.8798818588256836,8.847593307495117
tft,MLT,2004,2006,2,2.33618870316785,2.79909348487854,-2.5407121181488037,6.804780960083008
tft,MLT,2004,2007,3,5.03640177981643,2.9318220615386963,-2.72196364402771,7.009732246398926
tft,MLT,2004,2008,4,4.41059689827608,3.937861442565918,-0.6636393070220947,7.5499725341796875
tft,MLT,2004,2009,5,-1.39524956144803,4.326775074005127,-0.4191317558288574,8.397333145141602
tft,MNG,2004,2005,1,7.25366543796015,6.364194869995117,-0.9668707847595215,11.626861572265625
tft,MNG,2004,2006,2,8.55623481664365,5.111333847045898,-1.2578544616699219,9.748217582702637
tft,MNG,2004,2007,3,10.2480163590057,6.2761616706848145,1.119542121887207,9.768392562866211
tft,MNG,2004,2008,4,8.90036794067551,6.818813323974609,2.196213722229004,9.839200019836426
tft,MNG,2004,2009,5,-1.26859893608282,6.827183246612549,2.3694911003112793,9.836459159851074
tft,MRT,2004,2005,1,8.56628724906668,1.0585979223251343,-3.6250901222229004,4.302437782287598
tft,MRT,2004,2006,2,18.3331987597713,1.1051945686340332,-3.267971992492676,4.196229934692383
tft,MRT,2004,2007,3,-1.96942275160761,1.1241658926010132,-3.0938453674316406,4.11353063583374
tft,MRT,2004,2008,4,-0.331079195278377,1.311883568763733,-2.7151246070861816,4.163054943084717
tft,MRT,2004,2009,5,0.0978758719728035,1.3994133472442627,-2.370321750640869,4.184809684753418
tft,MUS,2004,2005,1,1.77754302034465,4.100931644439697,-0.5674564838409424,7.974624156951904
tft,MUS,2004,2006,2,4.86554460775534,2.6571974754333496,-2.9590749740600586,6.970263481140137
tft,MUS,2004,2007,3,5.76380219453068,3.174731492996216,-2.6927871704101562,7.294846534729004
tft,MUS,2004,2008,4,5.4630565042284,3.4478726387023926,-2.672809600830078,7.829108238220215
tft,MUS,2004,2009,5,3.36352090607312,3.5490095615386963,-2.7984137535095215,8.072759628295898
tft,MYS,2004,2005,1,5.33213916141486,6.205589294433594,-0.6932311058044434,11.136069297790527
tft,MYS,2004,2006,2,5.5848470671515,3.823329448699951,-4.709052562713623,10.0098876953125
tft,MYS,2004,2007,3,6.29878592740947,4.739645957946777,-1.5008058547973633,9.204659461975098
tft,MYS,2004,2008,4,4.83176988913097,4.857034206390381,-0.9151773452758789,8.896873474121094
tft,MYS,2004,2009,5,-1.51352871598714,5.151865482330322,-0.17086505889892578,8.906637191772461
tft,NER,2004,2005,1,7.33186884258517,5.556817054748535,1.5993595123291016,9.216851234436035
tft,NER,2004,2006,2,5.93104997350342,5.665444850921631,1.7889437675476074,9.194689750671387
tft,NER,2004,2007,3,3.14272408386731,5.660581588745117,1.7816195487976074,9.220216751098633
tft,NER,2004,2008,4,7.73141422777337,5.833200454711914,1.8947877883911133,9.450085639953613
tft,NER,2004,2009,5,1.96260090694645,6.201541423797607,2.133052349090576,9.855173110961914
tft,NIC,2004,2005,1,4.28239833770654,3.3117237091064453,-2.16273832321167,7.552647590637207
tft,NIC,2004,2006,2,4.15294559846254,2.893838405609131,-2.7550971508026123,7.138507843017578
tft,NIC,2004,2007,3,5.0763520180987,2.899611473083496,-2.8834755420684814,7.504341125488281
tft,NIC,2004,2008,4,3.43571693608081,2.7236905097961426,-3.112952947616577,7.508636474609375
tft,NIC,2004,2009,5,-3.2926651586197,2.353991985321045,-3.604924440383911,7.193184852600098
tft,NLD,2004,2005,1,2.03401576512488,2.9847686290740967,-3.708188533782959,8.709002494812012
tft,NLD,2004,2006,2,3.53729585853395,1.4561175107955933,-5.624146461486816,6.8919782638549805
tft,NLD,2004,2007,3,3.88542348324803,2.106842041015625,-5.115962028503418,7.410226821899414
tft,NLD,2004,2008,4,2.11674514240192,2.6351990699768066,-4.168817043304443,7.63650369644165
tft,NLD,2004,2009,5,-3.66528147002826,3.0837833881378174,-3.1342921257019043,7.525407314300537
tft,NOR,2004,2005,1,2.96973597025936,3.3587253093719482,1.8121204376220703,4.376633167266846
tft,NOR,2004,2006,2,2.84726376691944,3.0973238945007324,1.7907806634902954,4.028420448303223
tft,NOR,2004,2007,3,3.42030119916608,2.978123664855957,2.017007827758789,3.720301389694214
tft,NOR,2004,2008,4,0.822805797014865,2.975349187850952,1.9971860647201538,3.755760908126831
tft,NOR,2004,2009,5,-1.61327151945869,3.0409352779388428,2.0339791774749756,3.825584650039673
tft,NPL,2004,2005,1,3.47918104829496,3.1688084602355957,2.4624345302581787,3.719839096069336
tft,NPL,2004,2006,2,3.36461478056277,2.6543357372283936,1.8261215686798096,3.701824426651001
tft,NPL,2004,2007,3,3.41156027980276,2.730891704559326,1.849541425704956,3.826179027557373
tft,NPL,2004,2008,4,6.10463914373472,2.907156467437744,1.9087343215942383,3.9525692462921143
tft,NPL,2004,2009,5,4.5330787246486,3.307558059692383,2.212573289871216,4.338296890258789
tft,NZL,2004,2005,1,3.35295444152619,4.451545715332031,2.275578737258911,5.810191631317139
tft,NZL,2004,2006,2,2.7744428588158,4.26364803314209,2.2142317295074463,5.573441028594971
tft,NZL,2004,2007,3,3.06312221869514,4.39287805557251,2.3678946495056152,5.611804962158203
tft,NZL,2004,2008,4,-1.02561134479848,4.366606712341309,2.135490894317627,5.6716742515563965
tft,NZL,2004,2009,5,-0.040259885205117,4.351775646209717,2.334406852722168,5.574940204620361
tft,OMN,2004,2005,1,2.77944360306151,3.1950647830963135,-0.6995503902435303,5.596871376037598
tft,OMN,2004,2006,2,4.66981481939328,3.468432664871216,-0.17176485061645508,6.144637107849121
tft,OMN,2004,2007,3,4.98065467051528,3.5847625732421875,0.11098337173461914,6.272382736206055
tft,OMN,2004,2008,4,8.95005895005896,3.699836254119873,0.38176560401916504,6.303111553192139
tft,OMN,2004,2009,5,5.98196694904402,3.81437349319458,0.6064038276672363,6.330406188964844
tft,PAK,2004,2005,1,7.2765744364722,7.917699813842773,-6.161834716796875,16.7674560546875
tft,PAK,2004,2006,2,6.05163767569996,9.301841735839844,-3.669322967529297,16.70861053466797
tft,PAK,2004,2007,3,4.4448143398844,9.872246742248535,-2.6163768768310547,16.940196990966797
tft,PAK,2004,2008,4,2.1204410433083,10.54171371459961,-1.8782939910888672,17.390743255615234
tft,PAK,2004,2009,5,3.47255059567348,11.810254096984863,-0.7089653015136719,18.50490379333496
tft,PAN,2004,2005,1,8.27618334503531,5.736058712005615,2.703094244003296,8.653297424316406
tft,PAN,2004,2006,2,9.85723870564752,4.543771266937256,2.1121346950531006,7.128232479095459
tft,PAN,2004,2007,3,13.1530653782933,4.9386515617370605,2.699352741241455,7.117243766784668
tft,PAN,2004,2008,4,10.1974325907958,5.084596157073975,2.7765188217163086,7.187667369842529
tft,PAN,2004,2009,5,1.61186405976055,5.18620491027832,2.8199727535247803,7.257482528686523
tft,PER,2004,2005,1,6.28506032509601,6.447999477386475,4.691943168640137,8.157076835632324
tft,PER,2004,2006,2,7.5288990440594,5.743858337402344,2.916010856628418,7.836666107177734
tft,PER,2004,2007,3,8.5183877690955,5.877049922943115,3.1170494556427,7.798708915710449
tft,PER,2004,2008,4,9.1265683014642,6.001494884490967,3.1308982372283936,7.951689720153809
tft,PER,2004,2009,5,1.0958236592427,6.014108180999756,3.091294765472412,7.961147308349609
tft,PHL,2004,2005,1,4.94250511877678,3.261510133743286,-0.27567434310913086,6.391514301300049
tft,PHL,2004,2006,2,5.31641682136939,2.844630479812622,-0.7410287857055664,5.893128395080566
tft,PHL,2004,2007,3,6.51929155018938,3.7507541179656982,1.104410171508789,6.003138542175293
tft,PHL,2004,2008,4,4.34448730509183,3.7712604999542236,1.105059027671814,6.086151123046875
tft,PHL,2004,2009,5,1.44832306275669,3.6736011505126953,0.8379642963409424,6.076544284820557
tft,PRT,2004,2005,1,0.781847569123585,3.6064465045928955,0.4971945285797119,5.464391231536865
tft,PRT,2004,2006,2,1.62503532956156,3.6286230087280273,0.4651517868041992,5.53080940246582
tft,PRT,2004,2007,3,2.50657937751231,3.6565794944763184,0.457019567489624,5.5836501121521
tft,PRT,2004,2008,4,0.319247344434558,3.640535831451416,0.36228513717651367,5.638737678527832
tft,PRT,2004,2009,5,-3.12207827545093,3.6100049018859863,0.25646448135375977,5.6888427734375
tft,PRY,2004,2005,1,2.13349066459601,4.7684645652771,2.780670642852783,6.692572593688965
tft,PRY,2004,2006,2,4.80711719268376,4.05817174911499,2.3261513710021973,5.799271583557129
tft,PRY,2004,2007,3,5.42162287218235,4.403378486633301,2.641965866088867,5.93184757232666
tft,PRY,2004,2008,4,6.4962921197091,4.4280548095703125,2.542958974838257,5.9801344871521
tft,PRY,2004,2009,5,-0.261137328080281,4.4236321449279785,2.5405516624450684,5.977313041687012
tft,QAT,2004,2005,1,7.49272803754515,6.328924179077148,3.651116132736206,9.37684440612793
tft,QAT,2004,2006,2,26.17039955781,5.604496002197266,2.3023319244384766,8.608137130737305
tft,QAT,2004,2007,3,17.9852165615129,6.489104270935059,3.089308500289917,9.432245254516602
tft,QAT,2004,2008,4,17.6630346842674,7.020865440368652,3.5232813358306885,9.79010009765625
tft,QAT,2004,2009,5,11.9575512911227,7.167327880859375,3.600118398666382,9.843986511230469
tft,RUS,2004,2005,1,6.39996544799469,5.9979658126831055,-0.5178656578063965,10.702134132385254
tft,RUS,2004,2006,2,8.20006825456321,6.1172943115234375,0.055181026458740234,10.530654907226562
tft,RUS,2004,2007,3,8.49997776916511,6.43782377243042,0.8900625705718994,10.574796676635742
tft,RUS,2004,2008,4,5.19996926404957,6.610222339630127,1.4885072708129883,10.560929298400879
tft,RUS,2004,2009,5,-7.79999391271275,6.674799919128418,1.7171831130981445,10.519584655761719
tft,RWA,2004,2005,1,9.37789916585375,-2.3233747482299805,-9.243219375610352,2.9486989974975586
tft,RWA,2004,2006,2,9.22707576994632,-2.2303466796875,-9.527782440185547,3.485930919647217
tft,RWA,2004,2007,3,7.63329819042882,-2.2259390354156494,-9.637066841125488,3.6494479179382324
tft,RWA,2004,2008,4,11.161247324054,-2.4033734798431396,-9.792762756347656,3.5892672538757324
tft,RWA,2004,2009,5,6.24825750704265,-2.469881296157837,-9.683072090148926,3.5831332206726074
tft,SAU,2004,2005,1,5.94489623934835,5.72808837890625,-0.7799715995788574,10.938908576965332
tft,SAU,2004,2006,2,3.31348473625901,5.181918621063232,-1.1013870239257812,9.7885103225708
tft,SAU,2004,2007,3,2.21365396372528,6.2767839431762695,-0.07224798202514648,10.517057418823242
tft,SAU,2004,2008,4,6.2379875365458,6.733271598815918,0.14124321937561035,11.137755393981934
tft,SAU,2004,2009,5,-1.06671711240203,6.746804237365723,-0.020486116409301758,11.277244567871094
tft,SDN,2004,2005,1,5.64351551343631,7.513289451599121,-0.3177375793457031,14.640484809875488
tft,SDN,2004,2006,2,6.5314117467792,8.710394859313965,2.413299798965454,15.787114143371582
tft,SDN,2004,2007,3,5.73527423664484,8.730262756347656,2.455770492553711,16.121891021728516
tft,SDN,2004,2008,4,3.84674473121058,9.139669418334961,2.7479147911071777,16.781644821166992
tft,SDN,2004,2009,5,-2.76770436599138,9.739580154418945,3.2675375938415527,17.40524673461914
tft,SEN,2004,2005,1,4.31023852639633,2.4112792015075684,-2.947993278503418,5.576059818267822
tft,SEN,2004,2006,2,2.33077098330239,2.445199966430664,-2.6150031089782715,5.33123779296875
tft,SEN,2004,2007,3,2.82711920133374,2.5703413486480713,-2.4185900688171387,5.371949195861816
tft,SEN,2004,2008,4,3.70316906391386,2.7593674659729004,-2.415062427520752,5.541271686553955
tft,SEN,2004,2009,5,2.75210448455053,2.8375167846679688,-2.52993106842041,5.700697898864746
tft,SGP,2004,2005,1,7.36632239250758,7.0576887130737305,2.2067670822143555,11.254201889038086
tft,SGP,2004,2006,2,9.00676607871758,5.981348037719727,-1.3198416233062744,12.317644119262695
tft,SGP,2004,2007,3,9.02151951268893,6.975857734680176,0.11100268363952637,12.827335357666016
tft,SGP,2004,2008,4,1.86348345462035,7.360407829284668,0.8739230632781982,12.901678085327148
tft,SGP,2004,2009,5,0.127953382778088,7.33094596862793,0.9533509016036987,12.671955108642578
tft,SLB,2004,2005,1,7.35907917681935,6.908486843109131,3.089101791381836,10.014168739318848
tft,SLB,2004,2006,2,4.13726239664898,5.6763410568237305,2.4381790161132812,9.163137435913086
tft,SLB,2004,2007,3,3.63973499569106,5.213445663452148,1.7294445037841797,8.982254028320312
tft,SLB,2004,2008,4,6.22590636247851,5.009072303771973,1.8327813148498535,8.54456901550293
tft,SLB,2004,2009,5,2.86486309630651,5.578763961791992,2.560532569885254,9.140089988708496
tft,SLV,2004,2005,1,2.68083009363194,3.1185808181762695,-1.608628749847412,6.306440830230713
tft,SLV,2004,2006,2,4.3369986028604,3.1139609813690186,-1.785935878753662,6.830366611480713
tft,SLV,2004,2007,3,1.84760220587859,3.8437321186065674,-0.40075063705444336,7.2906975746154785
tft,SLV,2004,2008,4,2.15440298282768,4.19750452041626,0.585188627243042,7.094627380371094
tft,SLV,2004,2009,5,-2.10876837627522,4.375985145568848,0.8398909568786621,7.12644100189209
tft,SWE,2004,2005,1,2.79313782840156,1.958565354347229,-2.2280216217041016,4.519293785095215
tft,SWE,2004,2006,2,4.67607488877992,1.783281683921814,-1.8193130493164062,3.9540600776672363
tft,SWE,2004,2007,3,3.22486814096095,1.589151382446289,-1.1975622177124023,3.4719390869140625
tft,SWE,2004,2008,4,-0.923113250067971,1.4817873239517212,-1.0264623165130615,3.1625115871429443
tft,SWE,2004,2009,5,-4.25561384207619,1.5722630023956299,-0.814215898513794,3.162424087524414
tft,SYC,2004,2005,1,9.0057617374238,2.6639182567596436,0.18207478523254395,4.920980453491211
tft,SYC,2004,2006,2,9.40612855732827,2.077683925628662,0.051703453063964844,4.023467540740967
tft,SYC,2004,2007,3,8.87606645570879,2.025397777557373,-0.32600927352905273,4.017833232879639
tft,SYC,2004,2008,4,-2.72594626154864,2.6310951709747314,0.3128945827484131,4.5772318840026855
tft,SYC,2004,2009,5,-2.47937594726137,2.125755786895752,-0.5618104934692383,4.389487266540527
tft,TCD,2004,2005,1,17.3325337352162,6.661430358886719,-0.7836112976074219,12.88974380493164
tft,TCD,2004,2006,2,-0.54282957080251,6.901053428649902,-1.6607756614685059,14.151884078979492
tft,TCD,2004,2007,3,4.20017418353298,7.040116310119629,-2.0988197326660156,14.371755599975586
tft,TCD,2004,2008,4,3.08119033854541,6.606448650360107,-2.587263584136963,13.731452941894531
tft,TCD,2004,2009,5,-1.40828262637592,6.484957695007324,-2.545346260070801,13.41876220703125
tft,TGO,2004,2005,1,-4.66629938413338,1.7259880304336548,-4.217458724975586,5.424361228942871
tft,TGO,2004,2006,2,2.65013209943473,1.8198808431625366,-4.038358688354492,5.648300647735596
tft,TGO,2004,2007,3,-1.1751368996605,1.6832576990127563,-3.923792600631714,5.5867767333984375
tft,TGO,2004,2008,4,4.03561315398862,1.6216731071472168,-4.0880022048950195,5.5323615074157715
tft,TGO,2004,2009,5,5.45381096920332,1.6447736024856567,-4.49881649017334,5.830934524536133
tft,THA,2004,2005,1,4.18763842884337,6.291068077087402,0.9288761615753174,11.455218315124512
tft,THA,2004,2006,2,4.96781089246107,4.290203094482422,-1.7690401077270508,9.157526016235352
tft,THA,2004,2007,3,5.43515169050809,4.552839756011963,-1.6847271919250488,9.430810928344727
tft,THA,2004,2008,4,1.72569884866334,5.437034606933594,-0.9735794067382812,10.699910163879395
tft,THA,2004,2009,5,-0.690618232300579,6.959029197692871,0.14157438278198242,12.64594841003418
tft,TON,2004,2005,1,-0.657650703495165,4.926784515380859,2.078883171081543,6.0038676261901855
tft,TON,2004,2006,2,-2.16566342680382,2.757303237915039,-1.3697471618652344,5.3494648933410645
tft,TON,2004,2007,3,-2.46430779100223,1.9585366249084473,-3.120802879333496,6.484556674957275
tft,TON,2004,2008,4,4.86284132376997,1.7889790534973145,-3.544811248779297,7.171929359436035
tft,TON,2004,2009,5,-5.12917819150532,1.748924732208252,-3.487973213195801,7.2696003913879395
tft,TUN,2004,2005,1,3.4865455430439,5.177767753601074,3.6937456130981445,6.642059326171875
tft,TUN,2004,2006,2,5.24409983246916,5.390758037567139,3.60079288482666,7.150620460510254
tft,TUN,2004,2007,3,6.70952097453554,5.511396408081055,3.5104236602783203,7.367444038391113
tft,TUN,2004,2008,4,4.23778147502819,5.5219831466674805,3.0840890407562256,7.5763139724731445
tft,TUN,2004,2009,5,3.04345012371552,5.426862716674805,2.67825984954834,7.624515533447266
tft,TUR,2004,2005,1,9.11157745861635,4.446307182312012,1.254697561264038,6.9511823654174805
tft,TUR,2004,2006,2,7.06762607623939,3.9471218585968018,0.9693617820739746,6.343905448913574
tft,TUR,2004,2007,3,5.10818513903604,4.998865127563477,0.7112751007080078,8.043255805969238
tft,TUR,2004,2008,4,0.920118221365883,4.265016555786133,0.841306209564209,6.944401741027832
tft,TUR,2004,2009,5,-4.88269401706633,4.416592121124268,0.5067799091339111,7.621768951416016
tft,TZA,2004,2005,1,7.47631925974784,3.768193483352661,0.8010787963867188,5.875593185424805
tft,TZA,2004,2006,2,6.53222138847813,3.8458502292633057,1.0531322956085205,5.802193641662598
tft,TZA,2004,2007,3,6.76853520293716,3.9280953407287598,0.9926497936248779,6.000423431396484
tft,TZA,2004,2008,4,5.68641685905224,4.479989528656006,1.3057737350463867,6.699596405029297
tft,TZA,2004,2009,5,5.26910524873463,4.965173721313477,1.8803391456604004,7.300226211547852
tft,UGA,2004,2005,1,6.33256511623156,6.996606826782227,0.15700364112854004,16.34796714782715
tft,UGA,2004,2006,2,10.7847443857453,7.183427810668945,2.27177095413208,14.388301849365234
tft,UGA,2004,2007,3,8.41242596551071,7.275442123413086,2.525053024291992,14.367813110351562
tft,UGA,2004,2008,4,8.70875190154499,7.272696495056152,2.5666160583496094,14.356559753417969
tft,UGA,2004,2009,5,6.80151734860395,7.291621208190918,2.5574135780334473,14.427592277526855
tft,UKR,2004,2005,1,3.07123039245209,5.381970405578613,-0.004518985748291016,8.976344108581543
tft,UKR,2004,2006,2,7.57142076322967,5.341973781585693,0.6875362396240234,8.552122116088867
tft,UKR,2004,2007,3,8.21584445165715,5.623642444610596,1.3714585304260254,8.519207954406738
tft,UKR,2004,2008,4,2.24349159628288,5.718462944030762,1.5599708557128906,8.49388313293457
tft,UKR,2004,2009,5,-15.1364679101502,5.832321643829346,1.7745623588562012,8.5311279296875
tft,URY,2004,2005,1,7.4601321302473,-1.3920955657958984,-7.098255157470703,3.4521379470825195
tft,URY,2004,2006,2,4.09857735445401,-1.2689318656921387,-6.848420143127441,3.3317861557006836
tft,URY,2004,2007,3,6.54151084504817,-0.883080005645752,-6.343537330627441,3.755019187927246
tft,URY,2004,2008,4,7.17614466455107,-0.6291961669921875,-5.89260196685791,3.920755386352539
tft,URY,2004,2009,5,4.24349419462426,-0.5215888023376465,-5.649831771850586,3.952528953552246
tft,USA,2004,2005,1,3.48354993710312,3.6257176399230957,0.5077965259552002,5.496969223022461
tft,USA,2004,2006,2,2.78453963674239,3.3201332092285156,0.2445068359375,5.18553352355957
tft,USA,2004,2007,3,2.0038583039496,3.324850559234619,0.3530360460281372,5.069687843322754
tft,USA,2004,2008,4,0.113587247501258,3.3047263622283936,0.3461940288543701,5.046602249145508
tft,USA,2004,2009,5,-2.5765002366652,3.309685707092285,0.1720867156982422,5.121152400970459
tft,VNM,2004,2005,1,7.54724772895918,4.975638389587402,2.4650425910949707,7.095754623413086
tft,VNM,2004,2006,2,6.97795481056711,4.460158824920654,1.6475780010223389,6.8084716796875
tft,VNM,2004,2007,3,7.12950448605439,3.918248176574707,1.0685486793518066,6.21100378036499
tft,VNM,2004,2008,4,5.66177120891362,3.778613567352295,0.8644936084747314,6.072101593017578
tft,VNM,2004,2009,5,5.39789754014181,3.7009963989257812,0.5745179653167725,6.1935319900512695
tft,VUT,2004,2005,1,5.30532647259227,6.464873313903809,2.609823226928711,8.020505905151367
tft,VUT,2004,2006,2,8.46069747205426,6.130335330963135,2.4179673194885254,7.810854434967041
tft,VUT,2004,2007,3,2.87589228775376,6.683359146118164,4.0594072341918945,8.002829551696777
tft,VUT,2004,2008,4,5.60099182147225,6.985196590423584,4.911177158355713,8.117473602294922
tft,VUT,2004,2009,5,3.03730354099639,7.132915496826172,5.425428867340088,8.176640510559082
tft,ZAF,2004,2005,1,5.27705197295467,2.941056489944458,1.0297787189483643,4.680263519287109
tft,ZAF,2004,2006,2,5.60380645895889,2.423204183578491,-0.18689990043640137,4.436380386352539
tft,ZAF,2004,2007,3,5.36047405394162,2.30842924118042,-0.3981914520263672,4.415611267089844
tft,ZAF,2004,2008,4,3.1910438863288,2.2200376987457275,-0.6935827732086182,4.486073970794678
tft,ZAF,2004,2009,5,-1.53808913525583,2.2692980766296387,-0.686370849609375,4.6019206047058105
tft,ABW,2009,2010,1,-2.73345679250639,2.9494709968566895,-2.037943124771118,5.346691131591797
tft,ABW,2009,2011,2,3.36923718421511,2.7956879138946533,-2.692988634109497,5.614578723907471
tft,ABW,2009,2012,3,-1.04079988436683,2.638317108154297,-2.987691640853882,5.706308364868164
tft,ABW,2009,2013,4,6.43146080719245,2.5884437561035156,-3.1074917316436768,5.737044811248779
tft,ABW,2009,2014,5,1.42609951155575,2.620319128036499,-3.0983259677886963,5.693373203277588
tft,ALB,2009,2010,1,2.97315442681247,8.100272178649902,-1.6207966804504395,14.190125465393066
tft,ALB,2009,2011,2,2.46351683915714,7.552899360656738,-1.4617962837219238,12.947417259216309
tft,ALB,2009,2012,3,0.984129880204108,7.281606197357178,-0.5820846557617188,11.962318420410156
tft,ALB,2009,2013,4,1.7072283175406,6.850559234619141,-0.9110579490661621,11.522125244140625
tft,ALB,2009,2014,5,2.24022695382642,6.782862186431885,-1.0826406478881836,11.587715148925781
tft,AUS,2009,2010,1,2.21004795300735,2.636009931564331,-1.880812644958496,5.212826728820801
tft,AUS,2009,2011,2,2.39473494330615,2.7089035511016846,-2.570645809173584,5.680615425109863
tft,AUS,2009,2012,3,3.95247138119184,2.6784276962280273,-2.9499382972717285,6.203281402587891
tft,AUS,2009,2013,4,2.65445302592404,2.5682196617126465,-3.6102261543273926,6.325746536254883
tft,AUS,2009,2014,5,2.60118978187332,2.4338619709014893,-4.012771129608154,6.120380401611328
tft,AUT,2009,2010,1,1.80898243043663,3.4791619777679443,2.1449337005615234,4.108316421508789
tft,AUT,2009,2011,2,2.92746800169145,3.4941277503967285,2.1108574867248535,4.207496643066406
tft,AUT,2009,2012,3,0.628246239479637,3.471585273742676,2.073864221572876,4.2098188400268555
tft,AUT,2009,2013,4,-0.250726423318454,3.4585373401641846,2.0541815757751465,4.20999813079834
tft,AUT,2009,2014,5,0.755798850316665,3.445702314376831,2.0408506393432617,4.20535945892334
tft,BEL,2009,2010,1,2.71031150254662,3.008613348007202,1.6800832748413086,3.641510486602783
tft,BEL,2009,2011,2,1.93115502411325,3.0174922943115234,1.6830904483795166,3.735705852508545
tft,BEL,2009,2012,3,0.215803612089744,3.0053184032440186,1.6230889558792114,3.736945867538452
tft,BEL,2009,2013,4,0.305494549070232,3.0023701190948486,1.607146143913269,3.7507283687591553
tft,BEL,2009,2014,5,1.76554038149924,3.0038275718688965,1.5995166301727295,3.7640488147735596
tft,BEN,2009,2010,1,2.11406472648392,2.6303672790527344,1.233403205871582,3.6430325508117676
tft,BEN,2009,2011,2,2.96375291904201,2.5883524417877197,1.2221016883850098,3.587186098098755
tft,BEN,2009,2012,3,4.811223315688,2.5775868892669678,1.2408597469329834,3.563321352005005
tft,BEN,2009,2013,4,7.19143372144946,2.5621981620788574,1.2260181903839111,3.555536985397339
tft,BEN,2009,2014,5,6.35767909791932,2.546065330505371,1.201267123222351,3.5485336780548096
tft,BFA,2009,2010,1,8.44628157707625,3.1568710803985596,-0.05681204795837402,5.884718418121338
tft,BFA,2009,2011,2,6.62256261306693,3.2461838722229004,-0.06540584564208984,6.142958164215088
tft,BFA,2009,2012,3,6.45267237953146,3.2763941287994385,0.05269646644592285,6.152256965637207
tft,BFA,2009,2013,4,5.79258484509867,3.2711267471313477,0.0397794246673584,6.165517807006836
tft,BFA,2009,2014,5,4.32684561452976,3.242373466491699,-0.013356208801269531,6.160624980926514
tft,BGD,2009,2010,1,5.57178818533122,6.572783470153809,4.226187705993652,8.01430892944336
tft,BGD,2009,2011,2,6.46437912497728,6.653869152069092,4.240305423736572,8.156267166137695
tft,BGD,2009,2012,3,6.52145877906443,6.7267608642578125,4.250168800354004,8.296164512634277
tft,BGD,2009,2013,4,6.01360565834344,6.7723798751831055,4.268083572387695,8.369593620300293
tft,BGD,2009,2014,5,6.0610593588495,6.793075084686279,4.2713165283203125,8.4098482131958
tft,BGR,2009,2010,1,1.55536266288017,5.177464485168457,1.046243667602539,7.161410808563232
tft,BGR,2009,2011,2,2.09017598337418,5.236963272094727,1.4055609703063965,7.117681503295898
tft,BGR,2009,2012,3,0.748814556346105,5.029090881347656,1.4831316471099854,6.769560813903809
tft,BGR,2009,2013,4,-0.542753400392826,5.624288558959961,2.760657787322998,7.142189025878906
tft,BGR,2009,2014,5,0.949449772002041,4.95235538482666,1.6649175882339478,6.696903705596924
tft,BHR,2009,2010,1,4.3342989754845,7.808597564697266,0.9704416394233704,14.409184455871582
tft,BHR,2009,2011,2,1.92815791170796,8.514102935791016,3.58880615234375,11.848664283752441
tft,BHR,2009,2012,3,3.80302899043062,6.902313709259033,1.6129120588302612,10.11216926574707
tft,BHR,2009,2013,4,5.29262224906203,5.874464511871338,-0.09934628009796143,10.865885734558105
tft,BHR,2009,2014,5,4.30885692657077,6.71153450012207,1.0074211359024048,12.217534065246582
tft,BHS,2009,2010,1,1.53866248693835,3.847264289855957,-0.6855049133300781,5.659583568572998
tft,BHS,2009,2011,2,0.613170735890648,3.7244374752044678,-2.1903257369995117,6.491842269897461
tft,BHS,2009,2012,3,4.52003886739061,3.699366569519043,-2.80062198638916,6.902292251586914
tft,BHS,2009,2013,4,-2.86320081549439,3.74769926071167,-2.9390740394592285,7.125672340393066
tft,BHS,2009,2014,5,1.8469701294558,3.8128304481506348,-2.878161907196045,7.238962173461914
tft,BLZ,2009,2010,1,1.41741099233461,4.58727502822876,0.7114968299865723,7.580246448516846
tft,BLZ,2009,2011,2,-0.13007112300869,4.7169318199157715,1.0461931228637695,7.588769912719727
tft,BLZ,2009,2012,3,3.94389321816617,4.5307793617248535,0.8419969081878662,7.432163238525391
tft,BLZ,2009,2013,4,4.06646561608865,4.559117317199707,0.8974683284759521,7.460239410400391
tft,BLZ,2009,2014,5,3.89226067249989,4.510566711425781,0.832280158996582,7.425309181213379
tft,BOL,2009,2010,1,4.12672258996274,5.797288417816162,3.5075457096099854,7.184640884399414
tft,BOL,2009,2011,2,5.20409245282328,5.959497451782227,3.7121505737304688,7.357851505279541
tft,BOL,2009,2012,3,5.12227560125973,5.95997428894043,3.6523561477661133,7.446232318878174
tft,BOL,2009,2013,4,6.79601141268498,5.976605415344238,3.6349661350250244,7.509247779846191
tft,BOL,2009,2014,5,5.46056949136766,5.981362342834473,3.624328374862671,7.526153087615967
tft,BRA,2009,2010,1,7.52822581815364,3.8752188682556152,2.4524567127227783,4.64567756652832
tft,BRA,2009,2011,2,3.97442307944702,3.8681087493896484,2.381556749343872,4.730499744415283
tft,BRA,2009,2012,3,1.92117598576537,3.8495426177978516,2.337812662124634,4.758986949920654
tft,BRA,2009,2013,4,3.00482266944432,3.8440332412719727,2.3131208419799805,4.77736759185791
tft,BRA,2009,2014,5,0.503955740242247,3.8326761722564697,2.2799649238586426,4.788271903991699
tft,BRN,2009,2010,1,2.74136439456163,4.729429721832275,0.9656915664672852,7.340088367462158
tft,BRN,2009,2011,2,3.74440625524871,4.910439491271973,0.6287360191345215,7.634584426879883
tft,BRN,2009,2012,3,0.913135189664487,4.83754825592041,0.013643741607666016,7.725654125213623
tft,BRN,2009,2013,4,-2.12478292664558,4.826108932495117,-0.12700605392456055,7.729914665222168
tft,BRN,2009,2014,5,-2.50788727590711,4.844850063323975,-0.06479454040527344,7.739052772521973
tft,BTN,2009,2010,1,11.9318738376229,11.555728912353516,3.031285524368286,18.423091888427734
tft,BTN,2009,2011,2,8.4892584842808,10.695268630981445,4.068776607513428,15.40589714050293
tft,BTN,2009,2012,3,5.16482012683895,10.278424263000488,4.330279350280762,14.138431549072266
tft,BTN,2009,2013,4,1.73634039505693,10.020344734191895,4.212211608886719,13.739612579345703
tft,BTN,2009,2014,5,5.88108550658288,9.820767402648926,4.035025596618652,13.497284889221191
tft,BWA,2009,2010,1,10.119723322694,6.554986476898193,3.5857911109924316,8.768245697021484
tft,BWA,2009,2011,2,6.83841052493574,6.688826084136963,3.9431989192962646,8.71408748626709
tft,BWA,2009,2012,3,-0.170857099335691,6.495672702789307,3.6097261905670166,8.43280029296875
tft,BWA,2009,2013,4,11.1029068737822,6.479075908660889,3.4945690631866455,8.389444351196289
tft,BWA,2009,2014,5,5.69714422072884,6.4624552726745605,3.4177865982055664,8.395952224731445
tft,CAF,2009,2010,1,4.63081843223307,6.866147518157959,0.22693729400634766,10.692090034484863
tft,CAF,2009,2011,2,4.19461533741989,6.715238094329834,-0.16282939910888672,10.927806854248047
tft,CAF,2009,2012,3,5.05376125356918,6.147763252258301,-1.4593391418457031,10.447784423828125
tft,CAF,2009,2013,4,-36.3919770983887,5.908039093017578,-2.038691520690918,10.43814754486084
tft,CAF,2009,2014,5,0.0810705153264877,5.808276176452637,-2.338773727416992,10.556257247924805
tft,CAN,2009,2010,1,3.09080633744851,2.247269868850708,0.33175694942474365,3.2537589073181152
tft,CAN,2009,2011,2,3.1371944343876,2.2873902320861816,0.2514904737472534,3.453129291534424
tft,CAN,2009,2012,3,1.75566133205234,2.285200834274292,0.1834958791732788,3.528590679168701
tft,CAN,2009,2013,4,2.32581356612762,2.283602237701416,0.07333874702453613,3.584475040435791
tft,CAN,2009,2014,5,2.87346675579731,2.254091739654541,-0.024836182594299316,3.5997281074523926
tft,CHE,2009,2010,1,3.26063082122047,3.0814788341522217,1.5419204235076904,3.709714889526367
tft,CHE,2009,2011,2,1.40766067483813,3.0944275856018066,1.2798032760620117,3.953113555908203
tft,CHE,2009,2012,3,1.12413575027705,3.067344903945923,1.1042656898498535,4.029124736785889
tft,CHE,2009,2013,4,1.83612392927999,3.063115119934082,1.0541572570800781,4.072661399841309
tft,CHE,2009,2014,5,2.54342347675991,3.064054012298584,1.047473669052124,4.094697952270508
tft,CHL,2009,2010,1,5.85165102224047,3.354276180267334,1.6350798606872559,4.15618896484375
tft,CHL,2009,2011,2,6.22389678509138,3.277486562728882,1.55265474319458,4.117033958435059
tft,CHL,2009,2012,3,6.15534001855494,3.174351930618286,1.4403975009918213,4.043344497680664
tft,CHL,2009,2013,4,3.30850824710085,3.1072397232055664,1.3664993047714233,3.999262809753418
tft,CHL,2009,2014,5,1.79264947139259,3.059694528579712,1.312572717666626,3.972783088684082
tft,CHN,2009,2010,1,10.5916903885704,10.782352447509766,6.939899921417236,13.282649993896484
tft,CHN,2009,2011,2,9.46205248298186,10.364951133728027,6.857239246368408,12.49289608001709
tft,CHN,2009,2012,3,7.8578201481217,10.024847984313965,6.547647476196289,12.121706008911133
tft,CHN,2009,2013,4,7.77842954757257,9.858236312866211,6.344970226287842,11.999993324279785
tft,CHN,2009,2014,5,7.46100735778161,9.772231101989746,6.229837894439697,11.939903259277344
tft,CIV,2009,2010,1,6.84804939907013,5.39849853515625,-0.08201885223388672,9.174198150634766
tft,CIV,2009,2011,2,-5.37044724000579,4.915670871734619,-0.8767452239990234,8.745049476623535
tft,CIV,2009,2012,3,7.62041176451649,4.622551918029785,-1.3266420364379883,8.408281326293945
tft,CIV,2009,2013,4,10.7602131311256,4.290639877319336,-1.917886734008789,8.02905559539795
tft,CIV,2009,2014,5,9.37199994240375,5.142624855041504,-0.7397699356079102,9.053252220153809
tft,CMR,2009,2010,1,2.89902472122014,2.7333502769470215,-1.282630443572998,5.6150803565979
tft,CMR,2009,2011,2,3.37921128506045,2.5887298583984375,-1.3572883605957031,5.445106029510498
tft,CMR,2009,2012,3,4.62597872209571,2.5687766075134277,-1.2944369316101074,5.397164344787598
tft,CMR,2009,2013,4,4.99552916130783,2.533310890197754,-1.3190364837646484,5.373717308044434
tft,CMR,2009,2014,5,5.71981814509198,2.5510101318359375,-1.3055028915405273,5.41602897644043
tft,COG,2009,2010,1,9.93126543095578,5.669282913208008,-1.3386154174804688,11.717412948608398
tft,COG,2009,2011,2,2.20591936286718,4.448744297027588,-2.4884390830993652,9.674497604370117
tft,COG,2009,2012,3,9.94715314257564,4.117886543273926,-2.724092960357666,9.168869972229004
tft,COG,2009,2013,4,-0.712434451876447,3.746389865875244,-3.0002431869506836,8.86325454711914
tft,COG,2009,2014,5,6.64606540928447,3.645975351333618,-3.0378870964050293,8.840544700622559
tft,COL,2009,2010,1,4.49465897070922,4.511602401733398,1.2652368545532227,6.227423191070557
tft,COL,2009,2011,2,6.94789198173555,4.594199180603027,1.1792998313903809,6.483941078186035
tft,COL,2009,2012,3,3.91263576716115,4.523106098175049,1.0077719688415527,6.534425735473633
tft,COL,2009,2013,4,5.13399351995672,4.5127973556518555,0.9552774429321289,6.566827774047852
tft,COL,2009,2014,5,4.49903000110972,4.496262073516846,0.8946819305419922,6.58983039855957
tft,COM,2009,2010,1,3.77776673684423,3.5006203651428223,1.5416080951690674,4.786216735839844
tft,COM,2009,2011,2,4.14350668765977,3.4564905166625977,1.4813435077667236,4.7125983238220215
tft,COM,2009,2012,3,3.1684098843342,3.416562080383301,1.4234371185302734,4.623542308807373
tft,COM,2009,2013,4,4.46624729869704,3.4469118118286133,1.4599628448486328,4.645511150360107
tft,COM,2009,2014,5,2.10665760321017,3.46476411819458,1.4844810962677002,4.670450687408447
tft,CRI,2009,2010,1,5.36034347722267,3.5864171981811523,-1.4105892181396484,6.506677627563477
tft,CRI,2009,2011,2,4.40315921836142,3.8089590072631836,-1.1858766078948975,6.801690101623535
tft,CRI,2009,2012,3,4.88259252932575,3.958390235900879,-0.3349590301513672,6.437131881713867
tft,CRI,2009,2013,4,2.49476596233289,3.9111385345458984,-0.037457942962646484,6.16935920715332
tft,CRI,2009,2014,5,3.54210997703849,3.8606040477752686,-0.037401437759399414,6.104803085327148
tft,CYP,2009,2010,1,2.28267100119788,3.854933261871338,0.7559864521026611,5.598697662353516
tft,CYP,2009,2011,2,0.416711868408683,3.8594107627868652,0.9054386615753174,5.363965034484863
tft,CYP,2009,2012,3,-3.44738151374587,3.837766647338867,0.6319894790649414,5.5079121589660645
tft,CYP,2009,2013,4,-6.58747751118347,3.8970909118652344,0.4780769348144531,5.758122444152832
tft,CYP,2009,2014,5,-1.77605867728616,3.9926557540893555,0.580012321472168,5.9017744064331055
tft,DEU,2009,2010,1,4.13463778522758,5.792359352111816,3.0312798023223877,7.096820831298828
tft,DEU,2009,2011,2,3.75796884489337,6.223503589630127,3.503159523010254,7.715856552124023
tft,DEU,2009,2012,3,0.463512036709204,5.807827949523926,2.751004219055176,7.425130844116211
tft,DEU,2009,2013,4,0.396995583779145,5.783778667449951,2.7174246311187744,7.4176836013793945
tft,DEU,2009,2014,5,2.18018602168017,5.7591872215271,2.6870169639587402,7.405361175537109
tft,DNK,2009,2010,1,1.58289703108802,2.4850454330444336,1.0626176595687866,3.1615824699401855
tft,DNK,2009,2011,2,1.3108037609606,2.506077766418457,1.0289968252182007,3.272879123687744
tft,DNK,2009,2012,3,-0.0054323016167074,2.4860472679138184,0.9908605813980103,3.2799389362335205
tft,DNK,2009,2013,4,1.39267343161971,2.474449396133423,0.9698548316955566,3.2830593585968018
tft,DNK,2009,2014,5,1.27799983192831,2.463169813156128,0.9548790454864502,3.2807068824768066
tft,DOM,2009,2010,1,8.40114541209596,2.957822322845459,1.7177703380584717,3.6655473709106445
tft,DOM,2009,2011,2,3.19196227475523,2.995793581008911,1.7117693424224854,3.743786573410034
tft,DOM,2009,2012,3,2.77567100848816,2.9682395458221436,1.6534533500671387,3.7530670166015625
tft,DOM,2009,2013,4,4.93473300709881,2.9654417037963867,1.6388760805130005,3.7627670764923096
tft,DOM,2009,2014,5,7.11122629673892,2.959918975830078,1.6187962293624878,3.7697153091430664
tft,DZA,2009,2010,1,4.80000000093564,5.446136474609375,2.6918954849243164,7.485171318054199
tft,DZA,2009,2011,2,2.99999999941909,5.492341995239258,2.778502941131592,7.521026611328125
tft,DZA,2009,2012,3,2.40000000034432,5.427125453948975,2.6544246673583984,7.529995441436768
tft,DZA,2009,2013,4,2.60000000061164,5.431960582733154,2.6535816192626953,7.57161808013916
tft,DZA,2009,2014,5,4.09999999866501,5.417383193969727,2.62115740776062,7.592002868652344
tft,ECU,2009,2010,1,4.02913787986621,4.320850849151611,0.23377752304077148,6.91096305847168
tft,ECU,2009,2011,2,8.48147656332823,4.45524787902832,0.16442131996154785,7.2596755027771
tft,ECU,2009,2012,3,5.783212336172,4.337821960449219,-0.08597326278686523,7.250571250915527
tft,ECU,2009,2013,4,7.21123653679159,4.318443775177002,-0.21718931198120117,7.23366641998291
tft,ECU,2009,2014,5,4.22606520388456,4.295100212097168,-0.3405036926269531,7.236684799194336
tft,EGY,2009,2010,1,5.14723485746742,4.056161880493164,2.4007365703582764,5.175414562225342
tft,EGY,2009,2011,2,1.76457194806041,4.217641830444336,2.5402274131774902,5.45883846282959
tft,EGY,2009,2012,3,2.22619979818487,4.214338779449463,2.43530011177063,5.585955619812012
tft,EGY,2009,2013,4,2.18546605363386,4.236508846282959,2.4235239028930664,5.655327320098877
tft,EGY,2009,2014,5,2.91591188052836,4.203527450561523,2.387241840362549,5.62493896484375
tft,ESP,2009,2010,1,0.0941223116369514,4.903659343719482,3.1479077339172363,5.708611011505127
tft,ESP,2009,2011,2,-0.639920636520344,4.954530239105225,3.0032260417938232,5.960059642791748
tft,ESP,2009,2012,3,-2.86511368637748,4.970846176147461,2.8839657306671143,6.063933372497559
tft,ESP,2009,2013,4,-1.42732224757626,5.001671314239502,2.8358445167541504,6.1484174728393555
tft,ESP,2009,2014,5,1.52048593647231,5.022589683532715,2.8153162002563477,6.198907852172852
tft,FIN,2009,2010,1,3.1682879121621,3.8104336261749268,1.8696644306182861,4.728415012359619
tft,FIN,2009,2011,2,2.39039455396828,3.831632614135742,1.8127949237823486,4.876410007476807
tft,FIN,2009,2012,3,-1.52284013040689,3.8015475273132324,1.7579336166381836,4.884006023406982
tft,FIN,2009,2013,4,-0.979741024949618,3.7862353324890137,1.7286555767059326,4.890321254730225
tft,FIN,2009,2014,5,-0.4780684247837,3.773261785507202,1.7087445259094238,4.891753673553467
tft,FJI,2009,2010,1,2.95467268842502,3.563577651977539,2.026440143585205,4.402002811431885
tft,FJI,2009,2011,2,2.70514231228027,3.6185991764068604,2.036011219024658,4.501039505004883
tft,FJI,2009,2012,3,1.41131415220703,3.5819807052612305,1.9617459774017334,4.512327194213867
tft,FJI,2009,2013,4,4.7342203729816,3.577526092529297,1.9437793493270874,4.525516510009766
tft,FJI,2009,2014,5,5.60351397766961,3.5679588317871094,1.9169515371322632,4.53338623046875
tft,FRA,2009,2010,1,2.00032476039051,2.7298998832702637,-0.3282740116119385,4.186746597290039
tft,FRA,2009,2011,2,2.43757653729007,2.8113083839416504,-0.5291810035705566,4.562148094177246
tft,FRA,2009,2012,3,0.183835264973013,2.799182891845703,-0.6678776741027832,4.640270233154297
tft,FRA,2009,2013,4,0.781756446231,2.7928733825683594,-0.7283744812011719,4.675544738769531
tft,FRA,2009,2014,5,0.997832947295251,2.7838518619537354,-0.7601261138916016,4.690028667449951
tft,GAB,2009,2010,1,7.08988731455126,3.1861448287963867,1.6255489587783813,4.214077949523926
tft,GAB,2009,2011,2,7.09175334258654,3.2623841762542725,1.7975213527679443,4.281918048858643
tft,GAB,2009,2012,3,5.25107691750407,3.305830240249634,1.9530909061431885,4.288910865783691
tft,GAB,2009,2013,4,5.63869900338696,3.3541457653045654,2.0861997604370117,4.304132461547852
tft,GAB,2009,2014,5,4.31496444107469,3.366570234298706,2.132077932357788,4.297989368438721
tft,GBR,2009,2010,1,2.26054460931586,3.169419288635254,-3.6899514198303223,6.474048137664795
tft,GBR,2009,2011,2,0.851437739020326,3.3381237983703613,-4.0371317863464355,7.214483737945557
tft,GBR,2009,2012,3,1.52826034721852,3.303312301635742,-4.287651538848877,7.349240303039551
tft,GBR,2009,2013,4,1.71846961308464,3.2895922660827637,-4.405319690704346,7.421669960021973
tft,GBR,2009,2014,5,3.16017351468152,3.2680039405822754,-4.4637227058410645,7.450299263000488
tft,GEO,2009,2010,1,6.24640865303363,2.9147439002990723,-0.8863389492034912,5.209029197692871
tft,GEO,2009,2011,2,7.9343365253078,2.930281400680542,-0.9045000076293945,5.267017364501953
tft,GEO,2009,2012,3,6.57883101954195,2.86205792427063,-0.46605539321899414,4.851506233215332
tft,GEO,2009,2013,4,5.13288531209382,2.7380270957946777,-0.36281466484069824,4.575739860534668
tft,GEO,2009,2014,5,4.09049059581743,2.6728615760803223,-0.39255547523498535,4.495985507965088
tft,GHA,2009,2010,1,7.89971194051621,1.3479928970336914,-8.918651580810547,7.736774444580078
tft,GHA,2009,2011,2,14.0471235803149,1.2406580448150635,-9.068994522094727,7.827908515930176
tft,GHA,2009,2012,3,9.2927894063005,1.2851004600524902,-8.993020057678223,7.936589241027832
tft,GHA,2009,2013,4,7.31252501678145,1.26230788230896,-8.9404935836792,7.890301704406738
tft,GHA,2009,2014,5,2.85624016330883,1.1250885725021362,-9.052369117736816,7.723387718200684
tft,GMB,2009,2010,1,5.90833580968288,2.4521901607513428,-1.3416824340820312,5.332190036773682
tft,GMB,2009,2011,2,-8.13044422315659,2.578681230545044,-1.1770529747009277,5.487476348876953
tft,GMB,2009,2012,3,5.24156924630741,2.5706729888916016,-1.1515121459960938,5.467915058135986
tft,GMB,2009,2013,4,2.872768790327,2.554570436477661,-1.177417516708374,5.472864627838135
tft,GMB,2009,2014,5,-1.40738249510954,2.5136470794677734,-1.2323153018951416,5.436924934387207
tft,GNB,2009,2010,1,5.60536311358261,3.415590763092041,0.049489498138427734,6.09274959564209
tft,GNB,2009,2011,2,8.08504167173554,3.496473789215088,-0.011253833770751953,6.359192848205566
tft,GNB,2009,2012,3,-1.71286958446419,3.553006410598755,0.17931389808654785,6.351479530334473
tft,GNB,2009,2013,4,3.25607190852087,3.5697522163391113,0.210693359375,6.360065937042236
tft,GNB,2009,2014,5,0.964525745841428,3.5468435287475586,0.18038487434387207,6.338100433349609
tft,GRC,2009,2010,1,-5.6937412158003,1.952722430229187,-3.0292553901672363,4.354602336883545
tft,GRC,2009,2011,2,-9.87677875300243,2.11283016204834,-3.183384895324707,4.919648170471191
tft,GRC,2009,2012,3,-8.33113421099992,2.1310248374938965,-3.26578426361084,5.058704376220703
tft,GRC,2009,2013,4,-2.27211699888024,2.1723392009735107,-3.2694153785705566,5.1670122146606445
tft,GRC,2009,2014,5,0.792225060962835,2.145876884460449,-3.3712263107299805,5.189699649810791
tft,GTM,2009,2010,1,2.88417542800377,2.673874616622925,-1.4964518547058105,5.001832008361816
tft,GTM,2009,2011,2,4.16390688293349,2.4076528549194336,-2.423691749572754,5.102081775665283
tft,GTM,2009,2012,3,2.97470856847661,2.3342390060424805,-2.6961216926574707,5.113274097442627
tft,GTM,2009,2013,4,3.69476814623695,2.5628247261047363,-2.2071657180786133,5.269267559051514
tft,GTM,2009,2014,5,4.44397825774911,3.089895248413086,-0.8509926795959473,5.494956970214844
tft,HKG,2009,2010,1,6.76770683250318,5.427842140197754,3.161210536956787,6.637284755706787
tft,HKG,2009,2011,2,4.81466801092733,4.9109296798706055,2.121626853942871,6.531661033630371
tft,HKG,2009,2012,3,1.70032214482865,4.560488700866699,1.3051419258117676,6.506255149841309
tft,HKG,2009,2013,4,3.10155262780289,4.400900840759277,0.800152063369751,6.543947696685791
tft,HKG,2009,2014,5,2.76241378329884,4.250614166259766,0.5053348541259766,6.489394187927246
tft,HND,2009,2010,1,3.73114034433009,6.427925109863281,2.985999345779419,8.714284896850586
tft,HND,2009,2011,2,3.83569066207505,6.86860466003418,4.052823066711426,8.9149169921875
tft,HND,2009,2012,3,4.12868774866939,7.004092693328857,4.466950416564941,8.912784576416016
tft,HND,2009,2013,4,2.79155975746801,7.0652241706848145,4.614930629730225,8.927021980285645
tft,HND,2009,2014,5,3.0580805621437,7.086380958557129,4.664996147155762,8.929035186767578
tft,HTI,2009,2010,1,-5.65151153448299,8.302292823791504,3.38908052444458,10.954116821289062
tft,HTI,2009,2011,2,5.09821354410036,8.632000923156738,3.8095922470092773,11.290294647216797
tft,HTI,2009,2012,3,0.502424403581585,8.697818756103516,4.137020587921143,11.503702163696289
tft,HTI,2009,2013,4,4.32478411472874,8.749302864074707,4.111252784729004,11.641643524169922
tft,HTI,2009,2014,5,2.88877250863379,8.77143669128418,4.095772743225098,11.685775756835938
tft,HUN,2009,2010,1,1.06795068152046,3.615372896194458,-0.320279598236084,5.669658184051514
tft,HUN,2009,2011,2,1.91670916599742,3.563657760620117,-0.1858828067779541,5.4881744384765625
tft,HUN,2009,2012,3,-1.33948446518181,3.329885721206665,-0.41636931896209717,5.275406837463379
tft,HUN,2009,2013,4,2.03216990678146,3.12119197845459,-0.6808022260665894,5.125313758850098
tft,HUN,2009,2014,5,4.33435364113967,2.9621870517730713,-0.891019344329834,5.023327827453613
tft,IDN,2009,2010,1,6.22385418062366,4.452962875366211,1.0165610313415527,6.4055328369140625
tft,IDN,2009,2011,2,6.16978420771008,4.503787517547607,0.8450312614440918,6.629651069641113
tft,IDN,2009,2012,3,6.03005065305615,4.413102626800537,0.6735653877258301,6.658041000366211
tft,IDN,2009,2013,4,5.5572636889101,4.395468235015869,0.6106846332550049,6.6726555824279785
tft,IDN,2009,2014,5,5.006668425755,4.369604110717773,0.524029016494751,6.6812028884887695
tft,IND,2009,2010,1,8.49758470165625,7.829464912414551,5.172854900360107,9.723487854003906
tft,IND,2009,2011,2,5.24131620024293,7.817254543304443,5.172751426696777,9.557074546813965
tft,IND,2009,2012,3,5.45638755164772,7.840214729309082,5.148884296417236,9.584821701049805
tft,IND,2009,2013,4,6.38610640091713,7.818248748779297,5.129429817199707,9.547358512878418
tft,IND,2009,2014,5,7.41022760516977,7.765964508056641,5.0867815017700195,9.482719421386719
tft,IRL,2009,2010,1,1.68297175486512,3.8921761512756348,0.11018705368041992,5.7931389808654785
tft,IRL,2009,2011,2,1.60886648916944,3.9553074836730957,-0.4707355499267578,6.295748710632324
tft,IRL,2009,2012,3,-0.40502941658977,4.050069332122803,-0.7159819602966309,6.760103702545166
tft,IRL,2009,2013,4,2.1929375750029,4.177097797393799,-0.4397883415222168,6.884246826171875
tft,IRL,2009,2014,5,9.38579335130922,4.269805431365967,-0.18143796920776367,6.905243873596191
tft,IRN,2009,2010,1,5.79793830169604,6.354611396789551,2.929959297180176,8.791749954223633
tft,IRN,2009,2011,2,2.6457179180628,6.036621570587158,2.0835697650909424,8.735648155212402
tft,IRN,2009,2012,3,-3.74717139864109,5.842190742492676,1.8380780220031738,8.53181266784668
tft,IRN,2009,2013,4,-1.52197920494184,5.580150127410889,1.5595207214355469,8.244359970092773
tft,IRN,2009,2014,5,4.98477506709476,5.326141357421875,1.1359193325042725,8.08171272277832
tft,IRQ,2009,2010,1,6.40256484471193,3.6350748538970947,-4.398533344268799,9.387916564941406
tft,IRQ,2009,2011,2,7.546471200426,4.0314717292785645,-3.9780240058898926,10.075345993041992
tft,IRQ,2009,2012,3,13.9364301737537,4.292543888092041,-3.015735626220703,10.334033966064453
tft,IRQ,2009,2013,4,7.62828592298754,4.233194351196289,-2.9917545318603516,10.165237426757812
tft,IRQ,2009,2014,5,2.26368817563613,3.9589643478393555,-3.8489623069763184,9.83183479309082
tft,ISL,2009,2010,1,-2.22181843777449,5.657011032104492,-6.989286422729492,11.650708198547363
tft,ISL,2009,2011,2,1.37999669197329,5.616435527801514,-8.250892639160156,12.707414627075195
tft,ISL,2009,2012,3,1.16931174934061,5.526646137237549,-8.879558563232422,13.01986312866211
tft,ISL,2009,2013,4,3.59695697128252,5.4786810874938965,-9.067296981811523,13.16330623626709
tft,ISL,2009,2014,5,1.91381613095174,5.5359697341918945,-9.060491561889648,13.370368003845215
tft,ISR,2009,2010,1,5.54470607068944,4.077220439910889,2.3356473445892334,5.201208114624023
tft,ISR,2009,2011,2,5.51341969081251,4.175624847412109,2.149097204208374,5.570566177368164
tft,ISR,2009,2012,3,2.40993765217618,4.180385112762451,2.0875024795532227,5.649014949798584
tft,ISR,2009,2013,4,4.09013743330735,4.1846795082092285,2.0589699745178223,5.695279121398926
tft,ISR,2009,2014,5,3.718144149431,4.184589862823486,1.9584205150604248,5.779879093170166
tft,ITA,2009,2010,1,1.52910573247101,5.0242767333984375,2.511057138442993,6.222932815551758
tft,ITA,2009,2011,2,0.695463154440176,5.0862016677856445,2.3732855319976807,6.505826473236084
tft,ITA,2009,2012,3,-3.12523877282996,5.072808265686035,2.2775192260742188,6.558628559112549
tft,ITA,2009,2013,4,-1.81802510749792,5.067582130432129,2.2348737716674805,6.58625602722168
tft,ITA,2009,2014,5,-0.0013876173045446,5.067191123962402,2.221205711364746,6.606985092163086
tft,JPN,2009,2010,1,4.13645589222239,3.329477548599243,2.03257417678833,3.9425208568573
tft,JPN,2009,2011,2,-0.20035785332982,3.2935640811920166,1.9351515769958496,3.996769666671753
tft,JPN,2009,2012,3,1.64893452981225,3.2378427982330322,1.8330594301223755,3.9775218963623047
tft,JPN,2009,2013,4,1.99727653399265,3.20276141166687,1.7571775913238525,3.9715681076049805
tft,JPN,2009,2014,5,0.905915486065865,3.159210443496704,1.6738563776016235,3.955941915512085
tft,KEN,2009,2010,1,8.05847360290906,3.744959592819214,1.0482826232910156,5.628713607788086
tft,KEN,2009,2011,2,5.1211061197056,3.6098196506500244,0.9212014675140381,5.488243103027344
tft,KEN,2009,2012,3,4.56867961444982,3.572888135910034,0.9644551277160645,5.407490253448486
tft,KEN,2009,2013,4,3.7978483925754,3.4841690063476562,0.8947031497955322,5.290295124053955
tft,KEN,2009,2014,5,5.02011100232484,3.3307766914367676,0.6856763362884521,5.121380805969238
tft,KGZ,2009,2010,1,-0.471566596791618,6.706787109375,3.7217695713043213,8.504781723022461
tft,KGZ,2009,2011,2,5.95627429693504,6.737251281738281,3.7808990478515625,8.507701873779297
tft,KGZ,2009,2012,3,-0.0881501998439376,6.659788608551025,3.7417783737182617,8.718027114868164
tft,KGZ,2009,2013,4,10.9154694528045,6.523902416229248,3.484462022781372,8.854537963867188
tft,KGZ,2009,2014,5,4.02403863083252,6.39912223815918,3.3773794174194336,8.732698440551758
tft,KHM,2009,2010,1,5.07691843229247,3.4712185859680176,-1.342634916305542,6.603631496429443
tft,KHM,2009,2011,2,7.28665813879552,3.0560810565948486,-1.7876513004302979,6.425526142120361
tft,KHM,2009,2012,3,7.65025657870362,3.003329038619995,-1.8848721981048584,6.448084354400635
tft,KHM,2009,2013,4,7.8574997554252,2.923419713973999,-1.9865925312042236,6.422160625457764
tft,KHM,2009,2014,5,8.00032074618566,2.8699896335601807,-2.072347640991211,6.410001277923584
tft,KOR,2009,2010,1,6.98166138853071,3.896641492843628,-1.2135076522827148,6.426890850067139
tft,KOR,2009,2011,2,3.6880320602952,3.7472991943359375,-1.5008869171142578,6.616663455963135
tft,KOR,2009,2012,3,2.54766550568242,3.556701183319092,-1.8918085098266602,6.563264846801758
tft,KOR,2009,2013,4,3.2913959543442,3.453719139099121,-2.2631783485412598,6.603462219238281
tft,KOR,2009,2014,5,3.21468019683108,3.305525302886963,-2.5950098037719727,6.564547538757324
tft,KWT,2009,2010,1,-2.37054804425912,10.265276908874512,4.447079181671143,15.415450096130371
tft,KWT,2009,2011,2,9.62863419534361,11.26582145690918,7.577342510223389,15.044607162475586
tft,KWT,2009,2012,3,6.62587485078971,11.453073501586914,7.380457878112793,15.629581451416016
tft,KWT,2009,2013,4,1.14946552780648,10.27550220489502,5.738543510437012,14.328466415405273
tft,KWT,2009,2014,5,0.500914669444924,9.681389808654785,4.701754093170166,13.790424346923828
tft,LBY,2009,2010,1,5.0272476723775,4.325740814208984,-4.839816093444824,11.12491226196289
tft,LBY,2009,2011,2,-50.3385151384986,4.4744696617126465,-6.307401657104492,10.61126708984375
tft,LBY,2009,2012,3,86.8267484395784,4.133103370666504,-6.840764045715332,10.607611656188965
tft,LBY,2009,2013,4,-17.9979615745681,4.27974271774292,-5.467686653137207,11.856247901916504
tft,LBY,2009,2014,5,-23.0428058282215,4.1233954429626465,-5.595794677734375,11.516295433044434
tft,LKA,2009,2010,1,8.01596737040464,8.055644035339355,1.0258355140686035,11.875940322875977
tft,LKA,2009,2011,2,8.66948301160571,8.149528503417969,0.8451094627380371,12.211854934692383
tft,LKA,2009,2012,3,8.6321813769906,7.9550089836120605,0.5438833236694336,12.209307670593262
tft,LKA,2009,2013,4,4.0517463303875,8.187479972839355,0.7934317588806152,12.602811813354492
tft,LKA,2009,2014,5,6.37797889684965,7.871570587158203,0.4525637626647949,12.240509033203125
tft,LUX,2009,2010,1,3.76040578658925,4.2183942794799805,1.7206714153289795,5.958649158477783
tft,LUX,2009,2011,2,1.0442860057217,4.418893337249756,1.8575036525726318,6.2996344566345215
tft,LUX,2009,2012,3,1.64971134354685,4.419167518615723,1.8105380535125732,6.363076686859131
tft,LUX,2009,2013,4,3.17168513780955,4.280353546142578,1.5791597366333008,6.252099990844727
tft,LUX,2009,2014,5,2.62308838097542,4.2543230056762695,1.5201501846313477,6.236639022827148
tft,MAC,2009,2010,1,25.1031075246958,4.055782318115234,0.2607111930847168,5.986856937408447
tft,MAC,2009,2011,2,21.6223064381087,3.8364245891571045,-0.4495553970336914,6.654468536376953
tft,MAC,2009,2012,3,9.21747479596735,3.7750165462493896,-0.7255802154541016,6.839081287384033
tft,MAC,2009,2013,4,10.7816711590297,3.8166513442993164,-1.3887720108032227,7.559389114379883
tft,MAC,2009,2014,5,-2.03874227961819,3.673955202102661,-2.228123664855957,7.965254306793213
tft,MAR,2009,2010,1,3.49955709403216,6.88075065612793,3.3984200954437256,9.0571928024292
tft,MAR,2009,2011,2,5.52464523319847,6.868928909301758,3.348942279815674,9.06698989868164
tft,MAR,2009,2012,3,3.06234368502997,6.786904811859131,3.2042269706726074,9.041998863220215
tft,MAR,2009,2013,4,4.12221286860944,6.758431911468506,3.1327686309814453,9.036873817443848
tft,MAR,2009,2014,5,2.7192440802029,6.733736038208008,3.0675876140594482,9.029390335083008
tft,MDG,2009,2010,1,0.619239744622121,4.816909313201904,1.165248155593872,7.838091850280762
tft,MDG,2009,2011,2,1.57842705366555,4.759305000305176,1.2567169666290283,7.665432453155518
tft,MDG,2009,2012,3,3.01114811621208,4.734277725219727,1.2794089317321777,7.601856708526611
tft,MDG,2009,2013,4,2.30037622800727,4.6771392822265625,1.2262248992919922,7.5155487060546875
tft,MDG,2009,2014,5,3.33920311195367,4.599372386932373,1.1219866275787354,7.415306091308594
tft,MEX,2009,2010,1,4.9713345832195,1.8327515125274658,-0.3368157148361206,3.1051645278930664
tft,MEX,2009,2011,2,3.44404505297089,1.892004370689392,-0.3537038564682007,3.2353029251098633
tft,MEX,2009,2012,3,3.55321076010608,1.833722710609436,-0.48035919666290283,3.2324647903442383
tft,MEX,2009,2013,4,0.852101550164704,1.8257653713226318,-0.5239113569259644,3.2411341667175293
tft,MEX,2009,2014,5,2.50376350783593,1.8117196559906006,-0.5824190378189087,3.2445340156555176
tft,MLI,2009,2010,1,5.57678859793515,4.813365459442139,1.2052760124206543,7.959712505340576
tft,MLI,2009,2011,2,2.93537897118415,4.859847068786621,1.3520896434783936,7.9174604415893555
tft,MLI,2009,2012,3,-1.07239924147837,4.750256061553955,1.255506992340088,7.757134437561035
tft,MLI,2009,2013,4,3.29068742053545,4.731444835662842,1.2499651908874512,7.739196300506592
tft,MLI,2009,2014,5,6.50263878386326,4.774162292480469,1.3142645359039307,7.809259414672852
tft,MLT,2009,2010,1,6.19734978656928,5.781865119934082,2.5225658416748047,7.300586700439453
tft,MLT,2009,2011,2,0.992201768011597,5.350708484649658,1.8356014490127563,7.223447799682617
tft,MLT,2009,2012,3,4.10167460261891,5.0775322914123535,1.426370620727539,7.190122127532959
tft,MLT,2009,2013,4,6.29233378116625,4.980774402618408,1.2475285530090332,7.257016181945801
tft,MLT,2009,2014,5,7.6313628225042,4.709251880645752,0.8213686943054199,7.828207969665527
tft,MNG,2009,2010,1,6.3651616786311,7.199232578277588,-0.24249267578125,12.91727352142334
tft,MNG,2009,2011,2,17.2907775869555,6.681220054626465,-1.595259189605713,12.745895385742188
tft,MNG,2009,2012,3,12.3198198494032,6.583564758300781,-1.7615866661071777,12.796021461486816
tft,MNG,2009,2013,4,11.6489161878925,6.564474105834961,-1.7843093872070312,12.88488483428955
tft,MNG,2009,2014,5,7.88522548204762,6.460567474365234,-1.9884214401245117,12.790304183959961
tft,MRT,2009,2010,1,2.62022952055378,2.6342880725860596,-1.7367372512817383,6.303930282592773
tft,MRT,2009,2011,2,4.17278328304418,2.756380319595337,-1.5457348823547363,6.488765716552734
tft,MRT,2009,2012,3,4.47001318233693,2.7483251094818115,-1.502993106842041,6.483952522277832
tft,MRT,2009,2013,4,4.15081318627171,2.6543562412261963,-1.6525506973266602,6.417553901672363
tft,MRT,2009,2014,5,4.27482327130284,2.5680763721466064,-1.8057799339294434,6.369326591491699
tft,MUS,2009,2010,1,4.39672657214976,3.4163339138031006,-0.27794384956359863,5.313018798828125
tft,MUS,2009,2011,2,4.14555262561014,3.5342469215393066,-0.26386356353759766,5.558632850646973
tft,MUS,2009,2012,3,3.51062090167264,3.4370155334472656,-0.4960930347442627,5.6284685134887695
tft,MUS,2009,2013,4,3.39755085220649,3.420051097869873,-0.5710177421569824,5.673125743865967
tft,MUS,2009,2014,5,3.85773905280689,3.3990187644958496,-0.6344618797302246,5.697571754455566
tft,MYS,2009,2010,1,7.42484738326097,5.358964920043945,2.367680549621582,7.420055389404297
tft,MYS,2009,2011,2,5.29391283414003,5.447671890258789,2.418240785598755,7.505264759063721
tft,MYS,2009,2012,3,5.47345419253853,5.303188800811768,2.159207582473755,7.43511438369751
tft,MYS,2009,2013,4,4.69372252557893,5.296308517456055,2.1396067142486572,7.4603776931762695
tft,MYS,2009,2014,5,6.00672194558203,5.274846076965332,2.0853164196014404,7.477835178375244
tft,NER,2009,2010,1,8.57816674262253,7.1343231201171875,3.938830614089966,10.188047409057617
tft,NER,2009,2011,2,2.35775693603874,7.153513431549072,4.104233264923096,10.108243942260742
tft,NER,2009,2012,3,10.5489445763446,7.093010425567627,4.066954135894775,10.051663398742676
tft,NER,2009,2013,4,5.31513063394726,7.020549774169922,3.9874284267425537,9.975591659545898
tft,NER,2009,2014,5,6.64213665495603,6.92584228515625,3.8628060817718506,9.877201080322266
tft,NIC,2009,2010,1,4.41009911716546,2.8729987144470215,-0.13796448707580566,4.797844886779785
tft,NIC,2009,2011,2,6.31668553491842,2.837110996246338,-0.250978946685791,4.901516437530518
tft,NIC,2009,2012,3,6.4961364710876,2.8192920684814453,-0.2611100673675537,4.922037124633789
tft,NIC,2009,2013,4,4.92709413447304,2.8299169540405273,-0.25803661346435547,4.958339691162109
tft,NIC,2009,2014,5,4.78546013589983,2.842628002166748,-0.26007986068725586,4.992578029632568
tft,NLD,2009,2010,1,1.31935287897116,1.9272780418395996,-2.804055690765381,4.164524078369141
tft,NLD,2009,2011,2,1.77330320575034,1.990624189376831,-2.8720507621765137,4.501518726348877
tft,NLD,2009,2012,3,-0.977826121310997,1.9365403652191162,-2.9793920516967773,4.5394511222839355
tft,NLD,2009,2013,4,-0.0302410184270769,1.9100589752197266,-3.04024076461792,4.568209648132324
tft,NLD,2009,2014,5,1.61255885112396,1.884198546409607,-3.0842061042785645,4.577363014221191
tft,NOR,2009,2010,1,1.00493269017117,2.8553266525268555,1.602865219116211,3.4502596855163574
tft,NOR,2009,2011,2,1.38505117083945,2.8901047706604004,1.5248979330062866,3.6177048683166504
tft,NOR,2009,2012,3,2.82395673492459,2.9146389961242676,1.4387409687042236,3.717741012573242
tft,NOR,2009,2013,4,1.27290177696287,2.945901393890381,1.3875073194503784,3.790257215499878
tft,NOR,2009,2014,5,2.09521388080101,2.972963571548462,1.372502088546753,3.8402061462402344
tft,NPL,2009,2010,1,4.81641464694573,4.248077392578125,2.9426074028015137,4.942171096801758
tft,NPL,2009,2011,2,3.42180870116162,4.398077011108398,3.2182838916778564,5.053421974182129
tft,NPL,2009,2012,3,4.67014192446953,4.375073432922363,3.2460451126098633,5.0260138511657715
tft,NPL,2009,2013,4,3.52515317129149,4.340867519378662,3.2522010803222656,4.986712455749512
tft,NPL,2009,2014,5,6.01148284250441,4.336716175079346,3.273550033569336,4.978691101074219
tft,NZL,2009,2010,1,1.47182504276788,3.86698317527771,2.444249391555786,4.6141462326049805
tft,NZL,2009,2011,2,2.1445004445998,3.880263090133667,2.3985254764556885,4.718350410461426
tft,NZL,2009,2012,3,2.30256429520961,3.8845725059509277,2.365597724914551,4.762841701507568
tft,NZL,2009,2013,4,2.5648360739867,3.9058496952056885,2.3203840255737305,4.820459842681885
tft,NZL,2009,2014,5,3.81933619307242,3.9042911529541016,2.32698392868042,4.971426486968994
tft,OMN,2009,2010,1,2.47199856582773,2.371838331222534,-1.461397409439087,4.86564302444458
tft,OMN,2009,2011,2,2.89460973541192,11.562614440917969,10.129597663879395,16.1581974029541
tft,OMN,2009,2012,3,8.86312225557018,12.599242210388184,12.078351020812988,16.8818302154541
tft,OMN,2009,2013,4,5.22770408145942,7.783522605895996,5.634930610656738,10.77955436706543
tft,OMN,2009,2014,5,1.29225229411081,4.813709259033203,2.3046798706054688,7.205571174621582
tft,PAK,2009,2010,1,1.50171752152883,5.613138675689697,-6.2900285720825195,12.347491264343262
tft,PAK,2009,2011,2,2.68011685421705,3.7230896949768066,-8.929149627685547,10.504437446594238
tft,PAK,2009,2012,3,3.02758391088629,1.4442863464355469,-12.458494186401367,7.999971866607666
tft,PAK,2009,2013,4,4.36686504978387,-0.2329397201538086,-15.848129272460938,6.326203346252441
tft,PAK,2009,2014,5,4.11642817161422,-1.0859222412109375,-17.89124870300293,5.638788223266602
tft,PAN,2009,2010,1,6.07339353106087,7.539496421813965,4.526832580566406,9.806522369384766
tft,PAN,2009,2011,2,11.9088772249531,7.727693557739258,5.124035358428955,9.585865020751953
tft,PAN,2009,2012,3,9.62729346439019,7.565201759338379,5.348489761352539,9.038457870483398
tft,PAN,2009,2013,4,6.32435388662846,7.277193546295166,5.110098361968994,8.70899772644043
tft,PAN,2009,2014,5,4.62581375565551,7.083392143249512,4.8522844314575195,8.586669921875
tft,PER,2009,2010,1,8.33245910749577,5.281917572021484,2.8604140281677246,6.556159019470215
tft,PER,2009,2011,2,6.32719240161117,5.341652870178223,2.8256757259368896,6.723207473754883
tft,PER,2009,2012,3,6.13972470560435,5.294007301330566,2.707214593887329,6.785896301269531
tft,PER,2009,2013,4,5.85251821084928,5.285866737365723,2.6832363605499268,6.811423301696777
tft,PER,2009,2014,5,2.38215737180541,5.274092674255371,2.659470558166504,6.828416347503662
tft,PHL,2009,2010,1,7.33449996034538,3.381843328475952,0.9098806381225586,5.201918601989746
tft,PHL,2009,2011,2,3.85823282795663,3.4663045406341553,0.9525854587554932,5.325331687927246
tft,PHL,2009,2012,3,6.89695171050985,3.392030715942383,0.8655431270599365,5.281192779541016
tft,PHL,2009,2013,4,6.75053130142255,3.382990837097168,0.861901044845581,5.250537872314453
tft,PHL,2009,2014,5,6.34798748260867,3.3334736824035645,0.7339658737182617,5.120221138000488
tft,PRT,2009,2010,1,1.73762453640036,3.622741222381592,1.5372509956359863,4.631861686706543
tft,PRT,2009,2011,2,-1.71352745905065,3.671773910522461,1.4947869777679443,4.818446636199951
tft,PRT,2009,2012,3,-4.05090267621935,3.669649124145508,1.4619531631469727,4.8605475425720215
tft,PRT,2009,2013,4,-0.984106574148328,3.67450213432312,1.4489948749542236,4.892127513885498
tft,PRT,2009,2014,5,0.741391420706506,3.665961980819702,1.4187264442443848,4.902844429016113
tft,PRY,2009,2010,1,11.0952312685521,4.1272873878479,2.38368558883667,5.105335235595703
tft,PRY,2009,2011,2,4.28637120702282,4.189162731170654,2.420349597930908,5.2331695556640625
tft,PRY,2009,2012,3,-0.708043112316886,4.158465385437012,2.3807477951049805,5.257620334625244
tft,PRY,2009,2013,4,8.29307648940471,4.158255100250244,2.3814899921417236,5.278378486633301
tft,PRY,2009,2014,5,5.30123864473624,4.152204990386963,2.3656129837036133,5.291378021240234
tft,QAT,2009,2010,1,16.7315558489187,8.311332702636719,4.548019886016846,10.586764335632324
tft,QAT,2009,2011,2,13.0214050496923,8.437076568603516,4.549736976623535,10.801385879516602
tft,QAT,2009,2012,3,4.62623675511804,9.298890113830566,6.3079633712768555,12.323976516723633
tft,QAT,2009,2013,4,4.43070196521455,11.258020401000977,9.289573669433594,14.019092559814453
tft,QAT,2009,2014,5,4.11911527912761,12.010721206665039,10.348682403564453,14.646841049194336
tft,RUS,2009,2010,1,4.49999999920672,8.07656192779541,1.9125256538391113,11.106565475463867
tft,RUS,2009,2011,2,4.30002918604238,8.372539520263672,2.466041326522827,11.278397560119629
tft,RUS,2009,2012,3,4.0240861571798,8.23007869720459,2.432352304458618,11.088151931762695
tft,RUS,2009,2013,4,1.75542214916291,8.105539321899414,2.3061180114746094,10.996570587158203
tft,RUS,2009,2014,5,0.736267221403651,8.025253295898438,2.204235315322876,10.963093757629395
tft,RWA,2009,2010,1,7.33465645016436,1.3009371757507324,-5.409910202026367,6.272857666015625
tft,RWA,2009,2011,2,7.95838869909085,0.8148170709609985,-5.499754905700684,5.3415069580078125
tft,RWA,2009,2012,3,8.64150815708138,0.6028493642807007,-5.671683311462402,4.991298675537109
tft,RWA,2009,2013,4,4.71984856950924,0.5357860326766968,-5.784714698791504,4.8748016357421875
tft,RWA,2009,2014,5,5.66845354233575,0.5002864599227905,-5.880368232727051,4.8025922775268555
tft,SAU,2009,2010,1,5.0395150823517,2.98564076423645,-9.648775100708008,9.446743965148926
tft,SAU,2009,2011,2,11.758820686671,4.163182735443115,-11.504712104797363,15.97696590423584
tft,SAU,2009,2012,3,5.76157382270968,3.269665241241455,-13.841941833496094,15.498364448547363
tft,SAU,2009,2013,4,2.94563789152025,3.5478525161743164,-15.986787796020508,17.94037437438965
tft,SAU,2009,2014,5,4.02467158380668,1.1214590072631836,-15.211750030517578,11.712905883789062
tft,SDN,2009,2010,1,3.85824195230107,4.024529933929443,-4.841387748718262,11.01980972290039
tft,SDN,2009,2011,2,-3.21353209253371,2.4216043949127197,-7.457418441772461,9.866636276245117
tft,SDN,2009,2012,3,-17.0046884048945,2.6313846111297607,-7.210073471069336,10.41264533996582
tft,SDN,2009,2013,4,1.95514463302422,3.2851765155792236,-6.225456237792969,11.14775562286377
tft,SDN,2009,2014,5,4.66137954229873,4.058549404144287,-5.22630500793457,11.741668701171875
tft,SEN,2009,2010,1,3.39088925336209,2.5546722412109375,-1.5622303485870361,5.651129722595215
tft,SEN,2009,2011,2,1.33409107961258,2.6191978454589844,-1.4535071849822998,5.737653732299805
tft,SEN,2009,2012,3,4.00299555090457,2.6724720001220703,-1.364722490310669,5.781928062438965
tft,SEN,2009,2013,4,2.41238527605579,2.7136244773864746,-1.3372161388397217,5.854433059692383
tft,SEN,2009,2014,5,6.22407443790986,2.7420711517333984,-1.301666498184204,5.914516448974609
tft,SGP,2009,2010,1,14.5197497108994,6.922292709350586,3.567074775695801,9.570537567138672
tft,SGP,2009,2011,2,6.21493416858989,6.567897796630859,3.5679469108581543,8.934269905090332
tft,SGP,2009,2012,3,4.43549759378537,5.799142837524414,2.6092617511749268,8.39692211151123
tft,SGP,2009,2013,4,4.81763099120676,6.163486480712891,3.3660295009613037,8.1377592086792
tft,SGP,2009,2014,5,3.93554027709007,6.195074081420898,3.3524999618530273,8.035015106201172
tft,SLB,2009,2010,1,9.70817235491481,7.127347946166992,3.7996888160705566,9.252959251403809
tft,SLB,2009,2011,2,7.43023752099302,7.384805202484131,4.316598415374756,9.459768295288086
tft,SLB,2009,2012,3,2.46591837712438,7.2968292236328125,4.246819972991943,9.347437858581543
tft,SLB,2009,2013,4,5.23744704670068,7.23006534576416,4.163784980773926,9.27940845489502
tft,SLB,2009,2014,5,1.18945509547778,7.171694278717041,4.086459159851074,9.216110229492188
tft,SLV,2009,2010,1,2.15419536693635,1.998793125152588,-1.2918521165847778,3.7944679260253906
tft,SLV,2009,2011,2,3.80688113429295,2.1313047409057617,-1.242857575416565,4.021488189697266
tft,SLV,2009,2012,3,2.82262371802327,2.0984292030334473,-1.3160988092422485,4.066988945007324
tft,SLV,2009,2013,4,2.23562439198375,2.1090006828308105,-1.3229445219039917,4.107266426086426
tft,SLV,2009,2014,5,1.70870628357073,2.106189250946045,-1.3547667264938354,4.136227130889893
tft,SWE,2009,2010,1,5.75076477579255,1.6831612586975098,-1.2685699462890625,3.107072353363037
tft,SWE,2009,2011,2,3.16388567406926,1.7248404026031494,-1.3371126651763916,3.3251953125
tft,SWE,2009,2012,3,-0.414397702454409,1.6899592876434326,-1.4111487865447998,3.344542980194092
tft,SWE,2009,2013,4,1.13766671801426,1.6702308654785156,-1.4513425827026367,3.3587982654571533
tft,SWE,2009,2014,5,2.29577238758284,1.6598553657531738,-1.4698798656463623,3.3750171661376953
tft,SYC,2009,2010,1,4.50513204312067,3.4934942722320557,1.1140626668930054,5.340263843536377
tft,SYC,2009,2011,2,9.5097833517957,4.235379695892334,2.198099136352539,5.501259803771973
tft,SYC,2009,2012,3,3.1106784939243,3.296552896499634,0.9241827726364136,4.6294965744018555
tft,SYC,2009,2013,4,1.25373496242949,3.232889413833618,0.8910802602767944,4.850803852081299
tft,SYC,2009,2014,5,4.0636918123521,3.094961166381836,0.6348199844360352,4.656827449798584
tft,TCD,2009,2010,1,13.6738272725339,4.134432315826416,-1.7372589111328125,9.331178665161133
tft,TCD,2009,2011,2,4.49542967058827,4.524531364440918,-1.2781786918640137,9.930087089538574
tft,TCD,2009,2012,3,9.06180392253447,4.4504170417785645,-1.2435002326965332,9.787736892700195
tft,TCD,2009,2013,4,2.83821524730293,4.486933708190918,-1.2200226783752441,9.898656845092773
tft,TCD,2009,2014,5,2.06283074361411,4.417969226837158,-1.3459858894348145,9.885303497314453
tft,TGO,2009,2010,1,5.85433399076879,2.842419385910034,-5.372969150543213,9.377662658691406
tft,TGO,2009,2011,2,5.82325622135289,3.009995937347412,-4.83223295211792,9.301183700561523
tft,TGO,2009,2012,3,6.30271426865185,2.5137739181518555,-5.008697986602783,8.570728302001953
tft,TGO,2009,2013,4,5.82425069283059,1.8787248134613037,-5.745028018951416,7.901876926422119
tft,TGO,2009,2014,5,5.63323739145223,1.187760353088379,-6.849874019622803,7.332713603973389
tft,THA,2009,2010,1,7.51339053261624,4.251926422119141,0.7036247253417969,6.170848846435547
tft,THA,2009,2011,2,0.840132083053334,4.378354072570801,0.7545416355133057,6.378835678100586
tft,THA,2009,2012,3,7.24279620249642,4.277064800262451,0.5595769882202148,6.390416145324707
tft,THA,2009,2013,4,2.68749556320556,4.263307094573975,0.5057854652404785,6.418993949890137
tft,THA,2009,2014,5,0.984468863619426,4.239143371582031,0.43533873558044434,6.4371113777160645
tft,TON,2009,2010,1,0.824396914081831,5.087606430053711,1.0242977142333984,6.783142566680908
tft,TON,2009,2011,2,6.70369746238768,4.613522529602051,-0.1767435073852539,6.720069885253906
tft,TON,2009,2012,3,0.919761024923076,4.395398139953613,-0.8627948760986328,6.776732444763184
tft,TON,2009,2013,4,0.393922530137331,4.3222527503967285,-1.1284122467041016,6.815742492675781
tft,TON,2009,2014,5,1.99053769890816,4.31559944152832,-1.2087111473083496,6.856098651885986
tft,TUN,2009,2010,1,2.97113275066512,2.304882526397705,0.7310794591903687,3.217407703399658
tft,TUN,2009,2011,2,-2.04663389535644,2.3802616596221924,0.840481162071228,3.2880702018737793
tft,TUN,2009,2012,3,4.21667711535632,2.3468735218048096,0.7971463203430176,3.2779722213745117
tft,TUN,2009,2013,4,2.42993096446429,2.344475746154785,0.7928891181945801,3.2908098697662354
tft,TUN,2009,2014,5,3.09032803070775,2.33677077293396,0.7759131193161011,3.294574737548828
tft,TUR,2009,2010,1,8.54219848467686,5.676972389221191,1.8589413166046143,7.756866455078125
tft,TUR,2009,2011,2,10.9799625273598,5.751795291900635,2.039304256439209,7.7309064865112305
tft,TUR,2009,2012,3,4.80762696633448,5.706389904022217,1.9111192226409912,7.638303756713867
tft,TUR,2009,2013,4,8.48825689298511,5.659844398498535,1.8612310886383057,7.618539810180664
tft,TUR,2009,2014,5,4.60079447270559,5.625775337219238,1.835819959640503,7.6315202713012695
tft,TZA,2009,2010,1,6.33652342666889,5.849492073059082,2.31057071685791,8.743494033813477
tft,TZA,2009,2011,2,7.67215543486064,5.669564247131348,2.2558348178863525,8.378687858581543
tft,TZA,2009,2012,3,4.50015356010131,5.685585021972656,2.311941385269165,8.355722427368164
tft,TZA,2009,2013,4,6.78158560065316,5.7173967361450195,2.36344838142395,8.377449989318848
tft,TZA,2009,2014,5,6.73246186832483,5.73342752456665,2.388916492462158,8.39284896850586
tft,UGA,2009,2010,1,5.63761163749757,5.176635265350342,-2.479221820831299,11.633650779724121
tft,UGA,2009,2011,2,9.3916554927176,5.044422626495361,-2.357637882232666,11.211055755615234
tft,UGA,2009,2012,3,3.83745560605229,5.143796443939209,-2.1941490173339844,11.241538047790527
tft,UGA,2009,2013,4,3.58690582623025,5.149979591369629,-2.139040946960449,11.188677787780762
tft,UGA,2009,2014,5,5.10630732539796,5.183773040771484,-2.093600273132324,11.223763465881348
tft,UKR,2009,2010,1,4.09200436668087,6.213107585906982,2.8993659019470215,7.831637382507324
tft,UKR,2009,2011,2,5.44528081048476,6.467479705810547,3.189105749130249,8.053500175476074
tft,UKR,2009,2012,3,0.152314967200653,6.456785678863525,3.432765245437622,7.916553497314453
tft,UKR,2009,2013,4,0.045439094492707,6.3477253913879395,3.487124443054199,7.742449760437012
tft,UKR,2009,2014,5,-10.0788949840953,6.282166481018066,3.467592716217041,7.683128356933594
tft,URY,2009,2010,1,7.8034096507169,3.7942276000976562,-3.0185413360595703,6.946567058563232
tft,URY,2009,2011,2,5.16213302463606,2.922959327697754,-3.859144687652588,6.364078998565674
tft,URY,2009,2012,3,3.53817872056869,2.4915146827697754,-4.500117778778076,6.340725421905518
tft,URY,2009,2013,4,4.63753862902416,2.3772835731506348,-4.689554691314697,6.362541675567627
tft,URY,2009,2014,5,3.23879122952364,2.280179023742676,-4.797168731689453,6.324642658233643
tft,USA,2009,2010,1,2.69519258673525,2.2590243816375732,0.163915753364563,3.2934982776641846
tft,USA,2009,2011,2,1.56440685205419,2.2576370239257812,0.03564870357513428,3.489182949066162
tft,USA,2009,2012,3,2.28911339009767,2.2723960876464844,-0.07035994529724121,3.593057870864868
tft,USA,2009,2013,4,2.11783009443471,2.293658494949341,-0.13982152938842773,3.672212600708008
tft,USA,2009,2014,5,2.52381981757846,2.2992660999298096,-0.17270028591156006,3.7214903831481934
tft,VNM,2009,2010,1,6.42324482239482,4.164680480957031,2.9574310779571533,4.830717086791992
tft,VNM,2009,2011,2,6.41316889681683,4.018542766571045,2.8339297771453857,4.68190860748291
tft,VNM,2009,2012,3,5.5045447041189,3.972316265106201,2.800546169281006,4.6402058601379395
tft,VNM,2009,2013,4,5.55351081026072,3.9446654319763184,2.770197629928589,4.624994277954102
tft,VNM,2009,2014,5,6.42224312118567,3.9225857257843018,2.746814012527466,4.616552352905273
tft,VUT,2009,2010,1,1.25886720329254,6.860355377197266,4.86993932723999,8.304691314697266
tft,VUT,2009,2011,2,3.13980290023437,6.628827095031738,4.695965766906738,7.904265880584717
tft,VUT,2009,2012,3,1.01004768692017,6.623142719268799,4.661121845245361,7.886046886444092
tft,VUT,2009,2013,4,0.463390415135436,6.57034158706665,4.525445461273193,7.868496417999268
tft,VUT,2009,2014,5,3.10512947273315,6.5035786628723145,4.371674537658691,7.843486785888672
tft,ZAF,2009,2010,1,3.03973288127956,2.037569522857666,-0.7339810132980347,3.508960247039795
tft,ZAF,2009,2011,2,3.16855627858818,2.130690813064575,-0.6319853067398071,3.6383368968963623
tft,ZAF,2009,2012,3,2.39623238465745,2.0818586349487305,-0.7015095949172974,3.7803943157196045
tft,ZAF,2009,2013,4,2.48546800826588,2.0900635719299316,-0.6405361890792847,3.9079365730285645
tft,ZAF,2009,2014,5,1.41382645223793,2.075347900390625,-0.6687966585159302,3.922116279602051
tft,ABW,2014,2015,1,3.61147906591042,3.9515397548675537,-0.504131555557251,7.502265453338623
tft,ABW,2014,2016,2,1.23433537363427,3.966176986694336,-0.3026144504547119,7.504781723022461
tft,ABW,2014,2017,3,3.49342985290626,3.6557815074920654,-1.1957600116729736,7.326072692871094
tft,ABW,2014,2018,4,3.21247111920076,3.7171478271484375,-0.7849962711334229,7.203855037689209
tft,ABW,2014,2019,5,1.22914408896015,3.779061794281006,-0.536060094833374,7.176272869110107
tft,ALB,2014,2015,1,2.2277040745779,2.4690091609954834,-5.050118923187256,8.439094543457031
tft,ALB,2014,2016,2,3.90893551362245,2.301237106323242,-6.167306423187256,8.077768325805664
tft,ALB,2014,2017,3,3.28317593330073,2.033764362335205,-7.221569538116455,7.871063232421875
tft,ALB,2014,2018,4,3.67141928098908,1.8176147937774658,-7.673409938812256,7.620493412017822
tft,ALB,2014,2019,5,2.06257790176122,1.5423619747161865,-7.94940710067749,7.248785495758057
tft,AUS,2014,2015,1,2.16434780647852,2.6682400703430176,-5.417360782623291,9.471246719360352
tft,AUS,2014,2016,2,2.75564065529868,2.637024164199829,-5.455159664154053,9.49151611328125
tft,AUS,2014,2017,3,2.29331030192918,2.6795167922973633,-5.4717631340026855,9.56663703918457
tft,AUS,2014,2018,4,2.87417039499501,2.669861316680908,-5.421966075897217,9.552030563354492
tft,AUS,2014,2019,5,2.19401703622717,2.6783812046051025,-5.379398822784424,9.548744201660156
tft,AUT,2014,2015,1,1.30352331826198,2.9533896446228027,1.1876633167266846,4.070657253265381
tft,AUT,2014,2016,2,2.11721964494312,2.869088649749756,0.9645180702209473,3.9618163108825684
tft,AUT,2014,2017,3,2.27224992038207,2.7398529052734375,0.700681209564209,3.811145067214966
tft,AUT,2014,2018,4,2.48422114080024,2.5438923835754395,0.20894670486450195,3.641282081604004
tft,AUT,2014,2019,5,1.75497619649288,2.4758524894714355,0.11590981483459473,3.51883602142334
tft,BEL,2014,2015,1,1.47416433731927,2.1316370964050293,-0.4621620178222656,3.566281795501709
tft,BEL,2014,2016,2,1.19350273007754,1.8459582328796387,-1.2011282444000244,3.3330440521240234
tft,BEL,2014,2017,3,1.47446761556785,1.6637229919433594,-1.4131138324737549,3.0628421306610107
tft,BEL,2014,2018,4,1.87796847383565,1.6710489988327026,-1.2048828601837158,2.9368269443511963
tft,BEL,2014,2019,5,2.4428900448156,1.79068124294281,-0.7600245475769043,2.9263434410095215
tft,BEN,2014,2015,1,1.77815106030278,2.871826410293579,0.6529204845428467,4.970737457275391
tft,BEN,2014,2016,2,3.33967342629693,2.913672685623169,1.0984337329864502,4.963805675506592
tft,BEN,2014,2017,3,5.67156195150444,2.9554107189178467,1.1550527811050415,4.995390892028809
tft,BEN,2014,2018,4,6.69725362180888,2.9609568119049072,1.1687250137329102,4.9848480224609375
tft,BEN,2014,2019,5,6.86568662848335,2.973160743713379,1.1845276355743408,4.975423812866211
tft,BFA,2014,2015,1,3.9212287937935,3.901912212371826,0.7249574661254883,7.316973686218262
tft,BFA,2014,2016,2,5.95797670754024,3.726731777191162,1.0629923343658447,6.87333869934082
tft,BFA,2014,2017,3,6.20348941121868,3.7827224731445312,1.144183874130249,6.895386695861816
tft,BFA,2014,2018,4,6.60456906812341,3.8203508853912354,1.185786247253418,6.893073558807373
tft,BFA,2014,2019,5,5.88920497068135,3.9097113609313965,1.317589282989502,6.900795936584473
tft,BGD,2014,2015,1,6.55263987816197,7.513528823852539,5.488705635070801,10.332655906677246
tft,BGD,2014,2016,2,7.11347821270093,6.779684066772461,5.20151948928833,8.867940902709961
tft,BGD,2014,2017,3,6.59024999794057,6.341144561767578,5.3020920753479,8.05726432800293
tft,BGD,2014,2018,4,7.31941263014136,6.035867691040039,5.3009033203125,7.558299541473389
tft,BGD,2014,2019,5,7.88191515117722,5.842538356781006,5.267162322998047,7.223834037780762
tft,BGR,2014,2015,1,3.39755351999294,1.9712404012680054,-2.4599881172180176,5.402344226837158
tft,BGR,2014,2016,2,3.02662820096305,1.5297861099243164,-3.8357558250427246,4.8236589431762695
tft,BGR,2014,2017,3,2.74592737750996,1.3583686351776123,-4.1806321144104,4.550694942474365
tft,BGR,2014,2018,4,2.33015054210419,1.2224090099334717,-4.374868869781494,4.351252555847168
tft,BGR,2014,2019,5,3.79331964589196,1.1070067882537842,-4.526672840118408,4.203503131866455
tft,BHR,2014,2015,1,2.50787205267615,3.306105375289917,-4.392760753631592,12.157600402832031
tft,BHR,2014,2016,2,3.81499327422425,3.1186723709106445,-4.076077461242676,11.283933639526367
tft,BHR,2014,2017,3,4.95383534123657,2.922900676727295,-4.332686901092529,10.92470932006836
tft,BHR,2014,2018,4,2.05258864979861,2.0646419525146484,-5.916765213012695,8.801770210266113
tft,BHR,2014,2019,5,2.05287774418655,0.1113131046295166,-12.067333221435547,9.126976013183594
tft,BHS,2014,2015,1,0.997411675486745,5.585689067840576,-0.4896578788757324,10.678388595581055
tft,BHS,2014,2016,2,-1.15650811269629,5.420368671417236,-0.6419329643249512,10.606550216674805
tft,BHS,2014,2017,3,3.3713988456489,5.364704608917236,-0.8005456924438477,10.596741676330566
tft,BHS,2014,2018,4,2.39795510823548,5.27420711517334,-0.898658275604248,10.469024658203125
tft,BHS,2014,2019,5,-0.838585871193203,5.180026531219482,-1.078291416168213,10.362704277038574
tft,BLZ,2014,2015,1,2.7602602736023,3.3328208923339844,-4.774133682250977,9.428462028503418
tft,BLZ,2014,2016,2,-0.0187414958130319,3.9366841316223145,-3.842506170272827,10.449950218200684
tft,BLZ,2014,2017,3,-1.83323729057784,3.927717447280884,-4.013838768005371,10.457098960876465
tft,BLZ,2014,2018,4,0.822068592512508,2.424895763397217,-5.886672019958496,8.274023056030273
tft,BLZ,2014,2019,5,4.25658710030072,1.485511302947998,-8.31118106842041,8.146484375
tft,BOL,2014,2015,1,4.85718718508603,3.5972957611083984,-2.5650296211242676,7.518975257873535
tft,BOL,2014,2016,2,4.26392086992173,3.7133915424346924,-2.141347885131836,7.429618835449219
tft,BOL,2014,2017,3,4.19520633364647,3.7130088806152344,-2.1420087814331055,7.4148030281066895
tft,BOL,2014,2018,4,2.86808404814794,3.630549669265747,-2.3077616691589355,7.312291622161865
tft,BOL,2014,2019,5,1.50672102666863,3.538883686065674,-2.450509548187256,7.15789794921875
tft,BRA,2014,2015,1,-3.54576339269425,3.7578020095825195,1.6599669456481934,5.714618682861328
tft,BRA,2014,2016,2,-3.27591690782192,3.6289401054382324,1.6341264247894287,5.600280284881592
tft,BRA,2014,2017,3,1.32286905404399,3.632326126098633,1.6485675573349,5.569981575012207
tft,BRA,2014,2018,4,1.783666761634,3.6004490852355957,1.6162275075912476,5.533411026000977
tft,BRA,2014,2019,5,1.22077782360842,3.579580307006836,1.5734004974365234,5.4995198249816895
tft,BRN,2014,2015,1,-0.392383749502031,4.270119667053223,0.42958688735961914,7.471338748931885
tft,BRN,2014,2016,2,-2.47791771833224,4.268049240112305,0.48328113555908203,7.43416690826416
tft,BRN,2014,2017,3,1.32872661057823,4.316939353942871,0.607830286026001,7.432544708251953
tft,BRN,2014,2018,4,0.0523710418528935,4.3479533195495605,0.7628960609436035,7.395995616912842
tft,BRN,2014,2019,5,3.86884436177075,4.3694586753845215,0.8577094078063965,7.363565444946289
tft,BTN,2014,2015,1,6.66080128866197,6.276566505432129,1.6721607446670532,11.718557357788086
tft,BTN,2014,2016,2,8.47594339232963,3.889923095703125,0.23469650745391846,8.064249038696289
tft,BTN,2014,2017,3,2.08684522733067,2.8207249641418457,-0.03705096244812012,6.68917179107666
tft,BTN,2014,2018,4,3.50187185732737,2.524496555328369,-0.2389286756515503,6.326480865478516
tft,BTN,2014,2019,5,5.75514851246506,2.2403905391693115,-0.5274101495742798,6.078222274780273
tft,BWA,2014,2015,1,-4.85132507409779,4.767930030822754,-1.7002363204956055,8.912676811218262
tft,BWA,2014,2016,2,7.20442475914267,4.204512596130371,-3.2086591720581055,8.637834548950195
tft,BWA,2014,2017,3,4.11437856445083,4.274268627166748,-2.9146623611450195,8.617547035217285
tft,BWA,2014,2018,4,4.18869237159223,4.190587043762207,-3.0665788650512695,8.518284797668457
tft,BWA,2014,2019,5,3.0317733945467,4.115972518920898,-3.1530847549438477,8.385774612426758
tft,CAF,2014,2015,1,4.33712103020231,4.365475654602051,-4.7382001876831055,9.282000541687012
tft,CAF,2014,2016,2,4.75031684122342,5.690471172332764,-1.6525506973266602,10.733275413513184
tft,CAF,2014,2017,3,4.52727821346231,5.164501667022705,-2.761031150817871,10.329030990600586
tft,CAF,2014,2018,4,3.78944359275462,5.424452781677246,-2.133176803588867,10.460580825805664
tft,CAF,2014,2019,5,3.09999999999999,4.630134582519531,-3.795774459838867,9.706212997436523
tft,CAN,2014,2015,1,0.64997101491096,2.364835262298584,-1.0113296508789062,5.338144302368164
tft,CAN,2014,2016,2,1.03855091989323,2.153043270111084,-1.2387120723724365,5.171935081481934
tft,CAN,2014,2017,3,3.03383491841392,2.094547748565674,-1.389167308807373,5.125524520874023
tft,CAN,2014,2018,4,2.74296341402246,1.8350507020950317,-1.8512458801269531,4.911608695983887
tft,CAN,2014,2019,5,1.90843193887251,1.7737152576446533,-1.8984980583190918,4.706165313720703
tft,CHE,2014,2015,1,1.45450336491099,2.426841974258423,-0.40458202362060547,4.146463871002197
tft,CHE,2014,2016,2,1.91159094214852,2.336092472076416,-0.754192590713501,4.069610118865967
tft,CHE,2014,2017,3,1.42034612231261,2.294527053833008,-0.7258226871490479,3.9077653884887695
tft,CHE,2014,2018,4,3.32743256101493,2.172238826751709,-0.8343536853790283,3.708955764770508
tft,CHE,2014,2019,5,1.11532187197474,2.114147663116455,-0.8742249011993408,3.6050710678100586
tft,CHL,2014,2015,1,2.15194249981184,2.5193002223968506,0.6115618944168091,4.136295795440674
tft,CHL,2014,2016,2,1.753038749071,2.4122931957244873,0.42700016498565674,4.099140167236328
tft,CHL,2014,2017,3,1.35769537343957,2.306581497192383,0.18601202964782715,4.068410873413086
tft,CHL,2014,2018,4,3.99002947789977,2.273404836654663,0.17091846466064453,3.9773693084716797
tft,CHL,2014,2019,5,0.644223402631923,2.2417640686035156,0.10404753684997559,3.9519858360290527
tft,CHN,2014,2015,1,6.98162255562367,4.1749043464660645,0.0029010772705078125,7.7004265785217285
tft,CHN,2014,2016,2,6.7736886867727,4.0857391357421875,-0.21705102920532227,7.682904243469238
tft,CHN,2014,2017,3,6.89123916636191,4.10521936416626,-0.19362449645996094,7.70808219909668
tft,CHN,2014,2018,4,6.757806142324,3.98726224899292,-0.36115312576293945,7.570766448974609
tft,CHN,2014,2019,5,6.06737806333672,3.8794679641723633,-0.5770249366760254,7.4574480056762695
tft,CIV,2014,2015,1,7.19494942728191,8.59348201751709,0.5685286521911621,16.0363826751709
tft,CIV,2014,2016,2,7.17275963956332,8.749184608459473,2.1011791229248047,16.013132095336914
tft,CIV,2014,2017,3,7.41076242592504,8.951762199401855,2.23300838470459,16.195846557617188
tft,CIV,2014,2018,4,4.84314605889178,8.988470077514648,2.3771557807922363,16.11153793334961
tft,CIV,2014,2019,5,6.72137167584978,9.08211898803711,2.4476633071899414,16.105194091796875
tft,CMR,2014,2015,1,5.66695298703932,3.6796605587005615,-1.2178564071655273,8.744847297668457
tft,CMR,2014,2016,2,4.53579423678801,3.5408759117126465,-1.626375675201416,8.480531692504883
tft,CMR,2014,2017,3,3.54117654926007,3.4310097694396973,-1.688288688659668,8.236991882324219
tft,CMR,2014,2018,4,3.95551423892049,3.396643877029419,-1.6532368659973145,8.099799156188965
tft,CMR,2014,2019,5,3.47505998194981,3.4204330444335938,-1.6788716316223145,8.113144874572754
tft,COG,2014,2015,1,0.415193061293763,2.9249775409698486,-4.175975799560547,8.413528442382812
tft,COG,2014,2016,2,-8.68524343913786,3.552863836288452,-2.6352436542510986,9.205047607421875
tft,COG,2014,2017,3,-5.59477371915547,3.7673401832580566,-2.231445550918579,9.379258155822754
tft,COG,2014,2018,4,-2.30431780125842,3.8989779949188232,-1.9786112308502197,9.468151092529297
tft,COG,2014,2019,5,1.12447391976529,3.979523181915283,-1.765277624130249,9.454001426696777
tft,COL,2014,2015,1,2.95590137527523,5.0226335525512695,0.6116611957550049,9.118072509765625
tft,COL,2014,2016,2,2.08738250162794,4.739215850830078,0.5412957668304443,8.843829154968262
tft,COL,2014,2017,3,1.35936086788746,4.2666215896606445,-0.679938793182373,8.767450332641602
tft,COL,2014,2018,4,2.56432428277704,4.184758186340332,-0.739448070526123,8.560380935668945
tft,COL,2014,2019,5,3.18685539245533,4.161342144012451,-0.7617473602294922,8.490191459655762
tft,COM,2014,2015,1,1.14735632260047,3.8633718490600586,1.1030943393707275,6.21732759475708
tft,COM,2014,2016,2,3.3204465548877,3.8672337532043457,1.2082829475402832,6.130115985870361
tft,COM,2014,2017,3,3.81576287489548,3.8535664081573486,1.2719380855560303,6.070947170257568
tft,COM,2014,2018,4,3.64245114733689,3.855710744857788,1.2998805046081543,6.05633544921875
tft,COM,2014,2019,5,1.76078023564568,3.8616154193878174,1.3167548179626465,6.054879665374756
tft,CRI,2014,2015,1,3.65208093006359,2.802642822265625,-0.2601163387298584,5.444633483886719
tft,CRI,2014,2016,2,4.20432320775184,2.670524835586548,-0.227736234664917,5.197831153869629
tft,CRI,2014,2017,3,4.15769914676933,2.7114899158477783,-0.21468019485473633,5.2578301429748535
tft,CRI,2014,2018,4,2.85285959760458,2.6989972591400146,-0.18309307098388672,5.211698055267334
tft,CRI,2014,2019,5,2.70813912948329,2.6886651515960693,-0.18187355995178223,5.1808061599731445
tft,CYP,2014,2015,1,3.41892038889013,3.674985885620117,0.1764206886291504,6.21430778503418
tft,CYP,2014,2016,2,6.57359080924678,3.382620334625244,-0.6464138031005859,5.9728288650512695
tft,CYP,2014,2017,3,5.75083236554525,3.3911375999450684,-0.513585090637207,5.94529914855957
tft,CYP,2014,2018,4,6.27166360056404,3.3316650390625,-0.5555391311645508,5.7682037353515625
tft,CYP,2014,2019,5,5.87559583386607,3.3019604682922363,-0.45799732208251953,5.572393894195557
tft,DEU,2014,2015,1,1.66300602334775,4.684526443481445,2.6451730728149414,6.750589847564697
tft,DEU,2014,2016,2,2.22222216259371,4.691743850708008,2.9588770866394043,6.718386650085449
tft,DEU,2014,2017,3,2.797906720551,4.427971839904785,2.1199162006378174,6.604168891906738
tft,DEU,2014,2018,4,1.13569604599849,4.282658576965332,1.420577049255371,6.490878105163574
tft,DEU,2014,2019,5,0.977734697038784,3.844331979751587,-0.030010700225830078,6.064164161682129
tft,DNK,2014,2015,1,2.10441456445301,1.8115389347076416,0.5031293630599976,2.9751052856445312
tft,DNK,2014,2016,2,3.07304549209093,1.8504409790039062,0.7380794286727905,2.979038953781128
tft,DNK,2014,2017,3,3.05647723922718,1.806004285812378,0.6275826692581177,2.944615364074707
tft,DNK,2014,2018,4,1.8600074900921,1.7270342111587524,0.343738317489624,2.8892822265625
tft,DNK,2014,2019,5,1.71140093932736,1.5596487522125244,-0.18700242042541504,2.747997999191284
tft,DOM,2014,2015,1,6.98771131236387,2.5051350593566895,0.03023076057434082,4.437180519104004
tft,DOM,2014,2016,2,6.71974078681295,2.484675645828247,0.03726458549499512,4.35581111907959
tft,DOM,2014,2017,3,3.93386176401576,2.3787283897399902,-0.19504690170288086,4.255703926086426
tft,DOM,2014,2018,4,7.09751640210159,2.2668721675872803,-0.5061912536621094,4.155277252197266
tft,DOM,2014,2019,5,4.8940301149584,2.139568328857422,-0.8387219905853271,4.037967681884766
tft,DZA,2014,2015,1,3.20000000089023,4.100529670715332,-1.5378913879394531,8.224563598632812
tft,DZA,2014,2016,2,3.90000000017621,4.12736701965332,-1.6531176567077637,8.357826232910156
tft,DZA,2014,2017,3,1.49999999895587,4.110626697540283,-1.7212977409362793,8.365934371948242
tft,DZA,2014,2018,4,1.40000000088281,4.033368110656738,-1.6089558601379395,8.20969009399414
tft,DZA,2014,2019,5,0.899999999219148,3.9749131202697754,-1.2814431190490723,8.002795219421387
tft,ECU,2014,2015,1,0.119692109287612,1.8440783023834229,-8.04768180847168,8.70577621459961
tft,ECU,2014,2016,2,-0.687954245877947,1.8134572505950928,-8.240328788757324,8.628912925720215
tft,ECU,2014,2017,3,5.97039880954841,1.6439547538757324,-8.631027221679688,8.558754920959473
tft,ECU,2014,2018,4,1.04429460679607,1.7676212787628174,-8.246986389160156,8.529867172241211
tft,ECU,2014,2019,5,0.1654044646003,1.5802068710327148,-8.672332763671875,8.458287239074707
tft,EGY,2014,2015,1,4.37201907781687,3.253000259399414,1.4784464836120605,5.322725296020508
tft,EGY,2014,2016,2,4.34664345601914,3.1618924140930176,1.4745848178863525,5.224790573120117
tft,EGY,2014,2017,3,4.18122099961562,3.118356943130493,1.5692191123962402,5.122739315032959
tft,EGY,2014,2018,4,5.33110861887155,3.0807273387908936,1.690690517425537,5.044764041900635
tft,EGY,2014,2019,5,5.55209307084222,3.0451319217681885,1.8275043964385986,4.9445905685424805
tft,ESP,2014,2015,1,4.06086672473866,3.846709728240967,0.30729055404663086,5.594794750213623
tft,ESP,2014,2016,2,2.91515598595787,3.802011489868164,0.23282670974731445,5.4601593017578125
tft,ESP,2014,2017,3,2.89604207865007,3.8228909969329834,0.44779443740844727,5.370140075683594
tft,ESP,2014,2018,4,2.39541124478878,4.099043846130371,1.3497552871704102,5.542764186859131
tft,ESP,2014,2019,5,1.96117850841711,4.496753215789795,2.471013069152832,5.849353790283203
tft,FIN,2014,2015,1,0.466503766322674,2.7977747917175293,0.7701480388641357,4.403931617736816
tft,FIN,2014,2016,2,2.57193414898754,2.675662040710449,0.3397839069366455,4.285624980926514
tft,FIN,2014,2017,3,3.30337003591039,2.4147253036499023,-0.4710710048675537,4.048975467681885
tft,FIN,2014,2018,4,1.19297759742292,2.054182291030884,-1.4392988681793213,3.7724087238311768
tft,FIN,2014,2019,5,1.34973845741737,1.9113978147506714,-1.8027093410491943,3.6564955711364746
tft,FJI,2014,2015,1,4.50120064471365,3.0087924003601074,-0.0015261173248291016,5.362844944000244
tft,FJI,2014,2016,2,2.44565202449249,2.8914361000061035,-0.22875738143920898,5.281991481781006
tft,FJI,2014,2017,3,5.35336434979577,2.8311257362365723,-0.5061395168304443,5.2948079109191895
tft,FJI,2014,2018,4,3.812350939512,2.7350871562957764,-0.7700750827789307,5.291804313659668
tft,FJI,2014,2019,5,-0.581946590349759,2.678365707397461,-0.9800357818603516,5.296136856079102
tft,FRA,2014,2015,1,1.06675474783462,1.4865539073944092,-1.726511001586914,4.075178623199463
tft,FRA,2014,2016,2,0.860031075424033,1.2730145454406738,-2.414818286895752,3.926520824432373
tft,FRA,2014,2017,3,2.08361485997399,1.0194220542907715,-3.244731903076172,3.622518301010132
tft,FRA,2014,2018,4,1.64590872395887,0.9676082134246826,-3.2914838790893555,3.5233583450317383
tft,FRA,2014,2019,5,2.02744646419237,0.8365609645843506,-3.610589027404785,3.4130475521087646
tft,GAB,2014,2015,1,3.8788993950789,3.5743329524993896,1.4311139583587646,5.556089401245117
tft,GAB,2014,2016,2,2.09144220829562,3.438755989074707,1.2260355949401855,5.416112422943115
tft,GAB,2014,2017,3,0.472642030911146,3.3686740398406982,1.0827584266662598,5.281993389129639
tft,GAB,2014,2018,4,0.83791658082157,3.3781344890594482,1.1357314586639404,5.257689476013184
tft,GAB,2014,2019,5,3.92080879452831,3.4008593559265137,1.1587374210357666,5.268336772918701
tft,GBR,2014,2015,1,2.14040560033371,1.2045960426330566,-4.107569694519043,6.32310676574707
tft,GBR,2014,2016,2,2.20652020635357,1.3411202430725098,-2.9859890937805176,6.332667827606201
tft,GBR,2014,2017,3,3.02322219840339,1.0253314971923828,-3.824915885925293,6.1250762939453125
tft,GBR,2014,2018,4,1.55133095078786,0.9162583351135254,-4.3191938400268555,6.002350807189941
tft,GBR,2014,2019,5,1.25629899760824,0.9154214859008789,-4.333268165588379,5.863776206970215
tft,GEO,2014,2015,1,3.35102350265353,1.4198440313339233,-0.8695390224456787,2.679232120513916
tft,GEO,2014,2016,2,3.45021517996871,1.1404942274093628,-1.5292646884918213,2.4434473514556885
tft,GEO,2014,2017,3,5.15990261658827,1.0241681337356567,-1.7349650859832764,2.3038699626922607
tft,GEO,2014,2018,4,6.062036412677,1.0115541219711304,-1.61448073387146,2.260584592819214
tft,GEO,2014,2019,5,5.38071926589951,0.9432830810546875,-1.7777726650238037,2.258418083190918
tft,GHA,2014,2015,1,2.12075933817334,4.133901596069336,-3.6282098293304443,11.63279914855957
tft,GHA,2014,2016,2,3.37346574966936,4.068525791168213,-3.4985439777374268,11.738048553466797
tft,GHA,2014,2017,3,8.12889488100956,3.3941898345947266,-5.119182586669922,11.100043296813965
tft,GHA,2014,2018,4,6.20007768127284,2.848564863204956,-5.6205034255981445,10.408198356628418
tft,GHA,2014,2019,5,6.5077747939152,2.5249881744384766,-5.746212959289551,9.841130256652832
tft,GMB,2014,2015,1,4.0580738039996,2.838671922683716,-1.5469112396240234,6.918320655822754
tft,GMB,2014,2016,2,1.94335965478776,2.697877883911133,-1.8363609313964844,6.575512886047363
tft,GMB,2014,2017,3,4.8226112492757,2.7017464637756348,-1.6051793098449707,6.4002485275268555
tft,GMB,2014,2018,4,7.23489033258579,2.7709860801696777,-1.1774296760559082,6.223030090332031
tft,GMB,2014,2019,5,6.22205315994859,2.875631809234619,-0.7118954658508301,6.106625080108643
tft,GNB,2014,2015,1,6.1340893623123,4.00616455078125,0.09695744514465332,7.707095146179199
tft,GNB,2014,2016,2,5.4326782650304,3.9413461685180664,0.01897144317626953,7.526706695556641
tft,GNB,2014,2017,3,4.66367943913264,3.894192695617676,0.048833370208740234,7.3384928703308105
tft,GNB,2014,2018,4,3.76145359637003,3.8369529247283936,0.08371615409851074,7.118226051330566
tft,GNB,2014,2019,5,5.32749571119344,3.7999088764190674,0.12523365020751953,6.938335418701172
tft,GRC,2014,2015,1,-0.228301892172851,-0.7827761173248291,-9.050148963928223,4.647261142730713
tft,GRC,2014,2016,2,-0.0317947678412054,-1.9092166423797607,-11.77291488647461,2.926729202270508
tft,GRC,2014,2017,3,1.47312472702352,-2.2275164127349854,-12.435365676879883,2.3097856044769287
tft,GRC,2014,2018,4,2.06467207892409,-2.4590604305267334,-12.817838668823242,2.0632269382476807
tft,GRC,2014,2019,5,2.27718065334808,-2.427626371383667,-12.784161567687988,1.967360019683838
tft,GTM,2014,2015,1,4.09217170075418,2.643339157104492,-2.3665499687194824,6.354830741882324
tft,GTM,2014,2016,2,2.6778031930216,2.7873945236206055,-2.1507925987243652,6.260472297668457
tft,GTM,2014,2017,3,3.0798512212244,2.65982723236084,-2.442685127258301,6.275580406188965
tft,GTM,2014,2018,4,3.40687328176345,2.1559438705444336,-3.613647937774658,5.978719711303711
tft,GTM,2014,2019,5,4.01789830861587,1.9141724109649658,-4.189548969268799,5.804792881011963
tft,HKG,2014,2015,1,2.38780116013344,4.0534586906433105,1.5989785194396973,5.924271106719971
tft,HKG,2014,2016,2,2.17544820327555,3.8015763759613037,1.4408154487609863,5.652615547180176
tft,HKG,2014,2017,3,3.79610937243891,3.8688595294952393,1.6514043807983398,5.6829447746276855
tft,HKG,2014,2018,4,2.84690922660509,3.914851665496826,1.7829279899597168,5.725398540496826
tft,HKG,2014,2019,5,-1.67242865968056,3.91513729095459,1.826204538345337,5.7216596603393555
tft,HND,2014,2015,1,3.84007997093951,6.521929740905762,2.3750224113464355,10.115392684936523
tft,HND,2014,2016,2,3.89297219726413,6.41111421585083,2.246821880340576,9.899507522583008
tft,HND,2014,2017,3,4.84291391050387,6.441349029541016,2.2174577713012695,9.825724601745605
tft,HND,2014,2018,4,3.84499476966735,6.473871231079102,2.2647504806518555,9.82735538482666
tft,HND,2014,2019,5,2.55963434592314,6.462008953094482,2.204988956451416,9.801523208618164
tft,HTI,2014,2015,1,1.40000000859727,5.330893516540527,-4.466217041015625,11.986982345581055
tft,HTI,2014,2016,2,1.81246807847532,5.199461936950684,-4.650870323181152,11.503166198730469
tft,HTI,2014,2017,3,2.51027134544685,4.7270307540893555,-5.873504638671875,11.264981269836426
tft,HTI,2014,2018,4,1.66781095484656,4.474124908447266,-6.395498275756836,10.895391464233398
tft,HTI,2014,2019,5,-1.72309699839232,4.315478324890137,-6.598628044128418,10.492971420288086
tft,HUN,2014,2015,1,3.65981615406955,-0.4860374927520752,-6.154714584350586,2.607571840286255
tft,HUN,2014,2016,2,2.43864141309342,-1.0349586009979248,-7.116539001464844,1.9027127027511597
tft,HUN,2014,2017,3,4.12418389451805,-1.2258830070495605,-6.936880111694336,1.4867205619812012
tft,HUN,2014,2018,4,5.60613813768876,-1.2529833316802979,-6.709909439086914,1.2562239170074463
tft,HUN,2014,2019,5,5.07718495088933,-1.28525710105896,-6.700263023376465,1.1387403011322021
tft,IDN,2014,2015,1,4.87632230022123,5.047235012054443,0.2165052890777588,9.542928695678711
tft,IDN,2014,2016,2,5.03306918280177,4.896311283111572,0.35344386100769043,9.44210147857666
tft,IDN,2014,2017,3,5.06978590134916,4.905145168304443,0.4380507469177246,9.435993194580078
tft,IDN,2014,2018,4,5.17429153955024,4.848855495452881,0.4382164478302002,9.35895824432373
tft,IDN,2014,2019,5,5.01928768046282,4.817691326141357,0.40218639373779297,9.323729515075684
tft,IND,2014,2015,1,7.99625378567987,8.938344955444336,6.327024459838867,12.476409912109375
tft,IND,2014,2016,2,8.25630550176662,8.288989067077637,6.371663570404053,11.078503608703613
tft,IND,2014,2017,3,6.79538341902422,7.962104320526123,6.576767921447754,10.206933975219727
tft,IND,2014,2018,4,6.45385134495295,7.8120222091674805,6.75644588470459,9.789863586425781
tft,IND,2014,2019,5,3.87143694070524,7.630438804626465,6.847248077392578,9.40534782409668
tft,IRL,2014,2015,1,24.6239856364006,3.683241844177246,-0.3664512634277344,6.045926094055176
tft,IRL,2014,2016,2,1.22271661130947,3.548978805541992,-0.9929356575012207,6.359188079833984
tft,IRL,2014,2017,3,10.1088576065965,3.664931297302246,-0.681973934173584,6.526086330413818
tft,IRL,2014,2018,4,7.68865937437435,3.839395046234131,-0.2989678382873535,6.742452144622803
tft,IRL,2014,2019,5,4.97288003766816,4.044819355010986,0.12648391723632812,6.931003570556641
tft,IRN,2014,2015,1,-1.42488493937503,3.7490482330322266,0.8740520477294922,6.154473304748535
tft,IRN,2014,2016,2,8.8150866425182,3.7227823734283447,0.6690161228179932,6.163053512573242
tft,IRN,2014,2017,3,3.02685468694025,3.72298526763916,0.6582193374633789,6.1650919914245605
tft,IRN,2014,2018,4,-3.74796015711334,3.7942240238189697,0.9699482917785645,6.1203765869140625
tft,IRN,2014,2019,5,-2.36143538770575,3.921929359436035,1.4284965991973877,6.062548637390137
tft,IRQ,2014,2015,1,2.60676642939541,2.2271225452423096,-6.2383809089660645,9.212748527526855
tft,IRQ,2014,2016,2,13.7873730187089,2.3336760997772217,-6.178994655609131,9.271675109863281
tft,IRQ,2014,2017,3,-1.81975035118309,2.2553939819335938,-6.262645244598389,9.067071914672852
tft,IRQ,2014,2018,4,2.63385099105624,2.453878879547119,-5.9922051429748535,9.261098861694336
tft,IRQ,2014,2019,5,5.5137905789381,2.4773550033569336,-5.9205193519592285,9.199661254882812
tft,ISL,2014,2015,1,3.76859020213645,2.627991199493408,-10.80143928527832,12.458596229553223
tft,ISL,2014,2016,2,6.21808764670307,1.9734373092651367,-13.2314453125,13.761531829833984
tft,ISL,2014,2017,3,3.48506704155555,6.170194625854492,-9.408428192138672,19.23592185974121
tft,ISL,2014,2018,4,4.66077036232377,7.426269054412842,-12.019062042236328,23.11322593688965
tft,ISL,2014,2019,5,1.13821227336888,4.989853858947754,-10.788925170898438,17.65691375732422
tft,ISR,2014,2015,1,2.23599889603805,3.073788642883301,-0.36911654472351074,6.209327220916748
tft,ISR,2014,2016,2,4.53601939236572,3.0215654373168945,-0.5990889072418213,6.226005554199219
tft,ISR,2014,2017,3,4.34394518932547,2.9968457221984863,-0.6562240123748779,6.196314811706543
tft,ISR,2014,2018,4,4.05349952888294,3.024017810821533,-0.6356618404388428,6.232078552246094
tft,ISR,2014,2019,5,3.57898762923605,3.067312717437744,-0.5819079875946045,6.292956352233887
tft,ITA,2014,2015,1,0.885667635240807,3.698424816131592,0.2549624443054199,6.159825325012207
tft,ITA,2014,2016,2,1.23622108511661,2.942892551422119,-2.0811657905578613,5.355698585510254
tft,ITA,2014,2017,3,1.60369995294101,2.607966899871826,-2.809152603149414,5.0391645431518555
tft,ITA,2014,2018,4,0.826646712344115,2.4900364875793457,-2.9753189086914062,4.894753932952881
tft,ITA,2014,2019,5,0.429162533780342,2.4233717918395996,-3.0731630325317383,4.821681022644043
tft,JPN,2014,2015,1,1.79997735783475,2.8784661293029785,0.09037208557128906,4.806893348693848
tft,JPN,2014,2016,2,0.704986495111257,2.9508635997772217,0.8089492321014404,4.7923150062561035
tft,JPN,2014,2017,3,1.62345062245441,2.8879287242889404,0.7282156944274902,4.777578830718994
tft,JPN,2014,2018,4,0.834143845965585,2.800931453704834,0.5813767910003662,4.733229160308838
tft,JPN,2014,2019,5,-0.308496921143259,2.752767324447632,0.5112786293029785,4.683454990386963
tft,KEN,2014,2015,1,4.96772112759767,3.9802162647247314,0.1976313591003418,7.121913909912109
tft,KEN,2014,2016,2,4.21351706814744,4.262851238250732,1.1421082019805908,7.422417640686035
tft,KEN,2014,2017,3,3.83795817364721,4.314603805541992,1.116166591644287,7.307906627655029
tft,KEN,2014,2018,4,5.64794640709219,4.132587909698486,1.04302978515625,6.925612449645996
tft,KEN,2014,2019,5,5.11415885767801,3.9672091007232666,0.8565540313720703,6.65690279006958
tft,KGZ,2014,2015,1,3.87582544512439,4.311765670776367,-0.9580464363098145,8.62513542175293
tft,KGZ,2014,2016,2,4.33585592190116,4.617487907409668,0.07711267471313477,8.510906219482422
tft,KGZ,2014,2017,3,4.73993722377884,4.448863506317139,-0.029427051544189453,8.195549011230469
tft,KGZ,2014,2018,4,3.75791013557165,4.590801239013672,0.16678190231323242,8.369370460510254
tft,KGZ,2014,2019,5,4.60062565707598,4.82659912109375,0.5286564826965332,8.671012878417969
tft,KHM,2014,2015,1,7.20703472529512,9.830199241638184,3.0464062690734863,18.162172317504883
tft,KHM,2014,2016,2,7.90550116130704,8.546882629394531,2.9064931869506836,15.104920387268066
tft,KHM,2014,2017,3,8.07503915535979,8.106919288635254,3.066915988922119,13.867279052734375
tft,KHM,2014,2018,4,8.77622376224463,8.035249710083008,3.5549206733703613,13.256900787353516
tft,KHM,2014,2019,5,7.93695013588524,7.762911319732666,3.5632777214050293,12.723370552062988
tft,KOR,2014,2015,1,2.92029267301234,3.7516722679138184,-4.394099235534668,10.606844902038574
tft,KOR,2014,2016,2,3.17152748983935,3.309309959411621,-5.3925275802612305,10.369732856750488
tft,KOR,2014,2017,3,3.433191763972,3.063514471054077,-6.055176734924316,10.238551139831543
tft,KOR,2014,2018,4,3.17611568177327,3.2537689208984375,-5.401187896728516,10.287022590637207
tft,KOR,2014,2019,5,2.31380210595475,3.0616798400878906,-5.724245071411133,10.096832275390625
tft,KWT,2014,2015,1,0.592770817217982,7.479804515838623,1.2476081848144531,11.642841339111328
tft,KWT,2014,2016,2,2.92607584256388,7.353125095367432,0.36153125762939453,11.941242218017578
tft,KWT,2014,2017,3,-4.71222270495362,7.405510425567627,0.47303056716918945,11.988786697387695
tft,KWT,2014,2018,4,2.74333045031415,7.394230842590332,0.41916370391845703,12.0076322555542
tft,KWT,2014,2019,5,2.26381706595791,7.4560956954956055,0.9057340621948242,11.769135475158691
tft,LBY,2014,2015,1,-0.842656252118843,-1.3784730434417725,-18.76784324645996,12.638384819030762
tft,LBY,2014,2016,2,-1.4909411172622,-1.5391480922698975,-18.573450088500977,12.401773452758789
tft,LBY,2014,2017,3,32.4918021862688,-1.6601650714874268,-18.9007568359375,12.231051445007324
tft,LBY,2014,2018,4,7.9413678529104,-1.7221853733062744,-19.1051082611084,12.139083862304688
tft,LBY,2014,2019,5,-11.1960828853386,-1.7291338443756104,-18.789878845214844,12.02037525177002
tft,LKA,2014,2015,1,4.20595547501601,8.02789306640625,0.14258527755737305,15.118520736694336
tft,LKA,2014,2016,2,5.05362488993089,7.269105434417725,-0.25214719772338867,15.011487007141113
tft,LKA,2014,2017,3,6.46068127080994,7.141483783721924,-0.13513660430908203,14.880631446838379
tft,LKA,2014,2018,4,2.31008425504933,7.2108354568481445,0.47970056533813477,14.66406536102295
tft,LKA,2014,2019,5,-0.220483886824823,6.903022289276123,0.12450122833251953,14.26771068572998
tft,LUX,2014,2015,1,2.26836572735107,4.695202350616455,2.7379326820373535,6.353723049163818
tft,LUX,2014,2016,2,4.97819047122638,4.3811540603637695,2.1433520317077637,5.9362969398498535
tft,LUX,2014,2017,3,1.31711942298405,4.664762496948242,2.510589361190796,6.414267063140869
tft,LUX,2014,2018,4,1.61129891211624,4.161811828613281,1.98577880859375,5.625598430633545
tft,LUX,2014,2019,5,2.74932091920692,4.205722808837891,2.040580987930298,5.6870527267456055
tft,MAC,2014,2015,1,-21.7540078753246,4.381770610809326,-0.22817754745483398,8.558170318603516
tft,MAC,2014,2016,2,-0.701510212552961,3.6776461601257324,-0.7745990753173828,7.126856803894043
tft,MAC,2014,2017,3,9.91855844513513,3.169644832611084,-2.534499168395996,7.215392112731934
tft,MAC,2014,2018,4,6.35917030567686,3.521618604660034,-0.5280499458312988,6.799421310424805
tft,MAC,2014,2019,5,-2.4609094006739,3.6418752670288086,-0.27910470962524414,6.938767433166504
tft,MAR,2014,2015,1,4.34458297635238,5.898820400238037,0.5549106597900391,10.514305114746094
tft,MAR,2014,2016,2,0.52118550608968,5.869899272918701,0.5934262275695801,10.522195816040039
tft,MAR,2014,2017,3,5.05789816173446,5.820733070373535,0.626655101776123,10.440492630004883
tft,MAR,2014,2018,4,3.06564133025955,5.896814823150635,0.999885082244873,10.325648307800293
tft,MAR,2014,2019,5,2.89097476137077,5.924435138702393,1.2101049423217773,10.248416900634766
tft,MDG,2014,2015,1,3.13229807490305,5.904935836791992,2.980684995651245,9.016273498535156
tft,MDG,2014,2016,2,3.99314606199499,5.891480445861816,2.893894910812378,9.063520431518555
tft,MDG,2014,2017,3,3.93330759462793,5.977653503417969,3.0167689323425293,9.086095809936523
tft,MDG,2014,2018,4,3.19435651744398,5.983199596405029,3.031329870223999,9.089744567871094
tft,MDG,2014,2019,5,4.41123212909589,6.0012102127075195,3.05690860748291,9.097452163696289
tft,MEX,2014,2015,1,2.70232343024026,1.883830189704895,-2.140739917755127,5.126579284667969
tft,MEX,2014,2016,2,1.7724932254128,1.9278326034545898,-1.9419803619384766,5.08218240737915
tft,MEX,2014,2017,3,1.87172854648381,1.9369887113571167,-1.909287452697754,5.070426940917969
tft,MEX,2014,2018,4,1.97208211101069,1.92916738986969,-1.883641242980957,4.993745803833008
tft,MEX,2014,2019,5,-0.392690513290532,1.9211483001708984,-1.8811564445495605,4.9201507568359375
tft,MLI,2014,2015,1,6.23887890181064,4.548198699951172,0.776688814163208,8.7891206741333
tft,MLI,2014,2016,2,6.00506308559498,4.2525105476379395,0.910651683807373,8.218818664550781
tft,MLI,2014,2017,3,5.37554769647939,4.301684856414795,0.946258544921875,8.291147232055664
tft,MLI,2014,2018,4,4.86784999935264,4.307577133178711,0.9348993301391602,8.297647476196289
tft,MLI,2014,2019,5,4.99999911699705,4.316009998321533,0.9466655254364014,8.278626441955566
tft,MLT,2014,2015,1,9.62070302842181,3.8833699226379395,-1.8949506282806396,9.259031295776367
tft,MLT,2014,2016,2,4.07800422216982,3.739147663116455,-1.8589422702789307,8.869599342346191
tft,MLT,2014,2017,3,12.9713425287845,3.862370729446411,-1.9263489246368408,9.242424011230469
tft,MLT,2014,2018,4,7.18921425536917,3.8190226554870605,-2.222318410873413,9.369662284851074
tft,MLT,2014,2019,5,4.0850557312243,3.7371485233306885,-2.4755213260650635,9.3187894821167
tft,MNG,2014,2015,1,2.37983580731722,7.081871509552002,1.9842958450317383,11.308326721191406
tft,MNG,2014,2016,2,1.48978448679577,6.733531475067139,1.9598188400268555,10.841529846191406
tft,MNG,2014,2017,3,5.63687638694772,6.468657493591309,2.1885807514190674,10.418882369995117
tft,MNG,2014,2018,4,7.74488062024881,6.411940097808838,2.4065847396850586,10.264613151550293
tft,MNG,2014,2019,5,5.60224422064255,6.436718463897705,2.564598798751831,10.228550910949707
tft,MRT,2014,2015,1,5.37633923694936,4.812566757202148,0.632378101348877,9.311162948608398
tft,MRT,2014,2016,2,1.26090922448303,4.339510440826416,0.5597777366638184,8.941686630249023
tft,MRT,2014,2017,3,6.27054569386574,4.449800968170166,0.7090921401977539,8.988213539123535
tft,MRT,2014,2018,4,4.77217363890155,4.452075958251953,0.670701265335083,8.992835998535156
tft,MRT,2014,2019,5,3.14100489264639,4.454935550689697,0.652846097946167,8.989635467529297
tft,MUS,2014,2015,1,3.71766362108832,3.1883630752563477,-3.3882367610931396,8.310457229614258
tft,MUS,2014,2016,2,3.88576121076034,2.844062328338623,-3.9183218479156494,8.0320463180542
tft,MUS,2014,2017,3,3.95441730960265,2.875215530395508,-3.95416522026062,8.091401100158691
tft,MUS,2014,2018,4,4.11669369456492,2.7833046913146973,-4.058433532714844,7.995233535766602
tft,MUS,2014,2019,5,2.86394938684734,2.73564076423645,-4.174812316894531,7.961589813232422
tft,MYS,2014,2015,1,5.09153242155011,4.476620197296143,-1.3598723411560059,9.000495910644531
tft,MYS,2014,2016,2,4.44978139761541,4.516141414642334,-1.0220351219177246,9.04141616821289
tft,MYS,2014,2017,3,5.81272240983328,4.50412654876709,-1.1310067176818848,9.046855926513672
tft,MYS,2014,2018,4,4.84308697634881,4.476478099822998,-1.1920652389526367,9.031869888305664
tft,MYS,2014,2019,5,4.41318742129586,4.44217586517334,-1.2076172828674316,9.000980377197266
tft,NER,2014,2015,1,4.39264883207291,7.662321090698242,5.195216178894043,11.157634735107422
tft,NER,2014,2016,2,4.28137558478143,7.081024169921875,4.486082077026367,10.552467346191406
tft,NER,2014,2017,3,5.53198531271451,7.127086162567139,4.491747856140137,10.576347351074219
tft,NER,2014,2018,4,6.89458420864513,7.112063407897949,4.427525997161865,10.550420761108398
tft,NER,2014,2019,5,6.07881528959186,7.109006881713867,4.387432098388672,10.533621788024902
tft,NIC,2014,2015,1,4.79226768332697,2.593315362930298,-1.7173964977264404,6.66438102722168
tft,NIC,2014,2016,2,4.56314739524967,2.9384660720825195,-1.2891380786895752,6.960663795471191
tft,NIC,2014,2017,3,4.63120757580209,2.961338520050049,-1.424067735671997,7.114365577697754
tft,NIC,2014,2018,4,-3.3633566598573,2.8183581829071045,-1.7185122966766357,7.1083574295043945
tft,NIC,2014,2019,5,-2.89686986728901,2.675884246826172,-1.930985689163208,7.035248756408691
tft,NLD,2014,2015,1,2.12064007193544,-0.23936748504638672,-7.97564697265625,3.9082648754119873
tft,NLD,2014,2016,2,2.42428065449427,-0.8406751155853271,-9.283452033996582,3.3032772541046143
tft,NLD,2014,2017,3,2.78150834679987,-1.0509257316589355,-9.36888313293457,2.9393835067749023
tft,NLD,2014,2018,4,2.25873158164956,-1.1390767097473145,-9.250622749328613,2.6509389877319336
tft,NLD,2014,2019,5,2.3001616053659,-0.8254799842834473,-8.17308235168457,2.686587333679199
tft,NOR,2014,2015,1,2.04428845501438,2.451462507247925,1.3261065483093262,3.620682716369629
tft,NOR,2014,2016,2,1.29158732771135,2.4558262825012207,1.5246806144714355,3.585690498352051
tft,NOR,2014,2017,3,2.66964474273466,2.4484658241271973,1.585401177406311,3.5599002838134766
tft,NOR,2014,2018,4,1.1103912365576,2.414371967315674,1.4876207113265991,3.5234546661376953
tft,NOR,2014,2019,5,1.46970781954143,2.418929100036621,1.498241901397705,3.510214328765869
tft,NPL,2014,2015,1,3.97605327162971,5.0832953453063965,4.092576503753662,6.52773380279541
tft,NPL,2014,2016,2,0.433113719381524,4.620051383972168,3.9565584659576416,5.668698787689209
tft,NPL,2014,2017,3,8.97727935643466,4.428056240081787,3.83901047706604,5.393276214599609
tft,NPL,2014,2018,4,7.62237610397933,4.352649211883545,3.808757781982422,5.2679266929626465
tft,NPL,2014,2019,5,6.65705543110468,4.275240898132324,3.7990424633026123,5.13698148727417
tft,NZL,2014,2015,1,3.72968312125018,3.8756022453308105,1.1536476612091064,6.085543632507324
tft,NZL,2014,2016,2,3.7435247472109,3.915074348449707,1.132486343383789,6.1808366775512695
tft,NZL,2014,2017,3,3.31568621648204,3.786740779876709,0.9529614448547363,5.983281135559082
tft,NZL,2014,2018,4,3.32219666491432,3.722748041152954,1.1997148990631104,5.785133361816406
tft,NZL,2014,2019,5,2.32371708441623,3.736999750137329,1.443101406097412,5.785739898681641
tft,OMN,2014,2015,1,5.01705799719045,3.452296733856201,-0.34159231185913086,7.828276634216309
tft,OMN,2014,2016,2,5.04642394571691,3.254795789718628,-0.36809444427490234,7.1302947998046875
tft,OMN,2014,2017,3,0.304057565922449,3.154844045639038,-0.4339573383331299,6.737303733825684
tft,OMN,2014,2018,4,1.28710391543288,2.84013032913208,-0.4069387912750244,5.8530354499816895
tft,OMN,2014,2019,5,-1.12863801728058,2.45141863822937,-1.5082714557647705,5.475225448608398
tft,PAK,2014,2015,1,4.21794209572506,4.223296642303467,-1.2333269119262695,13.876742362976074
tft,PAK,2014,2016,2,6.57383828511043,4.215216636657715,-0.6893730163574219,13.530218124389648
tft,PAK,2014,2017,3,4.43262590683975,4.217997074127197,-0.8997325897216797,13.651323318481445
tft,PAK,2014,2018,4,6.15170261099519,4.3224077224731445,-0.9503240585327148,13.775099754333496
tft,PAK,2014,2019,5,2.49763692943365,4.453364849090576,-0.9213380813598633,13.907758712768555
tft,PAN,2014,2015,1,5.26691719595516,4.921575546264648,2.1267929077148438,6.859113693237305
tft,PAN,2014,2016,2,4.57196707937275,4.680314540863037,1.6469037532806396,6.726395130157471
tft,PAN,2014,2017,3,5.7440594635578,4.5990166664123535,1.4775269031524658,6.6412153244018555
tft,PAN,2014,2018,4,3.91824253321265,4.490035533905029,1.1819124221801758,6.617550849914551
tft,PAN,2014,2019,5,3.10295395631086,4.423348903656006,0.9687509536743164,6.623988628387451
tft,PER,2014,2015,1,3.25224477218451,4.885485649108887,-0.003208637237548828,8.377394676208496
tft,PER,2014,2016,2,3.95331871520767,4.321110248565674,-1.234140396118164,8.094071388244629
tft,PER,2014,2017,3,2.51883544233135,3.966336727142334,-2.1093263626098633,7.998852729797363
tft,PER,2014,2018,4,3.969351341365,4.458344459533691,-1.0019302368164062,8.210660934448242
tft,PER,2014,2019,5,2.24063176875049,4.121880531311035,-1.749293327331543,8.094635963439941
tft,PHL,2014,2015,1,6.34830971672761,4.030900001525879,-0.6690073013305664,8.10405158996582
tft,PHL,2014,2016,2,7.14945675000752,4.154003620147705,0.19299840927124023,7.983159065246582
tft,PHL,2014,2017,3,6.9309883258402,4.21343469619751,0.43736696243286133,7.945431709289551
tft,PHL,2014,2018,4,6.34148557153473,4.243393421173096,0.5697941780090332,7.8945159912109375
tft,PHL,2014,2019,5,6.11852566221303,4.245802402496338,0.5880823135375977,7.869564533233643
tft,PRT,2014,2015,1,1.58979803702681,2.191301107406616,-1.619483470916748,4.234094142913818
tft,PRT,2014,2016,2,2.00414129666575,1.9517593383789062,-2.164306163787842,3.9083664417266846
tft,PRT,2014,2017,3,3.31472008175986,1.7754852771759033,-2.5073671340942383,3.6895699501037598
tft,PRT,2014,2018,4,2.94628343449202,1.744934320449829,-2.513705253601074,3.591360569000244
tft,PRT,2014,2019,5,2.74568432648596,1.8240180015563965,-2.350612163543701,3.56803560256958
tft,PRY,2014,2015,1,2.95715168367079,2.788581371307373,-1.2123792171478271,5.557864189147949
tft,PRY,2014,2016,2,4.26802583314583,2.5953238010406494,-1.7412440776824951,5.452174663543701
tft,PRY,2014,2017,3,4.81007885554041,2.499007225036621,-2.0020272731781006,5.42155647277832
tft,PRY,2014,2018,4,3.20425034076639,2.411238193511963,-2.1539089679718018,5.321845054626465
tft,PRY,2014,2019,5,-0.40185510068001,2.2529218196868896,-2.4558584690093994,5.149097442626953
tft,QAT,2014,2015,1,4.75334572438737,6.6441144943237305,1.5620992183685303,13.440889358520508
tft,QAT,2014,2016,2,3.06419188430156,5.969227313995361,1.4186961650848389,11.754150390625
tft,QAT,2014,2017,3,-1.49760470227838,5.730188369750977,1.396332025527954,10.717060089111328
tft,QAT,2014,2018,4,1.23487220191065,4.9872727394104,-0.0704050064086914,9.752437591552734
tft,QAT,2014,2019,5,0.688240954592672,5.041658878326416,0.13922405242919922,9.330391883850098
tft,RUS,2014,2015,1,-1.9727192264298,3.6121273040771484,-2.043519973754883,7.929677486419678
tft,RUS,2014,2016,2,0.193671130698817,2.9971234798431396,-4.326173782348633,7.2275495529174805
tft,RUS,2014,2017,3,1.82670527549192,2.049232006072998,-7.14750862121582,6.439413070678711
tft,RUS,2014,2018,4,2.80634082046656,1.0951118469238281,-9.51464557647705,5.748306751251221
tft,RUS,2014,2019,5,2.19807571381982,0.7601351737976074,-10.248932838439941,5.454338073730469
tft,RWA,2014,2015,1,8.87036752872743,1.6495281457901,-4.1043596267700195,7.743319511413574
tft,RWA,2014,2016,2,5.65874584202778,1.7603117227554321,-3.6318719387054443,7.737963676452637
tft,RWA,2014,2017,3,4.70393439751061,1.9873149394989014,-3.367206335067749,7.816849231719971
tft,RWA,2014,2018,4,8.07084254621641,2.045307159423828,-3.2906227111816406,7.695315361022949
tft,RWA,2014,2019,5,9.28613387454543,1.9936381578445435,-3.4121997356414795,7.476329326629639
tft,SAU,2014,2015,1,4.65512316652699,4.4311676025390625,-8.158312797546387,16.048423767089844
tft,SAU,2014,2016,2,1.70404739202878,4.073514461517334,-9.131165504455566,15.155603408813477
tft,SAU,2014,2017,3,1.18210705878283,1.9263701438903809,-9.39159107208252,9.827571868896484
tft,SAU,2014,2018,4,3.2269508901591,-0.6150112152099609,-22.211971282958984,12.389021873474121
tft,SAU,2014,2019,5,1.65158925617395,0.7658088207244873,-15.586362838745117,10.759115219116211
tft,SDN,2014,2015,1,1.91017689052751,4.506468296051025,-8.448992729187012,15.53345012664795
tft,SDN,2014,2016,2,3.46764218409288,4.815382480621338,-6.630853652954102,14.969047546386719
tft,SDN,2014,2017,3,0.70925628476644,4.886880397796631,-7.176250457763672,15.402904510498047
tft,SDN,2014,2018,4,-2.6809305497999,4.915679931640625,-7.029804229736328,15.15915584564209
tft,SDN,2014,2019,5,-2.17825104530091,4.758765697479248,-6.480607032775879,14.441399574279785
tft,SEN,2014,2015,1,6.36704365066983,5.279581546783447,0.9021787643432617,10.5595121383667
tft,SEN,2014,2016,2,6.35606857208136,4.733757019042969,0.44794416427612305,9.899025917053223
tft,SEN,2014,2017,3,7.40748618589598,4.934499740600586,0.7076973915100098,9.972966194152832
tft,SEN,2014,2018,4,6.20924103388887,4.992732524871826,0.7930536270141602,9.939390182495117
tft,SEN,2014,2019,5,4.6136280976221,5.069005012512207,0.901092529296875,9.90889835357666
tft,SGP,2014,2015,1,2.97679931634806,4.126717567443848,-1.5678892135620117,9.591962814331055
tft,SGP,2014,2016,2,3.91095306322606,2.9392282962799072,-2.6249470710754395,7.294011116027832
tft,SGP,2014,2017,3,4.32679370770501,2.7481319904327393,-2.729891777038574,6.640388011932373
tft,SGP,2014,2018,4,3.18660848474074,2.933892011642456,-1.6201047897338867,6.521228790283203
tft,SGP,2014,2019,5,1.15877947300108,2.8095409870147705,-1.4815521240234375,6.372467994689941
tft,SLB,2014,2015,1,1.67578612030815,6.402629852294922,0.3864760398864746,10.357433319091797
tft,SLB,2014,2016,2,5.55494348257992,6.459534645080566,0.4499053955078125,10.422136306762695
tft,SLB,2014,2017,3,3.07546176144591,6.397278308868408,0.1557612419128418,10.369562149047852
tft,SLB,2014,2018,4,2.74585244829055,6.338446617126465,-0.08832025527954102,10.266622543334961
tft,SLB,2014,2019,5,1.74925244485951,6.406948089599609,0.17045927047729492,10.221765518188477
tft,SLV,2014,2015,1,2.40000008852115,2.6320273876190186,-3.0606741905212402,7.1888251304626465
tft,SLV,2014,2016,2,2.53906241135864,2.4948766231536865,-2.8507790565490723,6.783167839050293
tft,SLV,2014,2017,3,2.24761908134138,2.441829204559326,-3.065077304840088,6.759158611297607
tft,SLV,2014,2018,4,2.4124442237792,2.318373680114746,-3.3673062324523926,6.6705169677734375
tft,SLV,2014,2019,5,2.43747159065784,2.204369068145752,-3.639616012573242,6.588138580322266
tft,SWE,2014,2015,1,4.38824673608589,0.9746478796005249,-0.9332156181335449,3.057816982269287
tft,SWE,2014,2016,2,2.13117914731151,0.9438955783843994,-0.7407934665679932,3.2145729064941406
tft,SWE,2014,2017,3,1.88282184966646,0.9104244709014893,-0.7403120994567871,3.2455692291259766
tft,SWE,2014,2018,4,1.7702553546772,0.9806101322174072,-0.4838218688964844,3.0502877235412598
tft,SWE,2014,2019,5,2.60823012869524,0.9963754415512085,-0.34413695335388184,2.931763172149658
tft,SYC,2014,2015,1,8.9140088750469,2.6929476261138916,0.1431584358215332,4.8911285400390625
tft,SYC,2014,2016,2,12.1175272453913,2.4887566566467285,0.044525146484375,4.505032539367676
tft,SYC,2014,2017,3,6.95416218794271,2.5633134841918945,0.27332329750061035,4.520850658416748
tft,SYC,2014,2018,4,4.93947272254312,2.667961359024048,0.5403375625610352,4.53330659866333
tft,SYC,2014,2019,5,5.5142920737342,2.669792890548706,0.5679600238800049,4.527040004730225
tft,TCD,2014,2015,1,3.30415979779805,6.23667049407959,1.544029712677002,12.286003112792969
tft,TCD,2014,2016,2,-4.12250332637034,5.474556922912598,0.5241217613220215,11.627286911010742
tft,TCD,2014,2017,3,-1.61746922820204,5.636047840118408,0.667513370513916,11.903236389160156
tft,TCD,2014,2018,4,5.74111580758154,5.64955997467041,0.6402943134307861,11.984960556030273
tft,TCD,2014,2019,5,5.38282202874814,5.616464614868164,0.5967011451721191,11.87883186340332
tft,TGO,2014,2015,1,5.4680413807304,4.338024139404297,-1.676405906677246,10.479745864868164
tft,TGO,2014,2016,2,4.21490387414525,4.656617164611816,-1.2232837677001953,10.369640350341797
tft,TGO,2014,2017,3,4.00791259566937,4.148339748382568,-2.1230578422546387,9.915103912353516
tft,TGO,2014,2018,4,4.79518333086139,3.7423884868621826,-2.461178779602051,9.252492904663086
tft,TGO,2014,2019,5,4.91949260488683,4.399772644042969,-2.237276077270508,10.528459548950195
tft,THA,2014,2015,1,3.13404724911635,3.4177863597869873,-1.8960282802581787,7.774102210998535
tft,THA,2014,2016,2,3.43515771692182,3.297576904296875,-2.159158945083618,7.746962547302246
tft,THA,2014,2017,3,4.1776810321001,3.2638652324676514,-2.2785680294036865,7.729069709777832
tft,THA,2014,2018,4,4.22287028746071,3.0812718868255615,-2.581475019454956,7.572890758514404
tft,THA,2014,2019,5,2.11455779628278,2.9380745887756348,-2.9352290630340576,7.475741386413574
tft,TON,2014,2015,1,1.11374402398066,3.548736095428467,-4.264989376068115,7.559258460998535
tft,TON,2014,2016,2,6.59869879417958,3.7797365188598633,-3.4869532585144043,7.73510217666626
tft,TON,2014,2017,3,3.20231976224244,3.8415348529815674,-3.118441104888916,7.505566596984863
tft,TON,2014,2018,4,0.527828083180253,4.199267387390137,-1.8011765480041504,7.4272003173828125
tft,TON,2014,2019,5,-0.285210784299821,4.678411483764648,-0.5900664329528809,7.639177322387695
tft,TUN,2014,2015,1,0.967834205635981,0.9961149096488953,-1.3743326663970947,3.0683813095092773
tft,TUN,2014,2016,2,1.117231963992,1.0145213603973389,-1.3546559810638428,3.066711187362671
tft,TUN,2014,2017,3,2.25261437620587,1.0462071895599365,-1.2525620460510254,3.060213565826416
tft,TUN,2014,2018,4,2.60696965356362,1.0796890258789062,-1.1612451076507568,3.0682153701782227
tft,TUN,2014,2019,5,1.55009304966742,1.1055858135223389,-1.1031649112701416,3.083706855773926
tft,TUR,2014,2015,1,5.80557386628684,2.2444090843200684,-2.6326613426208496,5.349006175994873
tft,TUR,2014,2016,2,3.32366508200445,2.1101694107055664,-3.0012216567993164,5.290875434875488
tft,TUR,2014,2017,3,7.82585730002594,2.2298450469970703,-2.5463666915893555,5.30638313293457
tft,TUR,2014,2018,4,3.46815306092219,2.225585460662842,-2.608377456665039,5.381787300109863
tft,TUR,2014,2019,5,1.30162365464503,2.2900936603546143,-2.4498825073242188,5.484498977661133
tft,TZA,2014,2015,1,6.16062877406682,5.693805694580078,2.910419464111328,9.366901397705078
tft,TZA,2014,2016,2,6.86711619644551,5.112540245056152,2.1662704944610596,8.924100875854492
tft,TZA,2014,2017,3,6.72726996832438,5.146356105804443,2.191065549850464,8.923206329345703
tft,TZA,2014,2018,4,5.50267599384966,5.133815288543701,2.1701698303222656,8.844388008117676
tft,TZA,2014,2019,5,5.79999999996723,5.113035202026367,2.1480724811553955,8.750582695007324
tft,UGA,2014,2015,1,5.18785986002466,5.240144729614258,-0.40222835540771484,12.314263343811035
tft,UGA,2014,2016,2,4.78100029254482,4.485889434814453,-1.3263311386108398,11.886425018310547
tft,UGA,2014,2017,3,3.13140551723596,4.644136428833008,-1.142350196838379,12.12795639038086
tft,UGA,2014,2018,4,6.30392378262997,4.60435676574707,-1.1853179931640625,12.027074813842773
tft,UGA,2014,2019,5,6.43874503276439,4.625061988830566,-1.149416446685791,12.016231536865234
tft,UKR,2014,2015,1,-9.7729872128676,4.540657997131348,0.5202240943908691,7.008972644805908
tft,UKR,2014,2016,2,2.44098194492067,4.092479705810547,-0.1063528060913086,6.365302562713623
tft,UKR,2014,2017,3,2.35997228099491,3.723651885986328,-0.8394742012023926,5.952322483062744
tft,UKR,2014,2018,4,3.48836234022659,3.4863181114196777,-1.2354621887207031,5.747983932495117
tft,UKR,2014,2019,5,3.19950386354134,3.3717634677886963,-1.3957419395446777,5.629560947418213
tft,URY,2014,2015,1,0.370741257681345,-0.749542772769928,-10.313874244689941,7.120803356170654
tft,URY,2014,2016,2,1.68979822971775,-1.0497808456420898,-9.763151168823242,6.15565299987793
tft,URY,2014,2017,3,1.74037649141989,-1.1687102317810059,-10.067991256713867,5.997391223907471
tft,URY,2014,2018,4,0.164777608846705,-1.3973701000213623,-10.533583641052246,5.734362602233887
tft,URY,2014,2019,5,0.928351027546341,-1.6901921033859253,-11.264431953430176,5.522444248199463
tft,USA,2014,2015,1,2.94555045227337,2.7220935821533203,-0.15142512321472168,5.418048858642578
tft,USA,2014,2016,2,1.81945147909089,2.5685856342315674,0.018242597579956055,5.305542945861816
tft,USA,2014,2017,3,2.45762230126449,2.5350682735443115,-0.07010889053344727,5.253251552581787
tft,USA,2014,2018,4,2.96650506701943,2.448854446411133,-0.2926795482635498,5.191781044006348
tft,USA,2014,2019,5,2.58382533052225,2.3635597229003906,-0.5362555980682373,5.101820468902588
tft,VNM,2014,2015,1,6.98715430598611,4.810709476470947,3.3037075996398926,6.626368999481201
tft,VNM,2014,2016,2,6.69000892660424,4.466151714324951,3.0481631755828857,6.064223289489746
tft,VNM,2014,2017,3,6.94019037359206,4.122053146362305,2.832969903945923,5.565017223358154
tft,VNM,2014,2018,4,7.46500685572751,4.039250373840332,2.9566242694854736,5.342379093170166
tft,VNM,2014,2019,5,7.35926270105006,3.994729518890381,2.9919238090515137,5.251641750335693
tft,VUT,2014,2015,1,3.50101268962098,6.170699596405029,3.875247001647949,7.7441911697387695
tft,VUT,2014,2016,2,3.61980830670927,6.122470855712891,3.8281657695770264,7.726469039916992
tft,VUT,2014,2017,3,4.22332192519966,6.15924072265625,3.907651901245117,7.78645133972168
tft,VUT,2014,2018,4,2.51532789491979,6.14354133605957,3.9056079387664795,7.761322021484375
tft,VUT,2014,2019,5,3.27677257380314,6.092038154602051,3.8582522869110107,7.68362283706665
tft,ZAF,2014,2015,1,1.32186223678229,2.083789825439453,-1.5577678680419922,5.087352752685547
tft,ZAF,2014,2016,2,0.664552307858116,2.361556053161621,-0.5475814342498779,5.099596977233887
tft,ZAF,2014,2017,3,1.15794695181735,2.335148572921753,-0.6348910331726074,5.08854866027832
tft,ZAF,2014,2018,4,1.55678384721676,2.025491237640381,-1.0514814853668213,4.838327884674072
tft,ZAF,2014,2019,5,0.25993557687633,2.0861568450927734,-0.930354118347168,4.829885482788086
tft,ABW,2019,2020,1,-23.9400592677491,2.8424267768859863,-1.4147982597351074,8.143684387207031
tft,ABW,2019,2021,2,14.833691976226,3.067277669906616,-1.1030807495117188,8.053644180297852
tft,ABW,2019,2022,3,10.6079607621246,2.783818244934082,-1.2463483810424805,7.342743396759033
tft,ABW,2019,2023,4,9.51636022347185,2.7139549255371094,-1.24560546875,7.110560417175293
tft,ABW,2019,2024,5,6.81077669324554,2.7195496559143066,-0.8800268173217773,6.848820686340332
tft,ALB,2019,2020,1,-3.31375636888916,2.8460357189178467,-0.6879334449768066,6.02843713760376
tft,ALB,2019,2021,2,8.96957619074095,2.8414952754974365,-0.435025691986084,5.893257141113281
tft,ALB,2019,2022,3,4.8268006234359,2.717998504638672,-0.550023078918457,5.685995578765869
tft,ALB,2019,2023,4,4.01541716935742,2.610772132873535,-0.6200742721557617,5.520521640777588
tft,ALB,2019,2024,5,4.04592845095348,2.481203079223633,-0.694699764251709,5.269222736358643
tft,AUS,2019,2020,1,-0.133531904304775,1.971044898033142,-2.0248475074768066,4.798403739929199
tft,AUS,2019,2021,2,2.00694844335034,2.2592685222625732,-2.2452540397644043,4.786966800689697
tft,AUS,2019,2022,3,4.25304559238732,2.1714601516723633,-2.2027015686035156,5.013370513916016
tft,AUS,2019,2023,4,3.58382100798981,1.4819704294204712,-2.445441722869873,6.118405342102051
tft,AUS,2019,2024,5,1.37340773365975,2.2542366981506348,-2.5356192588806152,6.264042377471924
tft,AUT,2019,2020,1,-6.31825509209936,2.7876322269439697,1.85884690284729,3.4659698009490967
tft,AUT,2019,2021,2,4.92309171717903,2.8302183151245117,1.9813790321350098,3.390138626098633
tft,AUT,2019,2022,3,5.33096379400371,2.9253411293029785,2.388597011566162,3.5381722450256348
tft,AUT,2019,2023,4,-0.786244288594673,2.936422824859619,2.423377275466919,3.561842918395996
tft,AUT,2019,2024,5,-0.659089573171372,2.8852672576904297,2.1569089889526367,3.348968029022217
tft,BEL,2019,2020,1,-4.7929839083518,1.955031156539917,0.4929060935974121,3.185638666152954
tft,BEL,2019,2021,2,6.25445686466593,2.014439105987549,0.5529220104217529,3.236579179763794
tft,BEL,2019,2022,3,4.02460852835887,2.1388919353485107,1.033657193183899,3.3916678428649902
tft,BEL,2019,2023,4,1.56125539542029,2.151423931121826,1.078845500946045,3.4567432403564453
tft,BEL,2019,2024,5,1.09775383828703,2.1081385612487793,0.9044762849807739,3.3382256031036377
tft,BEN,2019,2020,1,3.84879240030133,2.468742609024048,1.4154019355773926,3.5526227951049805
tft,BEN,2019,2021,2,7.1554516457574,2.430069923400879,1.4248536825180054,3.4760990142822266
tft,BEN,2019,2022,3,6.25294705373625,2.376445770263672,1.3810217380523682,3.419924259185791
tft,BEN,2019,2023,4,6.3527773854442,2.276301860809326,1.2580245733261108,3.380706787109375
tft,BEN,2019,2024,5,7.45311566226201,2.2090961933135986,1.1737996339797974,3.354485034942627
tft,BFA,2019,2020,1,2.01077262406221,4.568832874298096,3.317375898361206,5.853904724121094
tft,BFA,2019,2021,2,6.94252492572348,4.924860954284668,3.6980817317962646,6.099357604980469
tft,BFA,2019,2022,3,1.62673258211919,5.051546096801758,3.831385612487793,6.204058647155762
tft,BFA,2019,2023,4,3.00027415814125,5.076577663421631,3.8573429584503174,6.222902297973633
tft,BFA,2019,2024,5,4.83395810163883,5.008989334106445,3.7757315635681152,6.171025276184082
tft,BGD,2019,2020,1,3.44801755122445,5.761745929718018,4.983377456665039,6.555109977722168
tft,BGD,2019,2021,2,6.93867912442445,6.020864486694336,5.257740020751953,6.5124616622924805
tft,BGD,2019,2022,3,7.09982877575158,6.0883917808532715,5.156509876251221,7.008598327636719
tft,BGD,2019,2023,4,5.77511237007889,6.1288557052612305,4.91002893447876,7.7755537033081055
tft,BGD,2019,2024,5,4.22325911250161,6.091592788696289,4.761764049530029,8.039209365844727
tft,BGR,2019,2020,1,-3.13323543125917,5.493142127990723,0.7011494636535645,10.328944206237793
tft,BGR,2019,2021,2,7.82817310703665,5.47976016998291,0.35931897163391113,10.968435287475586
tft,BGR,2019,2022,3,4.08386398118941,5.565601348876953,0.4451761245727539,10.985599517822266
tft,BGR,2019,2023,4,1.68151075832925,5.581254005432129,0.6195783615112305,10.842031478881836
tft,BGR,2019,2024,5,3.38708962009333,5.551794052124023,0.7605373859405518,10.688714981079102
tft,BHR,2019,2020,1,-5.9113629524152,2.8934249877929688,-5.479214191436768,11.79881477355957
tft,BHR,2019,2021,2,4.35004091668986,3.2995638847351074,-4.716568946838379,13.811610221862793
tft,BHR,2019,2022,3,6.18016125475185,2.855001926422119,-4.806573390960693,12.927711486816406
tft,BHR,2019,2023,4,3.87811614845566,3.0340213775634766,-5.006368637084961,13.128863334655762
tft,BHR,2019,2024,5,2.89710543153512,2.427464485168457,-4.88169002532959,11.133585929870605
tft,BHS,2019,2020,1,-20.0893664891399,3.372126340866089,-0.22606134414672852,6.748760223388672
tft,BHS,2019,2021,2,17.5861390037409,3.405545234680176,-0.20192241668701172,6.732232570648193
tft,BHS,2019,2022,3,10.8779009410268,3.4486441612243652,-0.08087301254272461,6.710501194000244
tft,BHS,2019,2023,4,3.04824180553773,3.45211124420166,0.039186954498291016,6.633493900299072
tft,BHS,2019,2024,5,3.37866553336166,3.43817138671875,0.027945995330810547,6.607232570648193
tft,BLZ,2019,2020,1,-13.5228997055506,1.2737576961517334,-2.3110928535461426,4.924060821533203
tft,BLZ,2019,2021,2,17.9899244143607,1.6154717206954956,-1.6755151748657227,5.2172770500183105
tft,BLZ,2019,2022,3,9.25051329530994,1.4961289167404175,-1.6040148735046387,5.379239559173584
tft,BLZ,2019,2023,4,0.500127941638667,1.4327584505081177,-1.5314879417419434,5.326238632202148
tft,BLZ,2019,2024,5,3.50466435023895,1.5418599843978882,-1.4853482246398926,5.218458652496338
tft,BOL,2019,2020,1,-12.7194690092717,4.126917839050293,2.3152263164520264,6.024256706237793
tft,BOL,2019,2021,2,10.0290488827886,4.284143924713135,2.6317975521087646,6.10960578918457
tft,BOL,2019,2022,3,3.74741781241461,4.285902976989746,2.677076816558838,6.105691432952881
tft,BOL,2019,2023,4,2.51636590154891,4.2230987548828125,2.6154706478118896,6.084689617156982
tft,BOL,2019,2024,5,-1.12335595517212,4.1762776374816895,2.5716309547424316,6.086523532867432
tft,BRA,2019,2020,1,-3.2767587964736,2.9005327224731445,1.4540326595306396,4.276635646820068
tft,BRA,2019,2021,2,4.76260437908608,2.8990976810455322,1.3915674686431885,4.3144612312316895
tft,BRA,2019,2022,3,3.01669435393015,2.9078617095947266,1.3843400478363037,4.329141139984131
tft,BRA,2019,2023,4,3.24165532906981,2.912041664123535,1.3975861072540283,4.3013834953308105
tft,BRA,2019,2024,5,3.41931516501906,2.9082894325256348,1.3997185230255127,4.274608612060547
tft,BRN,2019,2020,1,1.1335733495246,3.7423274517059326,1.7209103107452393,6.481344699859619
tft,BRN,2019,2021,2,-1.59076260099606,3.703871250152588,1.7619249820709229,6.134970664978027
tft,BRN,2019,2022,3,-1.62833154515108,3.744337320327759,1.9174909591674805,5.84868049621582
tft,BRN,2019,2023,4,1.12764418162719,3.7509384155273438,1.9613580703735352,5.74777889251709
tft,BRN,2019,2024,5,4.05251709306727,3.7496280670166016,1.9855835437774658,5.721085071563721
tft,BTN,2019,2020,1,-10.2183974208569,6.6309895515441895,3.094522476196289,10.14909553527832
tft,BTN,2019,2021,2,4.42136738945015,6.522902488708496,3.157622814178467,10.075234413146973
tft,BTN,2019,2022,3,5.21386783786224,6.361310005187988,2.9780209064483643,9.969911575317383
tft,BTN,2019,2023,4,4.63215702969933,6.241373062133789,2.7931933403015137,9.938465118408203
tft,BTN,2019,2024,5,7.49856206754038,6.23421049118042,2.5779531002044678,10.018656730651855
tft,BWA,2019,2020,1,-8.72888243996397,5.155541896820068,2.763197183609009,7.9959869384765625
tft,BWA,2019,2021,2,11.9162724376008,5.254590034484863,2.9151296615600586,8.229580879211426
tft,BWA,2019,2022,3,5.48601706446772,5.250089168548584,2.9007749557495117,8.319555282592773
tft,BWA,2019,2023,4,3.20806812224438,5.239627361297607,2.8960273265838623,8.314022064208984
tft,BWA,2019,2024,5,-2.77988981666252,5.226739406585693,2.8962292671203613,8.291509628295898
tft,CAF,2019,2020,1,0.899999996857062,7.4238996505737305,4.067638874053955,10.8525972366333
tft,CAF,2019,2021,2,0.982919996264229,7.392686367034912,4.175059795379639,10.717989921569824
tft,CAF,2019,2022,3,0.453901876447787,7.088820457458496,3.241607666015625,10.569576263427734
tft,CAF,2019,2023,4,0.69996840076054,6.877018928527832,3.5458459854125977,10.647626876831055
tft,CAF,2019,2024,5,1.49999999847535,6.821270942687988,3.2054872512817383,10.81369400024414
tft,CAN,2019,2020,1,-5.03823342794087,0.2920132279396057,-2.604114294052124,2.1925530433654785
tft,CAN,2019,2021,2,5.95052804984759,0.46357816457748413,-2.575127363204956,1.9514131546020508
tft,CAN,2019,2022,3,4.69541985045903,0.4581853151321411,-2.742985963821411,2.8156025409698486
tft,CAN,2019,2023,4,1.95308552199025,-0.45897722244262695,-3.063711404800415,3.195627212524414
tft,CAN,2019,2024,5,2.04626605401701,-0.7146255970001221,-3.784815549850464,4.147470474243164
tft,CHE,2019,2020,1,-2.2552579425106,2.521420955657959,1.099489450454712,4.328007221221924
tft,CHE,2019,2021,2,6.17622836050151,2.5497469902038574,1.3693691492080688,3.987152099609375
tft,CHE,2019,2022,3,3.53430286842426,2.5626466274261475,1.4505157470703125,3.9552724361419678
tft,CHE,2019,2023,4,0.825560934124624,2.536587715148926,1.3921711444854736,4.177509784698486
tft,CHE,2019,2024,5,1.39033363875791,2.5363099575042725,1.3507193326950073,4.247224807739258
tft,CHL,2019,2020,1,-6.1396969411886,1.8846226930618286,0.9128133058547974,2.9274511337280273
tft,CHL,2019,2021,2,11.3374032409913,1.875976324081421,0.8323737382888794,2.9155852794647217
tft,CHL,2019,2022,3,2.06391864254198,1.8901033401489258,0.8620225191116333,2.8853650093078613
tft,CHL,2019,2023,4,0.677024831595858,1.8952326774597168,0.8769986629486084,2.852294445037842
tft,CHL,2019,2024,5,2.80512637106611,1.892961859703064,0.8754239082336426,2.8290321826934814
tft,CHN,2019,2020,1,2.33950385203023,4.2880330085754395,0.8655831813812256,9.567316055297852
tft,CHN,2019,2021,2,8.57038414981781,4.062219619750977,1.4478838443756104,8.039817810058594
tft,CHN,2019,2022,3,3.13385438394069,3.888962745666504,1.5384745597839355,7.0608978271484375
tft,CHN,2019,2023,4,5.41600334492955,3.918444871902466,1.6553113460540771,6.811515808105469
tft,CHN,2019,2024,5,4.95830378788091,3.902327060699463,1.6318013668060303,6.749917507171631
tft,CIV,2019,2020,1,0.699728593494228,7.210906028747559,3.654827117919922,11.00095272064209
tft,CIV,2019,2021,2,7.06253713446816,7.205391883850098,3.849461555480957,10.755691528320312
tft,CIV,2019,2022,3,6.39988362730921,7.143082618713379,3.8624720573425293,10.58038330078125
tft,CIV,2019,2023,4,6.60000045209176,7.024796485900879,3.7684836387634277,10.405948638916016
tft,CIV,2019,2024,5,6.0195346193922,6.88759183883667,3.6321535110473633,10.268732070922852
tft,CMR,2019,2020,1,0.259932915907115,3.2016735076904297,0.3270552158355713,6.268445014953613
tft,CMR,2019,2021,2,3.33885747179505,3.2199416160583496,0.5003261566162109,6.110845565795898
tft,CMR,2019,2022,3,3.7367840056412,3.1654720306396484,0.5100336074829102,5.9611334800720215
tft,CMR,2019,2023,4,3.34756290750219,3.066056251525879,0.4497654438018799,5.7874298095703125
tft,CMR,2019,2024,5,3.52472308052245,2.968851089477539,0.37405896186828613,5.650026321411133
tft,COG,2019,2020,1,-6.26777227963225,2.0170602798461914,-4.002467155456543,10.053586959838867
tft,COG,2019,2021,2,1.01507036990908,2.1465141773223877,-3.8814761638641357,10.091727256774902
tft,COG,2019,2022,3,1.47535613247133,2.1618964672088623,-3.8131062984466553,9.930273056030273
tft,COG,2019,2023,4,1.90686426346754,2.155327320098877,-3.7045366764068604,9.728294372558594
tft,COG,2019,2024,5,2.09998918002519,2.157010316848755,-3.607701063156128,9.614656448364258
tft,COL,2019,2020,1,-7.18591413760859,2.846660614013672,0.1459670066833496,5.858119010925293
tft,COL,2019,2021,2,10.8011981904878,3.0304317474365234,0.42763185501098633,6.184920787811279
tft,COL,2019,2022,3,7.32827729427979,3.0159335136413574,0.41544389724731445,6.268772602081299
tft,COL,2019,2023,4,0.841819555752039,2.9935057163238525,0.4522247314453125,6.178741931915283
tft,COL,2019,2024,5,1.49330728771066,2.9848108291625977,0.47968435287475586,6.079980850219727
tft,COM,2019,2020,1,-0.195556841918759,3.8645451068878174,2.8428401947021484,5.019190788269043
tft,COM,2019,2021,2,2.04245238320844,3.8766603469848633,2.9199047088623047,4.965945243835449
tft,COM,2019,2022,3,2.45381174550259,3.834390163421631,2.913097858428955,4.903696537017822
tft,COM,2019,2023,4,3.1866131800554,3.764763593673706,2.845679521560669,4.861220359802246
tft,COM,2019,2024,5,3.30071498500033,3.7287001609802246,2.8020992279052734,4.833620548248291
tft,CRI,2019,2020,1,-4.14159340574358,1.9031295776367188,0.3834414482116699,3.3687214851379395
tft,CRI,2019,2021,2,8.21817953969082,1.893883228302002,0.31185460090637207,3.4025206565856934
tft,CRI,2019,2022,3,5.46119455235068,1.9153715372085571,0.3164372444152832,3.4207186698913574
tft,CRI,2019,2023,4,4.79187732359398,1.9229466915130615,0.33170509338378906,3.4007370471954346
tft,CRI,2019,2024,5,4.08292444182048,1.9198169708251953,0.3355224132537842,3.3770103454589844
tft,CYP,2019,2020,1,-3.22063018637567,5.552182674407959,1.737978458404541,10.879018783569336
tft,CYP,2019,2021,2,11.3975590801512,5.471748352050781,1.30607271194458,11.102310180664062
tft,CYP,2019,2022,3,8.73854684881674,5.353769779205322,1.2188856601715088,10.851306915283203
tft,CYP,2019,2023,4,3.62045368236082,5.193928241729736,1.3212957382202148,10.490262031555176
tft,CYP,2019,2024,5,3.94076934447787,4.956110954284668,1.5052320957183838,9.946192741394043
tft,DEU,2019,2020,1,-4.13191443239947,2.8300600051879883,-0.11108636856079102,4.9901909828186035
tft,DEU,2019,2021,2,3.90999994204108,2.9198548793792725,0.18660640716552734,4.622565746307373
tft,DEU,2019,2022,3,1.8092581243061,2.98685359954834,0.25594520568847656,4.670854568481445
tft,DEU,2019,2023,4,-0.869647578573321,3.021057367324829,0.3400154113769531,4.760495662689209
tft,DEU,2019,2024,5,-0.495851897260366,3.049323558807373,0.46132326126098633,4.81327486038208
tft,DNK,2019,2020,1,-1.78010601831291,1.4916200637817383,0.17904281616210938,2.4962213039398193
tft,DNK,2019,2021,2,6.50025445756295,1.557010531425476,0.4160466194152832,2.394425630569458
tft,DNK,2019,2022,3,0.443832614908331,1.6999742984771729,0.9307630062103271,2.5382697582244873
tft,DNK,2019,2023,4,0.604587766175584,1.7033252716064453,0.9422060251235962,2.4596967697143555
tft,DNK,2019,2024,5,3.47783593140312,1.6181821823120117,0.6367237567901611,2.282954454421997
tft,DOM,2019,2020,1,-7.92905234231061,2.2337770462036133,1.1963012218475342,3.4708974361419678
tft,DOM,2019,2021,2,14.0124289062207,2.0936357975006104,1.0715923309326172,3.302947998046875
tft,DOM,2019,2022,3,5.23795652902595,1.964012622833252,0.9336906671524048,3.1381516456604004
tft,DOM,2019,2023,4,2.19229848237939,1.9004707336425781,0.8652148246765137,3.046842336654663
tft,DOM,2019,2024,5,4.95352204492849,1.8883099555969238,0.8636879920959473,2.969611167907715
tft,DZA,2019,2020,1,-4.99999999908597,3.7452423572540283,1.5788164138793945,6.680508613586426
tft,DZA,2019,2021,2,3.79999999900707,3.946444511413574,1.8622212409973145,6.89047908782959
tft,DZA,2019,2022,3,3.60000000094915,3.8665027618408203,1.7593672275543213,6.874478340148926
tft,DZA,2019,2023,4,4.10000000005964,3.812511444091797,1.7309057712554932,6.783750057220459
tft,DZA,2019,2024,5,3.69999999907979,3.780374526977539,1.751188039779663,6.651376724243164
tft,ECU,2019,2020,1,-9.24509619165865,1.684326171875,-2.04740047454834,5.592284679412842
tft,ECU,2019,2021,2,9.42189269033631,1.9029959440231323,-1.6494946479797363,5.7961626052856445
tft,ECU,2019,2022,3,5.86842354862311,1.9392298460006714,-1.5527701377868652,5.75035285949707
tft,ECU,2019,2023,4,1.8328406107788,1.9497140645980835,-1.4559669494628906,5.629371166229248
tft,ECU,2019,2024,5,-1.94409022506859,1.957604169845581,-1.4250144958496094,5.524432182312012
tft,EGY,2019,2020,1,3.55016483883115,3.587864398956299,2.5127956867218018,5.036526203155518
tft,EGY,2019,2021,2,3.29064601193245,3.4872145652770996,2.437185525894165,4.826528549194336
tft,EGY,2019,2022,3,6.58784560870467,3.422886371612549,2.376539468765259,4.720705986022949
tft,EGY,2019,2023,4,3.76028052279247,3.374711751937866,2.285998582839966,4.732243537902832
tft,EGY,2019,2024,5,2.3991692678251,3.3290398120880127,2.207003593444824,4.765976905822754
tft,ESP,2019,2020,1,-10.9400706350371,4.124412536621094,2.7755467891693115,5.079649925231934
tft,ESP,2019,2021,2,6.68314420473001,4.130537033081055,2.6643190383911133,4.990594863891602
tft,ESP,2019,2022,3,6.37031712129601,4.300901889801025,3.3402347564697266,5.108704090118408
tft,ESP,2019,2023,4,2.46085796805582,4.297754764556885,3.4611942768096924,5.395120143890381
tft,ESP,2019,2024,5,3.45525405630191,4.309750080108643,3.506545066833496,5.282156944274902
tft,FIN,2019,2020,1,-2.49103605535707,2.100983142852783,0.26709437370300293,3.438406229019165
tft,FIN,2019,2021,2,2.67634641498897,2.160848617553711,0.4707298278808594,3.2894275188446045
tft,FIN,2019,2022,3,0.763041912763526,2.2104196548461914,0.5906050205230713,3.299962043762207
tft,FIN,2019,2023,4,-1.28973484453397,2.25968861579895,0.8148715496063232,3.2936394214630127
tft,FIN,2019,2024,5,0.374566568538427,2.3298749923706055,1.0870232582092285,3.3438987731933594
tft,FJI,2019,2020,1,-17.1835352599354,3.3197407722473145,1.876903772354126,4.504334449768066
tft,FJI,2019,2021,2,-4.3459619989752,3.3907735347747803,2.0095438957214355,4.498096942901611
tft,FJI,2019,2022,3,17.7451269773594,3.2546651363372803,1.866631031036377,4.3261027336120605
tft,FJI,2019,2023,4,9.44245856738313,3.1098201274871826,1.7403159141540527,4.159794330596924
tft,FJI,2019,2024,5,3.53085896076352,3.0343918800354004,1.6644126176834106,4.068291187286377
tft,FRA,2019,2020,1,-7.44064589948231,1.2639429569244385,-1.2091219425201416,3.018134832382202
tft,FRA,2019,2021,2,6.88233783360239,1.3939236402511597,-0.9435570240020752,2.9789655208587646
tft,FRA,2019,2022,3,2.71676264185913,1.4604939222335815,-0.6689958572387695,2.9414329528808594
tft,FRA,2019,2023,4,1.43921494437743,1.4198544025421143,-0.9623615741729736,2.9906320571899414
tft,FRA,2019,2024,5,1.19046798275883,1.4215431213378906,-0.9850914478302002,3.0153560638427734
tft,GAB,2019,2020,1,-1.8377610635094,2.423670768737793,0.920649528503418,4.321317672729492
tft,GAB,2019,2021,2,1.46795731508091,2.431504249572754,0.9971258640289307,4.213679313659668
tft,GAB,2019,2022,3,3.03761449525692,2.436957359313965,1.0114192962646484,4.209889888763428
tft,GAB,2019,2023,4,2.43893665041031,2.4408059120178223,1.009304404258728,4.2327446937561035
tft,GAB,2019,2024,5,3.39403899521831,2.4461898803710938,1.0073769092559814,4.2627410888671875
tft,GBR,2019,2020,1,-10.047896637362,0.30947303771972656,-5.365060806274414,4.424014568328857
tft,GBR,2019,2021,2,8.5431118453255,0.522442102432251,-4.510098457336426,4.031088829040527
tft,GBR,2019,2022,3,5.14970388522993,1.101667881011963,-2.0268077850341797,5.1147074699401855
tft,GBR,2019,2023,4,0.271650048355255,1.1036081314086914,-2.109405040740967,5.672662258148193
tft,GBR,2019,2024,5,1.08027716858781,1.1027467250823975,-1.858476161956787,5.135327339172363
tft,GEO,2019,2020,1,-6.2904717853839,2.8029143810272217,0.9882065057754517,4.600505828857422
tft,GEO,2019,2021,2,10.6442336580969,2.8410940170288086,0.6346290111541748,5.206157684326172
tft,GEO,2019,2022,3,10.9585321385624,2.841798782348633,0.5878262519836426,5.312828063964844
tft,GEO,2019,2023,4,7.83220126555726,2.8863348960876465,0.5269420146942139,5.485437393188477
tft,GEO,2019,2024,5,9.67979379712661,2.841948986053467,0.7514054775238037,6.010237693786621
tft,GHA,2019,2020,1,0.513941670628171,6.186736106872559,2.5824644565582275,10.31087589263916
tft,GHA,2019,2021,2,5.07646643533542,6.97463846206665,3.337232828140259,10.740043640136719
tft,GHA,2019,2022,3,3.80484978178042,7.228462219238281,3.5787413120269775,10.931177139282227
tft,GHA,2019,2023,4,3.14009100080186,7.285444736480713,3.6351146697998047,10.983749389648438
tft,GHA,2019,2024,5,5.84746854280382,7.266335964202881,3.645862102508545,10.957857131958008
tft,GMB,2019,2020,1,0.591487287873974,3.136265754699707,0.9677135944366455,5.425821304321289
tft,GMB,2019,2021,2,5.25596878816744,3.012697696685791,0.9374463558197021,5.206781387329102
tft,GMB,2019,2022,3,5.49299823010114,2.890329122543335,0.8522331714630127,5.037349224090576
tft,GMB,2019,2023,4,5.91679576551141,2.790139675140381,0.769996166229248,4.9122467041015625
tft,GMB,2019,2024,5,5.55126065805138,2.6512644290924072,0.6149032115936279,4.807647705078125
tft,GNB,2019,2020,1,2.89149979806913,4.879465103149414,3.4109578132629395,6.391964912414551
tft,GNB,2019,2021,2,5.0173096003907,5.231553554534912,3.775181531906128,6.615414619445801
tft,GNB,2019,2022,3,5.45776090019501,5.355446815490723,3.893376350402832,6.72746467590332
tft,GNB,2019,2023,4,4.63052364601562,5.405755996704102,3.9526333808898926,6.779060363769531
tft,GNB,2019,2024,5,4.40920107183611,5.436700344085693,4.020995140075684,6.813096523284912
tft,GRC,2019,2020,1,-9.19623149726978,0.2036283016204834,-4.102740287780762,3.0415632724761963
tft,GRC,2019,2021,2,8.65449786002131,0.4098515510559082,-3.8400862216949463,2.7922210693359375
tft,GRC,2019,2022,3,5.52198580589408,0.4856235980987549,-3.7628514766693115,2.9681239128112793
tft,GRC,2019,2023,4,2.13591131996631,0.4948718547821045,-3.5540778636932373,2.9476003646850586
tft,GRC,2019,2024,5,2.0865743380603,0.5081062316894531,-3.404067277908325,2.9485652446746826
tft,GTM,2019,2020,1,-1.78555117570465,2.3806068897247314,0.3266463279724121,4.948578834533691
tft,GTM,2019,2021,2,8.04170398855833,2.1699414253234863,0.1997075080871582,4.603883743286133
tft,GTM,2019,2022,3,4.15492196609047,2.015291213989258,0.0895853042602539,4.322836875915527
tft,GTM,2019,2023,4,3.52430434049013,1.8908990621566772,-0.028915882110595703,4.189453125
tft,GTM,2019,2024,5,3.71558453779777,1.7828046083450317,-0.15390753746032715,4.15856409072876
tft,HKG,2019,2020,1,-6.54479640529367,5.7043328285217285,2.6238017082214355,9.857396125793457
tft,HKG,2019,2021,2,6.45443038333934,5.390209674835205,2.2512590885162354,9.690791130065918
tft,HKG,2019,2022,3,-3.68528359281325,5.068622589111328,1.9316474199295044,9.207422256469727
tft,HKG,2019,2023,4,3.15034461759902,4.451657772064209,1.0374760627746582,9.37484359741211
tft,HKG,2019,2024,5,2.62936861207362,4.716858386993408,1.4401342868804932,8.437009811401367
tft,HND,2019,2020,1,-8.96508223267296,5.089728355407715,3.069196939468384,7.404182434082031
tft,HND,2019,2021,2,12.5652843771279,5.25977897644043,3.3738768100738525,7.487188339233398
tft,HND,2019,2022,3,4.14356194013767,5.287884712219238,3.439862012863159,7.452558994293213
tft,HND,2019,2023,4,3.57584760454412,5.259866237640381,3.430222988128662,7.389663219451904
tft,HND,2019,2024,5,3.63240745450875,5.191095352172852,3.36973237991333,7.340085029602051
tft,HTI,2019,2020,1,-3.30550546965893,6.219377040863037,3.2373290061950684,9.887611389160156
tft,HTI,2019,2021,2,-1.79823988931486,6.211178302764893,3.380279541015625,9.615885734558105
tft,HTI,2019,2022,3,-1.68198396897978,6.085792541503906,3.3117899894714355,9.326555252075195
tft,HTI,2019,2023,4,-1.86388420254838,5.875884056091309,3.0891685485839844,9.156590461730957
tft,HTI,2019,2024,5,-4.18495104762965,5.795741081237793,3.0063552856445312,9.089336395263672
tft,HUN,2019,2020,1,-4.33872540024058,2.7683353424072266,-3.324368476867676,9.458446502685547
tft,HUN,2019,2021,2,7.22291580811137,2.718062400817871,-3.7270021438598633,9.793403625488281
tft,HUN,2019,2022,3,4.15238057779229,2.5198769569396973,-3.989985466003418,9.44503402709961
tft,HUN,2019,2023,4,-0.817107370513455,2.343986749649048,-4.149177551269531,9.234670639038086
tft,HUN,2019,2024,5,0.709070599066038,2.2103848457336426,-4.2566237449646,9.07235336303711
tft,IDN,2019,2020,1,-2.06551182934165,7.306432723999023,4.901716709136963,9.910748481750488
tft,IDN,2019,2021,2,3.70288562827751,6.8353800773620605,4.426640510559082,9.213756561279297
tft,IDN,2019,2022,3,5.30719722664799,6.273150444030762,3.9747049808502197,8.63878345489502
tft,IDN,2019,2023,4,5.04883117855516,5.859104156494141,3.626070261001587,8.252727508544922
tft,IDN,2019,2024,5,5.03257477088519,5.694787979125977,3.477215051651001,8.113493919372559
tft,IND,2019,2020,1,-5.77772470687303,8.01498031616211,6.267388343811035,10.087026596069336
tft,IND,2019,2021,2,9.68959249191741,8.053424835205078,6.420154571533203,9.880489349365234
tft,IND,2019,2022,3,7.6093649776932,7.989628791809082,6.348658561706543,9.815372467041016
tft,IND,2019,2023,4,7.210224629335,7.88330078125,6.185271263122559,9.90623664855957
tft,IND,2019,2024,5,7.09927893176518,7.8437676429748535,5.929581642150879,10.209285736083984
tft,IRL,2019,2020,1,7.15369505735335,6.055349349975586,2.0648484230041504,11.403003692626953
tft,IRL,2019,2021,2,16.2581881158197,6.057392597198486,1.6577277183532715,11.795713424682617
tft,IRL,2019,2022,3,7.51113888415304,6.030622482299805,1.5704433917999268,11.732629776000977
tft,IRL,2019,2023,4,-2.53637409313261,5.917670249938965,1.573612928390503,11.547478675842285
tft,IRL,2019,2024,5,2.59946721553708,5.662895202636719,1.7083148956298828,11.076501846313477
tft,IRN,2019,2020,1,4.44180865358672,3.4933855533599854,1.9940438270568848,5.36467981338501
tft,IRN,2019,2021,2,4.13089685034471,3.5370941162109375,2.1830594539642334,5.350776195526123
tft,IRN,2019,2022,3,4.35281087521344,3.4743943214416504,2.1629669666290283,5.440910339355469
tft,IRN,2019,2023,4,5.33235116079808,3.469388723373413,2.1974406242370605,5.345036029815674
tft,IRN,2019,2024,5,3.66312057949303,3.464144706726074,2.2454936504364014,5.1783881187438965
tft,IRQ,2019,2020,1,-12.0367930960454,1.7522954940795898,-1.8716139793395996,6.62758731842041
tft,IRQ,2019,2021,2,1.5021807095434,1.8708853721618652,-1.7485904693603516,6.663083076477051
tft,IRQ,2019,2022,3,7.95904804990212,1.8795785903930664,-1.8341445922851562,6.761441230773926
tft,IRQ,2019,2023,4,0.517705525140073,1.880828619003296,-1.859036922454834,6.75146484375
tft,IRQ,2019,2024,5,-1.54525198319173,1.8677573204040527,-1.837003231048584,6.7078399658203125
tft,ISL,2019,2020,1,-6.64587810456635,1.6612648963928223,-5.506924152374268,12.058199882507324
tft,ISL,2019,2021,2,5.18057190719905,1.9539403915405273,-5.238417148590088,12.521829605102539
tft,ISL,2019,2022,3,8.85729897856851,2.2512617111206055,-6.558162212371826,14.192706108093262
tft,ISL,2019,2023,4,5.0322597376242,1.986166000366211,-4.4981465339660645,10.520413398742676
tft,ISL,2019,2024,5,-1.2828764442695,0.9275226593017578,-9.046258926391602,8.06615161895752
tft,ISR,2019,2020,1,-1.80206927953466,2.4165239334106445,0.8153727054595947,4.229061126708984
tft,ISR,2019,2021,2,9.33534690236249,2.4737563133239746,0.9526517391204834,4.284085750579834
tft,ISR,2019,2022,3,6.36407234798706,2.503023862838745,0.9042739868164062,4.40899658203125
tft,ISR,2019,2023,4,2.06272504731618,2.5889668464660645,0.7365179061889648,4.631236553192139
tft,ISR,2019,2024,5,0.953618469238535,2.4753308296203613,0.9068930149078369,4.463906288146973
tft,ITA,2019,2020,1,-8.86822122185345,3.733051300048828,1.373769998550415,5.297239780426025
tft,ITA,2019,2021,2,8.93106210800055,3.8501572608947754,1.6105098724365234,5.182460784912109
tft,ITA,2019,2022,3,4.82117669913565,3.879702568054199,1.7102258205413818,5.2116618156433105
tft,ITA,2019,2023,4,0.922796543670316,3.8923563957214355,1.7617595195770264,5.226048946380615
tft,ITA,2019,2024,5,0.783039135276795,3.8953194618225098,1.7525293827056885,5.2443037033081055
tft,JPN,2019,2020,1,-4.28327942675573,-0.6695613861083984,-2.2733449935913086,1.3244332075119019
tft,JPN,2019,2021,2,3.56419531474475,-0.8121061325073242,-2.471363067626953,1.7821483612060547
tft,JPN,2019,2022,3,1.33164750653741,-0.9373245239257812,-2.800774574279785,2.3749351501464844
tft,JPN,2019,2023,4,0.720785304749811,-0.934302568435669,-2.85874080657959,2.681323766708374
tft,JPN,2019,2024,5,-0.240084236041696,-0.9814584255218506,-2.9509267807006836,2.8182780742645264
tft,KEN,2019,2020,1,-0.272766327438816,3.773975372314453,2.198593854904175,5.676290512084961
tft,KEN,2019,2021,2,7.59048947333467,3.653963088989258,2.0668420791625977,5.566228866577148
tft,KEN,2019,2022,3,4.85998104287999,3.434114456176758,1.8151588439941406,5.338446617126465
tft,KEN,2019,2023,4,5.71999241214208,3.28800630569458,1.6532139778137207,5.170474529266357
tft,KEN,2019,2024,5,4.66019594571891,3.1803598403930664,1.5582942962646484,5.015472888946533
tft,KGZ,2019,2020,1,-7.14897757727955,4.610713958740234,1.2367405891418457,9.266939163208008
tft,KGZ,2019,2021,2,5.50700762671923,4.601839065551758,0.6561174392700195,10.334444046020508
tft,KGZ,2019,2022,3,8.96750520041391,4.551830291748047,0.3769693374633789,10.656148910522461
tft,KGZ,2019,2023,4,9.0132928339342,4.480826377868652,0.26973724365234375,10.615277290344238
tft,KGZ,2019,2024,5,11.5397119406559,4.419188022613525,0.2322859764099121,10.502313613891602
tft,KHM,2019,2020,1,-3.55572193406549,7.422008514404297,3.3054723739624023,10.995012283325195
tft,KHM,2019,2021,2,3.08984284148661,7.5025835037231445,3.8732872009277344,10.016264915466309
tft,KHM,2019,2022,3,5.12990110773977,7.5551652908325195,4.052766799926758,9.758803367614746
tft,KHM,2019,2023,4,5.00733043811898,7.530912399291992,3.993983030319214,9.798995018005371
tft,KHM,2019,2024,5,6.0158145735202,7.436610221862793,3.7848947048187256,9.977890968322754
tft,KOR,2019,2020,1,-0.700242317542106,2.6218643188476562,-1.144826889038086,5.58588171005249
tft,KOR,2019,2021,2,4.61296795454287,3.0017991065979004,-0.4281773567199707,5.322011470794678
tft,KOR,2019,2022,3,2.72756456708991,3.0861058235168457,-0.3265972137451172,5.366017818450928
tft,KOR,2019,2023,4,1.58301467403629,3.0960159301757812,-0.29116392135620117,5.362017631530762
tft,KOR,2019,2024,5,2.00361101838986,3.1413354873657227,-0.18703556060791016,5.337443828582764
tft,KWT,2019,2020,1,-4.81731593381585,6.16426944732666,2.124265193939209,9.944540023803711
tft,KWT,2019,2021,2,1.67213054307859,6.276860237121582,2.86531925201416,9.223153114318848
tft,KWT,2019,2022,3,6.75866711966617,6.775345325469971,3.4846224784851074,10.681974411010742
tft,KWT,2019,2023,4,-1.64087799968877,6.7956061363220215,3.2107419967651367,11.054906845092773
tft,KWT,2019,2024,5,-1.47401818168846,6.673187732696533,4.272278785705566,9.892049789428711
tft,LBY,2019,2020,1,-29.4552967282824,-2.57413387298584,-10.540595054626465,8.513723373413086
tft,LBY,2019,2021,2,28.2996823429147,-2.240797519683838,-9.687202453613281,8.372026443481445
tft,LBY,2019,2022,3,-8.29981811198795,-2.271876811981201,-9.488147735595703,8.013630867004395
tft,LBY,2019,2023,4,10.2000497852517,-2.3009467124938965,-9.238357543945312,7.428108215332031
tft,LBY,2019,2024,5,1.89995052025442,-2.2841644287109375,-9.00680160522461,6.764395713806152
tft,LKA,2019,2020,1,-4.62451503712715,-1.151319980621338,-11.21025276184082,7.600817680358887
tft,LKA,2019,2021,2,4.2074764950026,0.19347190856933594,-6.25202751159668,10.036330223083496
tft,LKA,2019,2022,3,-7.34919311146656,-0.36006832122802734,-9.587480545043945,7.106296539306641
tft,LKA,2019,2023,4,-2.0289296690344,-0.17895936965942383,-10.178192138671875,7.231484413146973
tft,LKA,2019,2024,5,4.99241614398109,-0.16919469833374023,-10.228708267211914,7.269632339477539
tft,LUX,2019,2020,1,-0.510051634039826,5.629393100738525,2.904221296310425,9.228350639343262
tft,LUX,2019,2021,2,6.92973270801744,5.585193634033203,2.6033377647399902,9.476511001586914
tft,LUX,2019,2022,3,-1.09741256293819,5.551004886627197,2.5253560543060303,9.421451568603516
tft,LUX,2019,2023,4,0.0994370594039111,5.497278213500977,2.4961256980895996,9.337081909179688
tft,LUX,2019,2024,5,0.358614003982225,5.406693935394287,2.4915504455566406,9.189081192016602
tft,MAC,2019,2020,1,-54.4020925789353,2.83054256439209,-0.2551095485687256,7.259768962860107
tft,MAC,2019,2021,2,22.4622020023362,3.3397159576416016,0.14199161529541016,7.9023871421813965
tft,MAC,2019,2022,3,-18.956941494497,3.385770082473755,0.2274463176727295,7.7812347412109375
tft,MAC,2019,2023,4,75.3084184293413,3.300021171569824,0.3838024139404297,7.278980255126953
tft,MAC,2019,2024,5,7.84960207010525,3.22299861907959,0.5432746410369873,7.083371162414551
tft,MAR,2019,2020,1,-7.17820744246774,5.231921195983887,2.1547398567199707,9.151483535766602
tft,MAR,2019,2021,2,8.15473889823681,5.430990219116211,2.4439210891723633,9.349870681762695
tft,MAR,2019,2022,3,1.81269242194809,5.4375715255737305,2.5229530334472656,9.26945686340332
tft,MAR,2019,2023,4,3.65564411017931,5.425580024719238,2.586043357849121,9.136528015136719
tft,MAR,2019,2024,5,3.79336515978963,5.4348039627075195,2.654831886291504,8.915245056152344
tft,MDG,2019,2020,1,-7.13767162064489,4.263575553894043,2.3834922313690186,6.278564453125
tft,MDG,2019,2021,2,4.65068343174309,4.195072174072266,2.4010050296783447,6.128695487976074
tft,MDG,2019,2022,3,4.13753534956307,4.134166717529297,2.3723108768463135,6.024686336517334
tft,MDG,2019,2023,4,4.23086580696344,4.0744123458862305,2.330810070037842,5.92733907699585
tft,MDG,2019,2024,5,4.32283728087992,4.008703231811523,2.269895553588867,5.852015972137451
tft,MEX,2019,2020,1,-8.35403459379062,0.8853415250778198,-1.0729644298553467,2.810577869415283
tft,MEX,2019,2021,2,6.04848347173572,0.8798209428787231,-1.1464354991912842,2.7916460037231445
tft,MEX,2019,2022,3,3.70975708309098,0.9203560948371887,-1.001795768737793,2.8472487926483154
tft,MEX,2019,2023,4,3.1067964131456,0.9214748740196228,-0.9255986213684082,2.8561670780181885
tft,MEX,2019,2024,5,1.35057631384696,0.9176139831542969,-0.9051861763000488,2.8145182132720947
tft,MLI,2019,2020,1,-1.16910834857605,3.6430318355560303,1.6004853248596191,5.860813617706299
tft,MLI,2019,2021,2,3.10094124463507,3.582660675048828,1.6097888946533203,5.7382659912109375
tft,MLI,2019,2022,3,3.70319027585386,3.53896427154541,1.5921499729156494,5.670714378356934
tft,MLI,2019,2023,4,4.76394100040932,3.5253031253814697,1.617124319076538,5.6072516441345215
tft,MLI,2019,2024,5,5.01653579205785,3.4796628952026367,1.5885272026062012,5.543557167053223
tft,MLT,2019,2020,1,-3.45728232537419,5.57368278503418,-1.8118462562561035,15.73208999633789
tft,MLT,2019,2021,2,13.3509818925498,5.023603916168213,-2.9891090393066406,14.338476181030273
tft,MLT,2019,2022,3,2.59276776884379,5.291316032409668,-2.697312831878662,15.761104583740234
tft,MLT,2019,2023,4,10.6340558017004,5.219386100769043,-2.7800183296203613,15.212129592895508
tft,MLT,2019,2024,5,6.21275996991034,5.065365791320801,-2.8035926818847656,15.080085754394531
tft,MNG,2019,2020,1,-4.55775197583431,8.566328048706055,4.723246097564697,13.4569091796875
tft,MNG,2019,2021,2,1.63676957736662,9.303780555725098,5.514966011047363,14.08858871459961
tft,MNG,2019,2022,3,5.0327096366527,9.580513000488281,5.777635097503662,14.280477523803711
tft,MNG,2019,2023,4,7.4221127615025,9.777098655700684,5.755435466766357,14.84450912475586
tft,MNG,2019,2024,5,5.12204539122661,9.885466575622559,5.745856761932373,15.14703369140625
tft,MRT,2019,2020,1,-0.36065738652286,3.8878068923950195,0.39867496490478516,8.115363121032715
tft,MRT,2019,2021,2,0.7427154981402,4.034543991088867,0.8433389663696289,7.888795852661133
tft,MRT,2019,2022,3,6.7960049994761,3.9054973125457764,0.5739951133728027,8.063129425048828
tft,MRT,2019,2023,4,6.80949002457973,3.816342830657959,0.44657087326049805,8.113081932067871
tft,MRT,2019,2024,5,6.3076021190402,3.737074375152588,0.42610645294189453,7.955606460571289
tft,MUS,2019,2020,1,-14.1974358137792,2.161938190460205,-1.193392276763916,5.5396223068237305
tft,MUS,2019,2021,2,3.33809084057279,2.1174349784851074,-1.153801441192627,5.451998233795166
tft,MUS,2019,2022,3,8.3424438025047,2.080644130706787,-1.2276058197021484,5.406315803527832
tft,MUS,2019,2023,4,4.69918189687444,3.1623988151550293,1.0104656219482422,5.443531036376953
tft,MUS,2019,2024,5,4.94844235250574,1.9885854721069336,-1.3901400566101074,5.009337425231934
tft,MYS,2019,2020,1,-5.45684658426701,4.219930648803711,-1.1066279411315918,11.743712425231934
tft,MYS,2019,2021,2,3.31534954399166,4.144908428192139,-0.9571967124938965,10.980430603027344
tft,MYS,2019,2022,3,9.03173723044451,4.185330390930176,-0.7066154479980469,10.928655624389648
tft,MYS,2019,2023,4,3.5370638041057,4.220870018005371,-0.38390445709228516,10.78127384185791
tft,MYS,2019,2024,5,5.10545921024041,4.216947555541992,-0.27213001251220703,10.716668128967285
tft,NER,2019,2020,1,4.45481803846413,7.602626800537109,6.152591228485107,9.0260009765625
tft,NER,2019,2021,2,1.11520063869706,7.939110279083252,6.53797721862793,9.21073055267334
tft,NER,2019,2022,3,12.2215497467041,8.054952621459961,6.64977502822876,9.301970481872559
tft,NER,2019,2023,4,2.63516980401258,8.109480857849121,6.696507930755615,9.345458984375
tft,NER,2019,2024,5,8.32327058280728,8.1370210647583,6.720800399780273,9.364144325256348
tft,NIC,2019,2020,1,-2.23654176262323,1.2373263835906982,-1.2510302066802979,4.103227138519287
tft,NIC,2019,2021,2,10.4543887816515,1.3575505018234253,-0.9941616058349609,4.11363410949707
tft,NIC,2019,2022,3,3.55027477135765,1.3199336528778076,-0.9911887645721436,3.9924535751342773
tft,NIC,2019,2023,4,4.42779393186883,1.19461989402771,-1.106393575668335,3.8790059089660645
tft,NIC,2019,2024,5,3.58094495324541,1.0863240957260132,-1.2195324897766113,3.8509082794189453
tft,NLD,2019,2020,1,-3.86799714191608,0.3119056224822998,-3.1477465629577637,3.30143141746521
tft,NLD,2019,2021,2,6.27683593745216,0.46938228607177734,-2.673269748687744,2.867051362991333
tft,NLD,2019,2022,3,5.00723453395074,0.7576460838317871,-1.4699335098266602,3.486323356628418
tft,NLD,2019,2023,4,-0.598061017580278,0.7681562900543213,-1.3567938804626465,3.4376912117004395
tft,NLD,2019,2024,5,1.07383137319854,0.6817786693572998,-1.8289809226989746,2.716374635696411
tft,NOR,2019,2020,1,-1.36055723261586,1.9602842330932617,0.920311689376831,2.700699806213379
tft,NOR,2019,2021,2,4.14314688769197,2.0115392208099365,0.9748603105545044,2.7059683799743652
tft,NOR,2019,2022,3,4.08039770659241,2.103116512298584,1.3673620223999023,2.861541509628296
tft,NOR,2019,2023,4,0.352695581319765,2.0951082706451416,1.4009052515029907,2.974431276321411
tft,NOR,2019,2024,5,1.42372134524737,2.116082191467285,1.4423643350601196,2.8718676567077637
tft,NPL,2019,2020,1,-2.3696206292072,4.201992511749268,3.3931822776794434,5.334640026092529
tft,NPL,2019,2021,2,4.838149614115,4.329714775085449,3.7196226119995117,5.075392723083496
tft,NPL,2019,2022,3,5.6313145568451,4.400575637817383,3.7717366218566895,5.096931457519531
tft,NPL,2019,2023,4,1.98254843461849,4.450931549072266,3.522233486175537,5.3842387199401855
tft,NPL,2019,2024,5,3.67787459697703,4.459041118621826,3.5066912174224854,5.453822135925293
tft,NZL,2019,2020,1,-0.240916114758988,3.6544594764709473,2.3393614292144775,5.135393142700195
tft,NZL,2019,2021,2,4.29916005216614,4.024740695953369,2.6719870567321777,5.2086968421936035
tft,NZL,2019,2022,3,3.34521847792682,4.224157333374023,2.856104612350464,5.472565650939941
tft,NZL,2019,2023,4,1.81389453412019,3.799821615219116,2.54600191116333,5.488663673400879
tft,NZL,2019,2024,5,-0.868722371893952,4.196935653686523,2.849153757095337,5.632547855377197
tft,OMN,2019,2020,1,-3.37972052697999,1.4354130029678345,-2.236419439315796,5.642694473266602
tft,OMN,2019,2021,2,2.5821749892893,1.5886033773422241,-2.1864635944366455,5.948568344116211
tft,OMN,2019,2022,3,7.98570728354278,1.987067461013794,-1.7289373874664307,6.76048469543457
tft,OMN,2019,2023,4,1.41401383200161,2.1287946701049805,-1.6820909976959229,6.857497215270996
tft,OMN,2019,2024,5,1.63163231397978,2.046603202819824,-1.3972480297088623,6.4242048263549805
tft,PAK,2019,2020,1,-1.27408744338709,4.214423656463623,-1.4564790725708008,10.889923095703125
tft,PAK,2019,2021,2,6.51388575852702,4.941192626953125,-0.40369319915771484,11.358138084411621
tft,PAK,2019,2022,3,4.7781068690358,4.97279691696167,-0.25714111328125,11.272432327270508
tft,PAK,2019,2023,4,-0.414935997088406,4.7689208984375,-0.3325366973876953,11.002691268920898
tft,PAK,2019,2024,5,3.08176295579301,4.526909828186035,-0.5793476104736328,10.924942016601562
tft,PAN,2019,2020,1,-17.8211174074602,4.641983985900879,2.3809003829956055,7.891146659851074
tft,PAN,2019,2021,2,16.4669992022652,4.685098171234131,2.5032010078430176,7.81248664855957
tft,PAN,2019,2022,3,11.0386022908773,4.685486793518066,2.555443048477173,7.735732078552246
tft,PAN,2019,2023,4,7.16634016390665,4.658156394958496,2.5715529918670654,7.640822410583496
tft,PAN,2019,2024,5,2.74784148771307,4.644319534301758,2.5949010848999023,7.573163032531738
tft,PER,2019,2020,1,-10.9333065010382,4.518224239349365,2.3964643478393555,6.797502040863037
tft,PER,2019,2021,2,13.4166456126513,4.593618869781494,2.613962173461914,6.8230462074279785
tft,PER,2019,2022,3,2.81819976419922,4.533541679382324,2.5482959747314453,6.814611911773682
tft,PER,2019,2023,4,-0.350699814345759,4.511834144592285,2.5880093574523926,6.768881320953369
tft,PER,2019,2024,5,3.5152749274832,4.5035295486450195,2.6057488918304443,6.722594261169434
tft,PHL,2019,2020,1,-9.51829474045297,5.638936996459961,3.5183184146881104,7.152703285217285
tft,PHL,2019,2021,2,5.71473313185116,5.395932197570801,3.349090337753296,6.798986434936523
tft,PHL,2019,2022,3,7.58098212785563,5.0401811599731445,3.012532949447632,6.281508445739746
tft,PHL,2019,2023,4,5.51894967856043,4.698250770568848,2.696040153503418,5.898309230804443
tft,PHL,2019,2024,5,5.71474526128652,4.371744155883789,2.3652801513671875,5.694423198699951
tft,PRT,2019,2020,1,-8.20463159324387,2.9733805656433105,1.2498445510864258,4.129845142364502
tft,PRT,2019,2021,2,5.55875672070374,3.1523895263671875,1.9641084671020508,4.030248641967773
tft,PRT,2019,2022,3,6.98584137580278,3.233318328857422,2.2151591777801514,4.082729816436768
tft,PRT,2019,2023,4,3.09998745904281,3.2361855506896973,2.3183865547180176,4.470909118652344
tft,PRT,2019,2024,5,2.21459232301109,3.2374472618103027,2.4038238525390625,4.305653095245361
tft,PRY,2019,2020,1,-0.819785390971916,2.2484583854675293,0.6134757995605469,3.955665349960327
tft,PRY,2019,2021,2,3.99461510731535,2.3521368503570557,0.8891854286193848,4.126699447631836
tft,PRY,2019,2022,3,-0.0280771723899278,2.3466155529022217,0.8959710597991943,4.132397651672363
tft,PRY,2019,2023,4,5.28584584975323,2.3354570865631104,0.9122209548950195,4.070607662200928
tft,PRY,2019,2024,5,4.66914577981763,2.325584888458252,0.924750804901123,4.016735553741455
tft,QAT,2019,2020,1,-3.5576039896784,3.9318253993988037,-0.4150853157043457,9.793476104736328
tft,QAT,2019,2021,2,1.62684671918775,3.7909011840820312,-1.2015748023986816,9.925331115722656
tft,QAT,2019,2022,3,4.18500970982862,4.0574235916137695,-0.9797210693359375,10.411547660827637
tft,QAT,2019,2023,4,1.18715991623776,3.685277223587036,-0.933802604675293,9.18028450012207
tft,QAT,2019,2024,5,3.10963283242745,4.332408905029297,-0.8953213691711426,10.855440139770508
tft,RUS,2019,2020,1,-2.65365449695453,5.225632190704346,1.0405693054199219,9.039776802062988
tft,RUS,2019,2021,2,5.866491772979,4.993796348571777,0.9315462112426758,8.748832702636719
tft,RUS,2019,2022,3,-1.43537063467896,4.743779182434082,0.7599992752075195,8.257192611694336
tft,RUS,2019,2023,4,4.06661395813023,4.53223180770874,0.6282296180725098,7.8303070068359375
tft,RUS,2019,2024,5,4.92167966203073,4.352945327758789,0.5932683944702148,7.3947649002075195
tft,RWA,2019,2020,1,-2.77710485515125,3.794431686401367,0.5695422887802124,7.496895790100098
tft,RWA,2019,2021,2,8.41140448646523,4.186363220214844,1.410245656967163,6.985142707824707
tft,RWA,2019,2022,3,9.82497394651698,4.297533988952637,1.672011137008667,6.863856315612793
tft,RWA,2019,2023,4,8.55964292914153,4.337821960449219,1.7317185401916504,6.847131729125977
tft,RWA,2019,2024,5,7.22717103344534,4.351431846618652,1.7499103546142578,6.841261863708496
tft,SAU,2019,2020,1,-3.80478901996312,1.6752004623413086,-3.528576374053955,7.369748115539551
tft,SAU,2019,2021,2,6.51959698325419,1.0334010124206543,-5.990185260772705,6.065422058105469
tft,SAU,2019,2022,3,12.0005874752929,1.7612037658691406,-4.3765950202941895,8.763066291809082
tft,SAU,2019,2023,4,0.542592439393161,1.7286934852600098,-5.28131628036499,10.090202331542969
tft,SAU,2019,2024,5,2.64893068308965,1.7658700942993164,-5.978010654449463,11.265974998474121
tft,SDN,2019,2020,1,-3.62980082410752,4.204555511474609,-0.4873208999633789,9.242192268371582
tft,SDN,2019,2021,2,-1.8685204827207,4.471413612365723,0.05524444580078125,9.190601348876953
tft,SDN,2019,2022,3,-0.957816591119183,4.362061977386475,0.006710052490234375,8.940155029296875
tft,SDN,2019,2023,4,-29.4332716274387,3.8751983642578125,-0.2621269226074219,8.329118728637695
tft,SDN,2019,2024,5,-13.9643378424022,3.3732049465179443,-0.9157538414001465,7.856610298156738
tft,SEN,2019,2020,1,1.34207377285524,5.260395526885986,2.860565662384033,7.767548084259033
tft,SEN,2019,2021,2,6.5440010991951,5.922006130218506,3.555272102355957,8.210376739501953
tft,SEN,2019,2022,3,3.85043193752725,6.154170036315918,3.784426689147949,8.418455123901367
tft,SEN,2019,2023,4,4.25743083300657,6.259678840637207,3.9356095790863037,8.524627685546875
tft,SEN,2019,2024,5,6.46220577412338,6.309913635253906,4.0232415199279785,8.580289840698242
tft,SGP,2019,2020,1,-3.61084281729929,4.626020431518555,0.3288736343383789,10.165775299072266
tft,SGP,2019,2021,2,10.1410845197192,5.481592178344727,1.2402667999267578,11.868131637573242
tft,SGP,2019,2022,3,4.01027884472296,4.3388285636901855,-1.1920292377471924,12.220230102539062
tft,SGP,2019,2023,4,1.45026775889565,4.294064521789551,-1.4563877582550049,11.987953186035156
tft,SGP,2019,2024,5,5.3435120192366,3.263981580734253,-1.0980615615844727,9.079379081726074
tft,SLB,2019,2020,1,-3.38125925839405,1.8682646751403809,-1.6575870513916016,8.312997817993164
tft,SLB,2019,2021,2,-0.227975292792024,1.0359148979187012,-2.680739402770996,9.030061721801758
tft,SLB,2019,2022,3,-2.58448361755723,0.6814980506896973,-3.3528881072998047,9.458861351013184
tft,SLB,2019,2023,4,2.84111851154807,0.7831182479858398,-3.333306312561035,9.982894897460938
tft,SLB,2019,2024,5,2.99755987604104,1.2863564491271973,-2.8434581756591797,10.833301544189453
tft,SLV,2019,2020,1,-7.893101359867,2.492198944091797,-0.21522021293640137,5.079314708709717
tft,SLV,2019,2021,2,11.9047617015957,2.210980176925659,-0.4373435974121094,4.8989152908325195
tft,SLV,2019,2022,3,2.9546041089332,2.0034244060516357,-0.6478426456451416,4.70034122467041
tft,SLV,2019,2023,4,3.35508721646165,1.7386910915374756,-0.9412550926208496,4.474878311157227
tft,SLV,2019,2024,5,2.5904637107794,1.5976483821868896,-1.103583812713623,4.291759014129639
tft,SWE,2019,2020,1,-1.93379704032216,0.8639428615570068,-0.8774495124816895,2.999551773071289
tft,SWE,2019,2021,2,5.2258643028773,0.7590005397796631,-1.0538303852081299,2.364828586578369
tft,SWE,2019,2022,3,1.25543620445816,0.8250765800476074,-0.797379732131958,2.3631298542022705
tft,SWE,2019,2023,4,-0.204061304891439,0.7078977823257446,-1.2416939735412598,2.1863632202148438
tft,SWE,2019,2024,5,1.01779633304398,0.6700332164764404,-1.468794822692871,2.2195961475372314
tft,SYC,2019,2020,1,-11.7398608281732,3.0615432262420654,0.30124974250793457,6.68232536315918
tft,SYC,2019,2021,2,0.552281631207279,3.0661966800689697,0.07102274894714355,6.8891377449035645
tft,SYC,2019,2022,3,9.88048366355446,2.94041109085083,-0.13100528717041016,6.593332290649414
tft,SYC,2019,2023,4,5.17980996672414,2.9597322940826416,-0.18053913116455078,6.6973066329956055
tft,SYC,2019,2024,5,3.34667429007052,2.979979991912842,-0.04596734046936035,7.048335075378418
tft,TCD,2019,2020,1,-0.393646582380399,3.49863600730896,-0.15518856048583984,7.666714668273926
tft,TCD,2019,2021,2,0.293442648033434,3.245537757873535,-0.4881105422973633,7.695097923278809
tft,TCD,2019,2022,3,4.12969897668356,3.1523051261901855,-0.6427860260009766,7.740438461303711
tft,TCD,2019,2023,4,3.99861309461539,3.0893309116363525,-0.7219371795654297,7.585168838500977
tft,TCD,2019,2024,5,4.95210484607125,3.0462069511413574,-0.7279319763183594,7.42404842376709
tft,TGO,2019,2020,1,2.15900131150536,2.773247241973877,-1.2737321853637695,7.077705383300781
tft,TGO,2019,2021,2,5.13562929064506,2.5810422897338867,-1.3437352180480957,6.801197052001953
tft,TGO,2019,2022,3,6.29443692019429,2.2639036178588867,-1.628577709197998,6.438648223876953
tft,TGO,2019,2023,4,6.19762969378132,2.1056299209594727,-1.7725472450256348,6.2066650390625
tft,TGO,2019,2024,5,6.52651376797853,1.993099570274353,-1.8763585090637207,6.010321617126465
tft,THA,2019,2020,1,-6.09306312966953,2.861879348754883,0.11430811882019043,5.397372722625732
tft,THA,2019,2021,2,1.55858232076893,3.0013539791107178,0.5464386940002441,4.885056495666504
tft,THA,2019,2022,3,2.63784213566305,3.0453379154205322,0.6323502063751221,4.837794303894043
tft,THA,2019,2023,4,2.24883437970568,3.0541059970855713,0.6628618240356445,4.812066555023193
tft,THA,2019,2024,5,2.94859986593323,3.0542795658111572,0.681868314743042,4.791693210601807
tft,TON,2019,2020,1,1.80618715298932,2.106227397918701,-0.5983610153198242,6.186038017272949
tft,TON,2019,2021,2,-0.934919892094683,1.6235885620117188,-1.1631226539611816,6.422879695892334
tft,TON,2019,2022,3,-2.12854876486114,1.2807002067565918,-1.9937458038330078,6.3192033767700195
tft,TON,2019,2023,4,2.79014715494606,1.1957921981811523,-2.377756118774414,6.413776397705078
tft,TON,2019,2024,5,1.71653807667747,1.162104606628418,-2.2460222244262695,6.624083995819092
tft,TUN,2019,2020,1,-8.97512622934723,0.8074288964271545,-0.32078349590301514,1.9779449701309204
tft,TUN,2019,2021,2,4.73603648206102,0.7659149169921875,-0.554041862487793,1.8543509244918823
tft,TUN,2019,2022,3,2.75228761004381,0.7603528499603271,-0.5773730278015137,1.809887409210205
tft,TUN,2019,2023,4,0.184015548469745,0.7994319796562195,-0.4211292266845703,1.8269404172897339
tft,TUN,2019,2024,5,1.61444564976986,0.7812249064445496,-0.4711129665374756,1.75165855884552
tft,TUR,2019,2020,1,1.80306247087255,2.364150285720825,0.8159322738647461,4.381025314331055
tft,TUR,2019,2021,2,11.811094450607,2.5002803802490234,1.1847076416015625,4.220035076141357
tft,TUR,2019,2022,3,5.44122511322401,2.5078864097595215,1.252091407775879,4.199418544769287
tft,TUR,2019,2023,4,5.04512369812289,2.377685546875,0.5894842147827148,3.6187994480133057
tft,TUR,2019,2024,5,3.3276230893799,2.358344793319702,0.4242398738861084,3.605740785598755
tft,TZA,2019,2020,1,1.99196460647855,6.761875629425049,4.304861545562744,9.604448318481445
tft,TZA,2019,2021,2,4.32138429480482,6.952625274658203,4.905428409576416,9.058664321899414
tft,TZA,2019,2022,3,4.56600576430955,7.0248823165893555,5.001307487487793,9.081945419311523
tft,TZA,2019,2023,4,5.06952353203394,7.1883649826049805,4.834232330322266,9.894845008850098
tft,TZA,2019,2024,5,5.5263138305945,7.285739421844482,4.630459785461426,10.646827697753906
tft,UGA,2019,2020,1,2.95130642218098,5.653834342956543,2.6702165603637695,8.715968132019043
tft,UGA,2019,2021,2,3.53658034070898,6.397171974182129,3.525885581970215,9.132211685180664
tft,UGA,2019,2022,3,4.58802192181773,6.658172607421875,3.8149631023406982,9.3301420211792
tft,UGA,2019,2023,4,5.33697295511469,6.748714923858643,3.9314112663269043,9.387895584106445
tft,UGA,2019,2024,5,6.05558075875589,6.777099132537842,3.985675096511841,9.39620304107666
tft,UKR,2019,2020,1,-3.75281793983162,5.191863059997559,3.3827128410339355,6.752161979675293
tft,UKR,2019,2021,2,3.44562065945944,5.0832719802856445,3.368234634399414,6.5897393226623535
tft,UKR,2019,2022,3,-28.7585842155085,5.1310954093933105,3.3864521980285645,6.65602970123291
tft,UKR,2019,2023,4,5.53473354963334,5.100192070007324,3.3695461750030518,6.6154069900512695
tft,UKR,2019,2024,5,3.24811808426423,4.87228536605835,3.4963057041168213,6.064214706420898
tft,URY,2019,2020,1,-7.35732706897301,-3.137021064758301,-8.01703929901123,1.4065219163894653
tft,URY,2019,2021,2,5.84427325018082,-2.9188709259033203,-7.568273544311523,1.5748032331466675
tft,URY,2019,2022,3,4.60623000920732,-3.013331890106201,-7.691839218139648,1.3203948736190796
tft,URY,2019,2023,4,0.761749241321681,-3.128798007965088,-7.793124675750732,1.0214768648147583
tft,URY,2019,2024,5,3.32575905957381,-3.2831203937530518,-7.971375465393066,0.7814687490463257
tft,USA,2019,2020,1,-2.081375977796,1.9221869707107544,-0.25451207160949707,3.132775068283081
tft,USA,2019,2021,2,6.15202247867526,2.0002036094665527,-0.2489469051361084,3.2004575729370117
tft,USA,2019,2022,3,2.52421385073222,2.041144371032715,-0.20053911209106445,3.2639031410217285
tft,USA,2019,2023,4,2.93436322440155,2.094407081604004,-0.10674309730529785,3.414210796356201
tft,USA,2019,2024,5,2.79318715363841,2.1071910858154297,-0.1466829776763916,3.5388011932373047
tft,VNM,2019,2020,1,2.86541320912272,5.1051530838012695,3.2104482650756836,7.6153788566589355
tft,VNM,2019,2021,2,2.55372852648131,4.92486047744751,3.1699914932250977,7.353578567504883
tft,VNM,2019,2022,3,8.53750041218142,4.750702857971191,3.0702877044677734,7.086036205291748
tft,VNM,2019,2023,4,4.97865959483225,4.560683250427246,2.8345398902893066,6.951030731201172
tft,VNM,2019,2024,5,7.03955197123018,4.448991298675537,2.6854896545410156,6.893589973449707
tft,VUT,2019,2020,1,-5.72530282073851,4.128622055053711,2.1729612350463867,6.753166198730469
tft,VUT,2019,2021,2,-1.16332488626091,4.0147786140441895,1.972165584564209,6.983777046203613
tft,VUT,2019,2022,3,5.59195729750803,3.9802470207214355,1.895735740661621,7.016319274902344
tft,VUT,2019,2023,4,5.82973013269719,3.9394032955169678,1.8364362716674805,6.999569892883301
tft,VUT,2019,2024,5,3.76564827114278,3.9053125381469727,1.8157224655151367,6.982727527618408
tft,ZAF,2019,2020,1,-6.1689177146757,1.0710595846176147,-0.7777249813079834,2.9985296726226807
tft,ZAF,2019,2021,2,4.85864865060148,1.2314238548278809,-0.4787168502807617,3.263502359390259
tft,ZAF,2019,2022,3,2.05813661692193,1.2121416330337524,-0.5048878192901611,3.355790138244629
tft,ZAF,2019,2023,4,0.80610455095804,1.1909352540969849,-0.5149538516998291,3.3315913677215576
tft,ZAF,2019,2024,5,0.534843531905139,1.1776973009109497,-0.5001785755157471,3.2686805725097656
