model,country,origin_year,year,h,y_true,y_pred,q10,q90
rw_drift,ABW,1999,2000,1,7.62292064930222,0.0013427142783832835,,
rw_drift,ABW,1999,2001,2,4.1820016304779,-1.2353564135148334,,
rw_drift,ABW,1999,2002,3,-0.944953481157384,-2.47205554130805,,
rw_drift,ABW,1999,2003,4,1.11050459944282,-3.7087546691012667,,
rw_drift,ABW,1999,2004,5,7.29372807096192,-4.945453796894483,,
rw_drift,ALB,1999,2000,1,7.46285871776054,12.612122247101178,,
rw_drift,ALB,1999,2001,2,8.8637306604876,12.973516297354854,,
rw_drift,ALB,1999,2002,3,4.62839587394552,13.334910347608531,,
rw_drift,ALB,1999,2003,4,5.33326426009945,13.696304397862207,,
rw_drift,ALB,1999,2004,5,5.26626173860785,14.057698448115884,,
rw_drift,AUS,1999,2000,1,3.9160574881715,5.095256225991639,,
rw_drift,AUS,1999,2001,2,2.03145880248898,5.162292093477316,,
rw_drift,AUS,1999,2002,3,3.94980535772942,5.229327960962995,,
rw_drift,AUS,1999,2003,4,3.0912800997751,5.296363828448673,,
rw_drift,AUS,1999,2004,5,4.21894147547516,5.363399695934351,,
rw_drift,AUT,1999,2000,1,3.18952292988787,3.715186071030187,,
rw_drift,AUT,1999,2001,2,1.31698749571339,3.6684477901557337,,
rw_drift,AUT,1999,2002,3,1.48436877605324,3.6217095092812808,,
rw_drift,AUT,1999,2003,4,1.14156504542775,3.5749712284068274,,
rw_drift,AUT,1999,2004,5,2.56525534067859,3.5282329475323744,,
rw_drift,BEL,1999,2000,1,3.71670510672588,3.5049362799813175,,
rw_drift,BEL,1999,2001,2,1.09960362419645,3.467154571723415,,
rw_drift,BEL,1999,2002,3,1.70689430349601,3.4293728634655127,,
rw_drift,BEL,1999,2003,4,1.03795518162204,3.3915911552076103,,
rw_drift,BEL,1999,2004,5,3.57120671942319,3.353809446949708,,
rw_drift,BEN,1999,2000,1,5.85771420543269,5.3993485540344865,,
rw_drift,BEN,1999,2001,2,5.33313570603937,5.4572477360248035,,
rw_drift,BEN,1999,2002,3,4.64303087074482,5.5151469180151205,,
rw_drift,BEN,1999,2003,4,3.44357677591658,5.573046100005437,,
rw_drift,BEN,1999,2004,5,4.42968455385082,5.630945281995754,,
rw_drift,BFA,1999,2000,1,1.88847388906525,7.48343016489747,,
rw_drift,BFA,1999,2001,2,6.61340574539679,7.571622528675629,,
rw_drift,BFA,1999,2002,3,4.35296382988099,7.659814892453789,,
rw_drift,BFA,1999,2003,4,7.80249388870359,7.748007256231949,,
rw_drift,BFA,1999,2004,5,4.47845213670386,7.836199620010108,,
rw_drift,BGD,1999,2000,1,5.29329471892532,4.63362993575124,,
rw_drift,BGD,1999,2001,2,5.07728777526728,4.597103502681371,,
rw_drift,BGD,1999,2002,3,3.83312393993225,4.560577069611501,,
rw_drift,BGD,1999,2003,4,4.73956739963045,4.524050636541631,,
rw_drift,BGD,1999,2004,5,5.23953291029852,4.487524203471761,,
rw_drift,BGR,1999,2000,1,4.58722553234129,-9.134768376464065,,
rw_drift,BGR,1999,2001,2,3.82370222571771,-9.873449012662448,,
rw_drift,BGR,1999,2002,3,5.87193134676191,-10.612129648860833,,
rw_drift,BGR,1999,2003,4,5.23715282493174,-11.350810285059218,,
rw_drift,BGR,1999,2004,5,6.5104241389717,-12.089490921257603,,
rw_drift,BHR,1999,2000,1,5.30006940305884,4.396171651006408,,
rw_drift,BHR,1999,2001,2,2.49094875338352,4.4923450577490645,,
rw_drift,BHR,1999,2002,3,3.34855067103268,4.588518464491722,,
rw_drift,BHR,1999,2003,4,6.29644129075703,4.684691871234379,,
rw_drift,BHR,1999,2004,5,6.98096175867695,4.780865277977036,,
rw_drift,BHS,1999,2000,1,4.14841930754267,7.051393551521045,,
rw_drift,BHS,1999,2001,2,2.62600982683425,6.9586831962706786,,
rw_drift,BHS,1999,2002,3,2.70495624731029,6.865972841020313,,
rw_drift,BHS,1999,2003,4,-1.26491667612372,6.773262485769947,,
rw_drift,BHS,1999,2004,5,0.882373744518318,6.680552130519581,,
rw_drift,BLZ,1999,2000,1,12.2406120663359,9.542429391204415,,
rw_drift,BLZ,1999,2001,2,4.99356206143864,9.661664067643489,,
rw_drift,BLZ,1999,2002,3,5.39907320663811,9.780898744082563,,
rw_drift,BLZ,1999,2003,4,9.66522679614125,9.90013342052164,,
rw_drift,BLZ,1999,2004,5,4.78066505273344,10.019368096960713,,
rw_drift,BOL,1999,2000,1,2.50781081484664,0.3831377318745402,,
rw_drift,BOL,1999,2001,2,1.68379914527159,0.3393900854516384,,
rw_drift,BOL,1999,2002,3,2.48556576601922,0.2956424390287366,,
rw_drift,BOL,1999,2003,4,2.7113398065361,0.2518947926058348,,
rw_drift,BOL,1999,2004,5,4.1732955905708,0.208147146182933,,
rw_drift,BRA,1999,2000,1,4.38794944745618,0.25393592348968547,,
rw_drift,BRA,1999,2001,2,1.38989640095637,0.03993428050223791,,
rw_drift,BRA,1999,2002,3,3.05346185909312,-0.1740673624852096,,
rw_drift,BRA,1999,2003,4,1.14082899824888,-0.3880690054726572,,
rw_drift,BRA,1999,2004,5,5.75996463670954,-0.6020706484601048,,
rw_drift,BRN,1999,2000,1,3.47467627672586,4.465139401906487,,
rw_drift,BRN,1999,2001,2,1.4660608198711,4.669556641143025,,
rw_drift,BRN,1999,2002,3,3.9614389000248,4.8739738803795625,,
rw_drift,BRN,1999,2003,4,3.58342909978997,5.0783911196161,,
rw_drift,BRN,1999,2004,5,0.104538372603315,5.2828083588526376,,
rw_drift,BTN,1999,2000,1,3.35506838174288,8.173502912178913,,
rw_drift,BTN,1999,2001,2,7.32837435673082,8.363034030291534,,
rw_drift,BTN,1999,2002,3,10.4437797168913,8.552565148404156,,
rw_drift,BTN,1999,2003,4,7.78656040877364,8.742096266516779,,
rw_drift,BTN,1999,2004,5,5.15725736177561,8.9316273846294,,
rw_drift,BWA,1999,2000,1,1.98769583378552,9.75471325548734,,
rw_drift,BWA,1999,2001,2,0.250573949689084,9.842185808213623,,
rw_drift,BWA,1999,2002,3,6.06953087648317,9.929658360939904,,
rw_drift,BWA,1999,2003,4,4.62589474959299,10.017130913666186,,
rw_drift,BWA,1999,2004,5,2.70582170611173,10.104603466392467,,
rw_drift,CAF,1999,2000,1,-2.48943244028874,3.564354407121436,,
rw_drift,CAF,1999,2001,2,4.46473902640867,3.528733909920132,,
rw_drift,CAF,1999,2002,3,3.61654219150596,3.4931134127188277,,
rw_drift,CAF,1999,2003,4,-5.39748521855877,3.457492915517524,,
rw_drift,CAF,1999,2004,5,5.99488422798696,3.42187241831622,,
rw_drift,CAN,1999,2000,1,5.13853918994158,5.193048530601664,,
rw_drift,CAN,1999,2001,2,1.87509813099847,5.2450935767071085,,
rw_drift,CAN,1999,2002,3,2.99925533832644,5.297138622812553,,
rw_drift,CAN,1999,2003,4,1.8063851195103,5.3491836689179975,,
rw_drift,CAN,1999,2004,5,3.09236381038156,5.401228715023442,,
rw_drift,CHE,1999,2000,1,3.63321673470911,1.5747805258037961,,
rw_drift,CHE,1999,2001,2,1.59219781357001,1.469485340439502,,
rw_drift,CHE,1999,2002,3,0.380410134195273,1.364190155075208,,
rw_drift,CHE,1999,2003,4,-0.284222357857615,1.2588949697109142,,
rw_drift,CHE,1999,2004,5,2.58692895529093,1.1535997843466204,,
rw_drift,CHL,1999,2000,1,4.9716214882971,-0.4260851377106092,,
rw_drift,CHL,1999,2001,2,3.15403492459967,-0.5785388772275183,,
rw_drift,CHL,1999,2002,3,3.20279913520113,-0.7309926167444274,,
rw_drift,CHL,1999,2003,4,4.72324526861041,-0.8834463562613366,,
rw_drift,CHL,1999,2004,5,6.67425416822923,-1.0359000957782456,,
rw_drift,CHN,1999,2000,1,8.57357328926101,8.66258665310187,,
rw_drift,CHN,1999,2001,2,8.32404695347056,9.583935028922133,,
rw_drift,CHN,1999,2002,3,9.23604870383861,10.505283404742393,,
rw_drift,CHN,1999,2003,4,10.1138119025242,11.426631780562655,,
rw_drift,CHN,1999,2004,5,10.1404291872206,12.347980156382915,,
rw_drift,CIV,1999,2000,1,-0.265789462275947,0.9361837932307457,,
rw_drift,CIV,1999,2001,2,-2.15401249077306,0.7055076044387616,,
rw_drift,CIV,1999,2002,3,-2.73052647441901,0.47483141564677755,,
rw_drift,CIV,1999,2003,4,-4.72586658630681,0.2441552268547934,,
rw_drift,CIV,1999,2004,5,3.18503822575397,0.013479038062809368,,
rw_drift,CMR,1999,2000,1,3.83241779430614,4.598873258522977,,
rw_drift,CMR,1999,2001,2,4.32426119221549,4.686442295638643,,
rw_drift,CMR,1999,2002,3,4.47702683369155,4.774011332754309,,
rw_drift,CMR,1999,2003,4,5.45315368881347,4.8615803698699755,,
rw_drift,CMR,1999,2004,5,7.04886281858374,4.949149406985642,,
rw_drift,COG,1999,2000,1,7.5759803952642,-2.8699079392536255,,
rw_drift,COG,1999,2001,2,3.80260189913561,-3.1576165203698205,,
rw_drift,COG,1999,2002,3,4.58187006108889,-3.445325101486016,,
rw_drift,COG,1999,2003,4,0.813264076303781,-3.733033682602211,,
rw_drift,COG,1999,2004,5,3.47663162118089,-4.0207422637184065,,
rw_drift,COL,1999,2000,1,2.92486148176778,-4.4485739852610635,,
rw_drift,COL,1999,2001,2,1.67789830787579,-4.693132728072657,,
rw_drift,COL,1999,2002,3,2.50398046659659,-4.93769147088425,,
rw_drift,COL,1999,2003,4,3.91827190322513,-5.182250213695843,,
rw_drift,COL,1999,2004,5,5.33302206759905,-5.426808956507436,,
rw_drift,COM,1999,2000,1,-1.00701887109655,2.544114346133713,,
rw_drift,COM,1999,2001,2,5.41959971808741,2.3905422281790356,,
rw_drift,COM,1999,2002,3,4.59768263263243,2.236970110224359,,
rw_drift,COM,1999,2003,4,1.93442812313498,2.0833979922696817,,
rw_drift,COM,1999,2004,5,3.10041210399676,1.9298258743150045,,
rw_drift,CRI,1999,2000,1,3.80207210664838,4.207498454593497,,
rw_drift,CRI,1999,2001,2,3.49117013515725,4.267196451983994,,
rw_drift,CRI,1999,2002,3,3.41687615891895,4.3268944493744925,,
rw_drift,CRI,1999,2003,4,4.31718000096654,4.38659244676499,,
rw_drift,CRI,1999,2004,5,4.42459978667458,4.446290444155487,,
rw_drift,CYP,1999,2000,1,5.96530445494226,4.3341139349063225,,
rw_drift,CYP,1999,2001,2,3.95256258200938,3.670273174983465,,
rw_drift,CYP,1999,2002,3,3.72297491128981,3.006432415060607,,
rw_drift,CYP,1999,2003,4,2.62329962315329,2.3425916551377495,,
rw_drift,CYP,1999,2004,5,5.02627226665527,1.678750895214892,,
rw_drift,DEU,1999,2000,1,2.8765231247659,2.0724946538518596,,
rw_drift,DEU,1999,2001,2,1.63614170690956,2.015419144726059,,
rw_drift,DEU,1999,2002,3,-0.228255715793637,1.9583436356002586,,
rw_drift,DEU,1999,2003,4,-0.529801394291297,1.901268126474458,,
rw_drift,DEU,1999,2004,5,1.16208684507278,1.8441926173486576,,
rw_drift,DNK,1999,2000,1,3.72400899471576,2.877528334882789,,
rw_drift,DNK,1999,2001,2,0.95003224600012,2.7877513071952884,,
rw_drift,DNK,1999,2002,3,0.456530018779986,2.697974279507788,,
rw_drift,DNK,1999,2003,4,0.441091006625101,2.608197251820287,,
rw_drift,DNK,1999,2004,5,2.77635180744053,2.518420224132786,,
rw_drift,DOM,1999,2000,1,4.65172550299128,6.174135486836156,,
rw_drift,DOM,1999,2001,2,2.46937023763239,6.391760723676882,,
rw_drift,DOM,1999,2002,3,4.48650367045651,6.609385960517607,,
rw_drift,DOM,1999,2003,4,-1.34935744782766,6.827011197358333,,
rw_drift,DOM,1999,2004,5,2.58556667449577,7.044636434199059,,
rw_drift,DZA,1999,2000,1,3.80000000158476,3.6422500499795327,,
rw_drift,DZA,1999,2001,2,2.99999999863043,4.084498546763605,,
rw_drift,DZA,1999,2002,3,5.40000000000001,4.526747043547678,,
rw_drift,DZA,1999,2003,4,6.50000000062043,4.9689955403317505,,
rw_drift,DZA,1999,2004,5,4.49999999976698,5.411244037115823,,
rw_drift,ECU,1999,2000,1,1.09180164720277,-4.99895955712088,,
rw_drift,ECU,1999,2001,2,4.20627185748789,-5.258533260607941,,
rw_drift,ECU,1999,2002,3,4.92809549611376,-5.518106964095002,,
rw_drift,ECU,1999,2003,4,2.88450036512064,-5.777680667582063,,
rw_drift,ECU,1999,2004,5,6.83239736646514,-6.037254371069123,,
rw_drift,EGY,1999,2000,1,6.37000382991766,6.076921012076894,,
rw_drift,EGY,1999,2001,2,3.53525197391507,6.100403239478238,,
rw_drift,EGY,1999,2002,3,2.39020402675627,6.123885466879582,,
rw_drift,EGY,1999,2003,4,3.19345473756772,6.147367694280926,,
rw_drift,EGY,1999,2004,5,4.09207161019908,6.17084992168227,,
rw_drift,ESP,1999,2000,1,5.20064125553942,4.213344163655794,,
rw_drift,ESP,1999,2001,2,3.91908880808811,4.017822874252348,,
rw_drift,ESP,1999,2002,3,2.75545611564098,3.8223015848489013,,
rw_drift,ESP,1999,2003,4,2.9392895953076,3.6267802954454553,,
rw_drift,ESP,1999,2004,5,3.1145314799161,3.431259006042009,,
rw_drift,FIN,1999,2000,1,5.75373770498848,4.304665189042601,,
rw_drift,FIN,1999,2001,2,2.64026205699308,4.220049674338513,,
rw_drift,FIN,1999,2002,3,1.68732644358099,4.135434159634425,,
rw_drift,FIN,1999,2003,4,2.01179992738312,4.050818644930337,,
rw_drift,FIN,1999,2004,5,4.00537952277651,3.9662031302262486,,
rw_drift,FJI,1999,2000,1,-1.69999776168213,8.93900979742198,,
rw_drift,FJI,1999,2001,2,2.00000027123612,9.078020766799991,,
rw_drift,FJI,1999,2002,3,3.19999861722759,9.217031736178,,
rw_drift,FJI,1999,2003,4,0.999998995078172,9.35604270555601,,
rw_drift,FJI,1999,2004,5,5.30000086613597,9.49505367493402,,
rw_drift,FRA,1999,2000,1,4.14099996402915,3.3585944730494326,,
rw_drift,FRA,1999,2001,2,1.89946701186636,3.317880858004455,,
rw_drift,FRA,1999,2002,3,1.06775027069419,3.277167242959478,,
rw_drift,FRA,1999,2003,4,0.967827182558352,3.2364536279145004,,
rw_drift,FRA,1999,2004,5,2.86825052501032,3.195740012869523,,
rw_drift,GAB,1999,2000,1,-1.88296639760897,-9.556292959909847,,
rw_drift,GAB,1999,2001,2,2.13523342197423,-10.179963117518643,,
rw_drift,GAB,1999,2002,3,-0.249033168543434,-10.803633275127439,,
rw_drift,GAB,1999,2003,4,2.2473300115045,-11.427303432736235,,
rw_drift,GAB,1999,2004,5,0.689543058464849,-12.05097359034503,,
rw_drift,GBR,1999,2000,1,4.52438074810904,2.9508572376339117,,
rw_drift,GBR,1999,2001,2,2.39102229602824,2.9572557767198435,,
rw_drift,GBR,1999,2002,3,1.70902736258567,2.9636543158057753,,
rw_drift,GBR,1999,2003,4,3.21851612669614,2.970052854891707,,
rw_drift,GBR,1999,2004,5,2.32601853325993,2.976451393977639,,
rw_drift,GEO,1999,2000,1,1.84038117927339,2.8146997528130027,,
rw_drift,GEO,1999,2001,2,4.80729867243699,2.7621038310763253,,
rw_drift,GEO,1999,2002,3,5.47402488700408,2.709507909339648,,
rw_drift,GEO,1999,2003,4,11.0570310020104,2.6569119876029705,,
rw_drift,GEO,1999,2004,5,5.79268292682926,2.604316065866293,,
rw_drift,GHA,1999,2000,1,3.70000008164408,4.4255316362641235,,
rw_drift,GHA,1999,2001,2,4.00000012807919,4.451066447075288,,
rw_drift,GHA,1999,2002,3,4.49999955900331,4.476601257886451,,
rw_drift,GHA,1999,2003,4,5.200000133101,4.502136068697616,,
rw_drift,GHA,1999,2004,5,5.59999999077445,4.527670879508779,,
rw_drift,GMB,1999,2000,1,5.50000021632955,6.5999990204084265,,
rw_drift,GMB,1999,2001,2,5.80000024323377,6.799998990723833,,
rw_drift,GMB,1999,2002,3,-3.25000014970206,6.999998961039241,,
rw_drift,GMB,1999,2003,4,6.86999962173842,7.1999989313546475,,
rw_drift,GMB,1999,2004,5,7.05000000064635,7.399998901670054,,
rw_drift,GNB,1999,2000,1,1.10027815777423,17.555235152419005,,
rw_drift,GNB,1999,2001,2,4.7859716500482,18.295449035547513,,
rw_drift,GNB,1999,2002,3,3.65393603642713,19.035662918676017,,
rw_drift,GNB,1999,2003,4,-0.285931052286514,19.77587680180452,,
rw_drift,GNB,1999,2004,5,1.17189152277038,20.516090684933026,,
rw_drift,GRC,1999,2000,1,4.13782699405849,2.381284228947778,,
rw_drift,GRC,1999,2001,2,4.65041459442163,2.1037828346837157,,
rw_drift,GRC,1999,2002,3,4.68313727063017,1.8262814404196537,,
rw_drift,GRC,1999,2003,4,5.79682274294369,1.5487800461555916,,
rw_drift,GRC,1999,2004,5,5.37786634595851,1.2712786518915296,,
rw_drift,GTM,1999,2000,1,3.6088687174876,3.835181763646106,,
rw_drift,GTM,1999,2001,2,2.33257486608854,3.823301338387112,,
rw_drift,GTM,1999,2002,3,3.83928708556792,3.811420913128118,,
rw_drift,GTM,1999,2003,4,2.56037766801896,3.7995404878691237,,
rw_drift,GTM,1999,2004,5,3.13791683609193,3.7876600626101293,,
rw_drift,HKG,1999,2000,1,7.66344398397743,2.188225793876259,,
rw_drift,HKG,1999,2001,2,0.560867137855524,1.8697355393049975,,
rw_drift,HKG,1999,2002,3,1.6567016736435,1.5512452847337361,,
rw_drift,HKG,1999,2003,4,3.05635886663597,1.2327550301624748,,
rw_drift,HKG,1999,2004,5,8.70006555836002,0.9142647755912134,,
rw_drift,HND,1999,2000,1,9.61221879337278,11.83671002719506,,
rw_drift,HND,1999,2001,2,2.72319327321379,12.09755990952242,,
rw_drift,HND,1999,2002,3,3.75433786119939,12.35840979184978,,
rw_drift,HND,1999,2003,4,4.54703805165397,12.61925967417714,,
rw_drift,HND,1999,2004,5,6.23230296069102,12.8801095565045,,
rw_drift,HTI,1999,2000,1,0.870059259424892,2.85872770263638,,
rw_drift,HTI,1999,2001,2,-0.342747883252144,3.0072073947877698,,
rw_drift,HTI,1999,2002,3,1.05182013450109,3.15568708693916,,
rw_drift,HTI,1999,2003,4,3.48077973188326,3.30416677909055,,
rw_drift,HTI,1999,2004,5,-1.3178567596495,3.4526464712419394,,
rw_drift,HUN,1999,2000,1,4.40937501806403,3.0435859611715257,,
rw_drift,HUN,1999,2001,2,4.06202617226026,3.001113806460841,,
rw_drift,HUN,1999,2002,3,4.73006530805553,2.9586416517501566,,
rw_drift,HUN,1999,2003,4,3.93877761242727,2.9161694970394723,,
rw_drift,HUN,1999,2004,5,4.96312536156307,2.873697342328788,,
rw_drift,IDN,1999,2000,1,4.9200677470169,0.6608755625071632,,
rw_drift,IDN,1999,2001,2,3.64346644721492,0.5306250430158563,,
rw_drift,IDN,1999,2002,3,4.49947539085764,0.4003745235245495,,
rw_drift,IDN,1999,2003,4,4.78036912167654,0.27012400403324266,,
rw_drift,IDN,1999,2004,5,5.03087394501685,0.13987348454193582,,
rw_drift,IND,1999,2000,1,3.84099115686554,8.980571693468606,,
rw_drift,IND,1999,2001,2,4.82396626397303,9.115387825796052,,
rw_drift,IND,1999,2002,3,3.80397532120038,9.250203958123498,,
rw_drift,IND,1999,2003,4,7.86038147545045,9.385020090450944,,
rw_drift,IND,1999,2004,5,7.92293661307978,9.51983622277839,,
rw_drift,IRL,1999,2000,1,9.40352476399653,10.674983444654526,,
rw_drift,IRL,1999,2001,2,5.30582133514299,10.820081246602854,,
rw_drift,IRL,1999,2002,3,5.89936506079005,10.96517904855118,,
rw_drift,IRL,1999,2003,4,3.01383869396012,11.110276850499506,,
rw_drift,IRL,1999,2004,5,6.78813990621356,11.255374652447834,,
rw_drift,IRN,1999,2000,1,5.84552747578209,1.781953545101209,,
rw_drift,IRN,1999,2001,2,2.39217271207868,1.561210857668068,,
rw_drift,IRN,1999,2002,3,8.07882927975243,1.3404681702349273,,
rw_drift,IRN,1999,2003,4,8.6392983972006,1.1197254828017864,,
rw_drift,IRN,1999,2004,5,4.33666597851041,0.8989827953686456,,
rw_drift,IRQ,1999,2000,1,16.7961344439661,17.850023066725395,,
rw_drift,IRQ,1999,2001,2,1.76660876568174,18.11987575906289,,
rw_drift,IRQ,1999,2002,3,-8.20370481187175,18.389728451400387,,
rw_drift,IRQ,1999,2003,4,-36.6567804383165,18.65958114373788,,
rw_drift,IRQ,1999,2004,5,53.3855472887501,18.929433836075376,,
rw_drift,ISL,1999,2000,1,4.90518213950493,4.00251845932464,,
rw_drift,ISL,1999,2001,2,3.84093935332692,4.10704929353912,,
rw_drift,ISL,1999,2002,3,0.542286728290463,4.2115801277536,,
rw_drift,ISL,1999,2003,4,2.28136971847135,4.3161109619680795,,
rw_drift,ISL,1999,2004,5,7.62260520494142,4.42064179618256,,
rw_drift,ISR,1999,2000,1,8.59152200608253,3.0800544192464563,,
rw_drift,ISR,1999,2001,2,0.270471415054473,2.8717509454476424,,
rw_drift,ISR,1999,2002,3,-0.152880392675172,2.663447471648828,,
rw_drift,ISR,1999,2003,4,1.43455918035305,2.4551439978500147,,
rw_drift,ISR,1999,2004,5,4.64944459908543,2.2468405240512004,,
rw_drift,ITA,1999,2000,1,3.88209885062652,1.5061690953167854,,
rw_drift,ITA,1999,2001,2,2.00643329837733,1.334346611199351,,
rw_drift,ITA,1999,2002,3,0.26992966378873,1.1625241270819164,,
rw_drift,ITA,1999,2003,4,0.0665538088732092,0.9907016429644818,,
rw_drift,ITA,1999,2004,5,1.4740217064723,0.8188791588470473,,
rw_drift,JPN,1999,2000,1,2.97832688768516,-0.6736829448783102,,
rw_drift,JPN,1999,2001,2,0.284608556379041,-0.9997654910808823,,
rw_drift,JPN,1999,2002,3,0.0849888050363319,-1.3258480372834545,,
rw_drift,JPN,1999,2003,4,1.38010935830795,-1.6519305834860267,,
rw_drift,JPN,1999,2004,5,2.11294823723127,-1.9780131296885988,,
rw_drift,KEN,1999,2000,1,0.599695390807426,2.570652371512032,,
rw_drift,KEN,1999,2001,2,3.77990649795343,2.8359161477999444,,
rw_drift,KEN,1999,2002,3,0.546859530175595,3.101179924087857,,
rw_drift,KEN,1999,2003,4,2.93247554570904,3.3664437003757692,,
rw_drift,KEN,1999,2004,5,5.10429977629738,3.6317074766636814,,
rw_drift,KGZ,1999,2000,1,5.44333663288322,3.685441152068275,,
rw_drift,KGZ,1999,2001,2,5.32162141190466,3.715092904388549,,
rw_drift,KGZ,1999,2002,3,-0.0173246130360667,3.744744656708824,,
rw_drift,KGZ,1999,2003,4,7.03029319731168,3.774396409029099,,
rw_drift,KGZ,1999,2004,5,7.02681242497607,3.8040481613493737,,
rw_drift,KHM,1999,2000,1,9.99358032292079,13.257789013617183,,
rw_drift,KHM,1999,2001,2,7.38971065070517,13.810196889184565,,
rw_drift,KHM,1999,2002,3,6.26507280509637,14.362604764751948,,
rw_drift,KHM,1999,2003,4,10.2836813071691,14.91501264031933,,
rw_drift,KHM,1999,2004,5,9.45769481103929,15.467420515886714,,
rw_drift,KOR,1999,2000,1,9.2018583880479,11.740864945633298,,
rw_drift,KOR,1999,2001,2,4.72593560322356,11.864466935307496,,
rw_drift,KOR,1999,2002,3,7.74399895319569,11.988068924981693,,
rw_drift,KOR,1999,2003,4,3.07472661826947,12.11167091465589,,
rw_drift,KOR,1999,2004,5,5.1836368597334,12.235272904330088,,
rw_drift,KWT,1999,2000,1,4.69458187079211,-2.1044623416220687,,
rw_drift,KWT,1999,2001,2,0.213332576499354,-2.419915558743347,,
rw_drift,KWT,1999,2002,3,3.01428315192251,-2.7353687758646257,,
rw_drift,KWT,1999,2003,4,17.3260204175143,-3.050821992985904,,
rw_drift,KWT,1999,2004,5,10.2402980586354,-3.3662752101071827,,
rw_drift,LBY,1999,2000,1,3.6792704082,0.5089712401983288,,
rw_drift,LBY,1999,2001,2,-1.76283887062603,0.26828322279270556,,
rw_drift,LBY,1999,2002,3,-0.958897332849631,0.027595205387082267,,
rw_drift,LBY,1999,2003,4,13.0160372478013,-0.2130928120185409,,
rw_drift,LBY,1999,2004,5,4.46163899648637,-0.4537808294241641,,
rw_drift,LKA,1999,2000,1,6.00003315828934,4.31358160462155,,
rw_drift,LKA,1999,2001,2,-1.54540813366026,4.326622711109371,,
rw_drift,LKA,1999,2002,3,3.96467568513113,4.339663817597192,,
rw_drift,LKA,1999,2003,4,5.9402690780223,4.352704924085013,,
rw_drift,LKA,1999,2004,5,5.44506127885352,4.365746030572834,,
rw_drift,LUX,1999,2000,1,6.93809504692074,8.290510307120313,,
rw_drift,LUX,1999,2001,2,3.07427520210337,8.404882843608183,,
rw_drift,LUX,1999,2002,3,3.22528846998354,8.519255380096055,,
rw_drift,LUX,1999,2003,4,2.6192502126754,8.633627916583928,,
rw_drift,LUX,1999,2004,5,4.23067892192488,8.748000453071798,,
rw_drift,MAC,1999,2000,1,5.74714593475937,-3.1324776457639287,,
rw_drift,MAC,1999,2001,2,2.88824010651439,-3.9063631590226775,,
rw_drift,MAC,1999,2002,3,8.90480904902596,-4.680248672281426,,
rw_drift,MAC,1999,2003,4,11.6433551416587,-5.454134185540175,,
rw_drift,MAC,1999,2004,5,26.6368742306114,-6.228019698798924,,
rw_drift,MAR,1999,2000,1,2.58218091499747,1.436693355940678,,
rw_drift,MAR,1999,2001,2,7.72182519577728,1.1763252346247564,,
rw_drift,MAR,1999,2002,3,3.73019737485745,0.9159571133088344,,
rw_drift,MAR,1999,2003,4,6.17110214953244,0.6555889919929125,,
rw_drift,MAR,1999,2004,5,4.57138016516208,0.39522087067699063,,
rw_drift,MDG,1999,2000,1,4.45685893956946,4.768979518020808,,
rw_drift,MDG,1999,2001,2,5.98023576982733,4.838731999236407,,
rw_drift,MDG,1999,2002,3,-12.4079711055149,4.908484480452005,,
rw_drift,MDG,1999,2003,4,9.78489212474175,4.978236961667603,,
rw_drift,MDG,1999,2004,5,5.25700362208742,5.047989442883201,,
rw_drift,MEX,1999,2000,1,5.02928399378261,2.6959522454341283,,
rw_drift,MEX,1999,2001,2,-0.450845253215945,2.6368740978626164,,
rw_drift,MEX,1999,2002,3,-0.236588001922641,2.5777959502911045,,
rw_drift,MEX,1999,2003,4,1.18554486709559,2.5187178027195927,,
rw_drift,MEX,1999,2004,5,3.56544102622887,2.459639655148081,,
rw_drift,MLI,1999,2000,1,-0.736019992224286,4.738055683474997,,
rw_drift,MLI,1999,2001,2,15.806031742271,4.770232104943344,,
rw_drift,MLI,1999,2002,3,3.03627540738884,4.802408526411691,,
rw_drift,MLI,1999,2003,4,9.79712256086644,4.834584947880038,,
rw_drift,MLI,1999,2004,5,1.47732490290102,4.866761369348385,,
rw_drift,MLT,1999,2000,1,19.6812693530689,4.800902814329144,,
rw_drift,MLT,1999,2001,2,-0.757203651807174,4.881830717848138,,
rw_drift,MLT,1999,2002,3,2.74113503379645,4.962758621367133,,
rw_drift,MLT,1999,2003,4,3.69331066307235,5.043686524886127,,
rw_drift,MLT,1999,2004,5,0.407354423655889,5.124614428405121,,
rw_drift,MNG,1999,2000,1,1.14606213709108,2.760265063557063,,
rw_drift,MNG,1999,2001,2,2.95271054338117,2.450161116251466,,
rw_drift,MNG,1999,2002,3,4.73297846590111,2.1400571689458685,,
rw_drift,MNG,1999,2003,4,7.00463457384886,1.8299532216402716,,
rw_drift,MNG,1999,2004,5,10.6254059599309,1.5198492743346745,,
rw_drift,MRT,1999,2000,1,-3.91802587923293,3.7528153487533022,,
rw_drift,MRT,1999,2001,2,-0.799493815789347,3.8324523742825845,,
rw_drift,MRT,1999,2002,3,1.38148396199058,3.912089399811867,,
rw_drift,MRT,1999,2003,4,6.92826955106302,3.9917264253411493,,
rw_drift,MRT,1999,2004,5,4.7327579245203,4.0713634508704315,,
rw_drift,MUS,1999,2000,1,8.20279174865273,2.0783491164579457,,
rw_drift,MUS,1999,2001,2,3.3475407273143,1.5457658887859416,,
rw_drift,MUS,1999,2002,3,1.61491865862438,1.0131826611139374,,
rw_drift,MUS,1999,2003,4,5.9254454894774,0.48059943344193323,,
rw_drift,MUS,1999,2004,5,4.33001985464323,-0.051983794230070934,,
rw_drift,MYS,1999,2000,1,8.85886816969386,6.099180905584659,,
rw_drift,MYS,1999,2001,2,0.517675319192861,6.060749800592399,,
rw_drift,MYS,1999,2002,3,5.39098830692797,6.022318695600139,,
rw_drift,MYS,1999,2003,4,5.7884992858875,5.983887590607879,,
rw_drift,MYS,1999,2004,5,6.78343772370305,5.945456485615619,,
rw_drift,NER,1999,2000,1,-1.20847774100575,-0.34498240093023985,,
rw_drift,NER,1999,2001,2,7.26813490213235,-0.47040228394387973,,
rw_drift,NER,1999,2002,3,4.91847057594622,-0.5958221669575196,,
rw_drift,NER,1999,2003,4,2.1706103837418,-0.7212420499711594,,
rw_drift,NER,1999,2004,5,0.363801578722132,-0.8466619329847992,,
rw_drift,NIC,1999,2000,1,4.10159025073438,7.023818544160196,,
rw_drift,NIC,1999,2001,2,2.96084349057273,7.011666624818383,,
rw_drift,NIC,1999,2002,3,0.753938876079573,6.999514705476569,,
rw_drift,NIC,1999,2003,4,2.52073289551447,6.987362786134756,,
rw_drift,NIC,1999,2004,5,5.31217056950739,6.975210866792942,,
rw_drift,NLD,1999,2000,1,4.21970034558892,5.168284157612194,,
rw_drift,NLD,1999,2001,2,2.32358454925847,5.293226148708759,,
rw_drift,NLD,1999,2002,3,0.24582951723049,5.418168139805323,,
rw_drift,NLD,1999,2003,4,0.0978549395212411,5.543110130901888,,
rw_drift,NLD,1999,2004,5,2.01628331561487,5.668052121998453,,
rw_drift,NOR,1999,2000,1,3.443416131481,2.074961691434744,,
rw_drift,NOR,1999,2001,2,2.1634350595868,1.967311079906879,,
rw_drift,NOR,1999,2002,3,1.45747886087304,1.8596604683790134,,
rw_drift,NOR,1999,2003,4,1.09635781210122,1.752009856851148,,
rw_drift,NOR,1999,2004,5,4.33015597691212,1.6443592453232823,,
rw_drift,NPL,1999,2000,1,6.19999998192236,4.47847610432336,,
rw_drift,NPL,1999,2001,2,4.79989214255407,4.544378928232731,,
rw_drift,NPL,1999,2002,3,0.120143177369414,4.610281752142101,,
rw_drift,NPL,1999,2003,4,3.94503776051116,4.676184576051471,,
rw_drift,NPL,1999,2004,5,4.68260325152944,4.742087399960841,,
rw_drift,NZL,1999,2000,1,2.86879087314065,5.437560934429866,,
rw_drift,NZL,1999,2001,2,3.41557461751114,5.491968914114082,,
rw_drift,NZL,1999,2002,3,4.71514593471419,5.546376893798299,,
rw_drift,NZL,1999,2003,4,4.72587484712128,5.600784873482515,,
rw_drift,NZL,1999,2004,5,4.09053577279863,5.6551928531667315,,
rw_drift,OMN,1999,2000,1,6.19241063695442,0.27543751926027155,,
rw_drift,OMN,1999,2001,2,4.61316649389876,0.25327934272948305,,
rw_drift,OMN,1999,2002,3,-0.784165786429256,0.2311211661986946,,
rw_drift,OMN,1999,2003,4,-2.19466567976842,0.2089629896679061,,
rw_drift,OMN,1999,2004,5,1.99251510973346,0.18680481313711766,,
rw_drift,PAK,1999,2000,1,4.2600880111325,3.5988902741729114,,
rw_drift,PAK,1999,2001,2,3.65135017083765,3.5376478089134626,,
rw_drift,PAK,1999,2002,3,2.59481668445784,3.4764053436540143,,
rw_drift,PAK,1999,2003,4,5.40131087314342,3.4151628783945656,,
rw_drift,PAK,1999,2004,5,7.83125556961251,3.353920413135117,,
rw_drift,PAN,1999,2000,1,4.20900547865375,5.061252451443544,,
rw_drift,PAN,1999,2001,2,0.949908149985234,4.910859056823558,,
rw_drift,PAN,1999,2002,3,2.50884372716125,4.760465662203572,,
rw_drift,PAN,1999,2003,4,5.09686030493801,4.610072267583586,,
rw_drift,PAN,1999,2004,5,8.17565333965649,4.4596788729636,,
rw_drift,PER,1999,2000,1,2.69437139806912,1.340905756552347,,
rw_drift,PER,1999,2001,2,0.617892325624297,1.1869008700163641,,
rw_drift,PER,1999,2002,3,5.45352893818767,1.032895983480381,,
rw_drift,PER,1999,2003,4,4.16502313666112,0.878891096944398,,
rw_drift,PER,1999,2004,5,4.95820320611745,0.724886210408415,,
rw_drift,PHL,1999,2000,1,4.38250500083399,3.284634874342805,,
rw_drift,PHL,1999,2001,2,3.04923134463486,3.2228185647029397,,
rw_drift,PHL,1999,2002,3,3.71625500158383,3.1610022550630745,,
rw_drift,PHL,1999,2003,4,5.08691113513073,3.0991859454232094,,
rw_drift,PHL,1999,2004,5,6.56922851180626,3.0373696357833437,,
rw_drift,PRT,1999,2000,1,3.81617714108242,3.863727094425932,,
rw_drift,PRT,1999,2001,2,1.94367213427915,3.820876392620734,,
rw_drift,PRT,1999,2002,3,0.770924781247714,3.7780256908155354,,
rw_drift,PRT,1999,2003,4,-0.930521045062918,3.7351749890103374,,
rw_drift,PRT,1999,2004,5,1.78873552917291,3.6923242872051394,,
rw_drift,PRY,1999,2000,1,-2.31414056819045,-1.5836156394173753,,
rw_drift,PRY,1999,2001,2,-0.834054716746095,-1.8011515664339603,,
rw_drift,PRY,1999,2002,3,-0.0214043949985694,-2.0186874934505457,,
rw_drift,PRY,1999,2003,4,4.32074548551591,-2.2362234204671307,,
rw_drift,PRY,1999,2004,5,4.05741836363771,-2.4537593474837163,,
rw_drift,QAT,1999,2000,1,8.02812548837973,4.079643388276938,,
rw_drift,QAT,1999,2001,2,3.89814748805541,3.875222413299615,,
rw_drift,QAT,1999,2002,3,7.18252331136711,3.670801438322292,,
rw_drift,QAT,1999,2003,4,3.7199194981967,3.4663804633449695,,
rw_drift,QAT,1999,2004,5,19.2185032411244,3.261959488367647,,
rw_drift,RUS,1999,2000,1,10.0000668136515,7.444349172982373,,
rw_drift,RUS,1999,2001,2,5.10005122572568,8.488783654523736,,
rw_drift,RUS,1999,2002,3,4.69999190914258,9.5332181360651,,
rw_drift,RUS,1999,2003,4,7.29995234528189,10.577652617606464,,
rw_drift,RUS,1999,2004,5,7.19994786954857,11.622087099147826,,
rw_drift,RWA,1999,2000,1,8.37089593573039,4.579504485745158,,
rw_drift,RWA,1999,2001,2,8.48456034086699,4.807120653257176,,
rw_drift,RWA,1999,2002,3,13.1920736288433,5.034736820769194,,
rw_drift,RWA,1999,2003,4,2.2023875095978,5.2623529882812115,,
rw_drift,RWA,1999,2004,5,7.44766737037035,5.489969155793229,,
rw_drift,SAU,1999,2000,1,4.71813422138024,-0.9626106072161009,,
rw_drift,SAU,1999,2001,2,0.344593196175438,-1.2918275735119549,,
rw_drift,SAU,1999,2002,3,-0.688390130317757,-1.6210445398078088,,
rw_drift,SAU,1999,2003,4,8.76873381743964,-1.9502615061036628,,
rw_drift,SAU,1999,2004,5,8.63100545880309,-2.279478472399517,,
rw_drift,SDN,1999,2000,1,6.34586743997545,3.1851930965891526,,
rw_drift,SDN,1999,2001,2,6.50036053396883,3.2662905776817848,,
rw_drift,SDN,1999,2002,3,6.0064715363132,3.3473880587744174,,
rw_drift,SDN,1999,2003,4,6.28880816146516,3.42848553986705,,
rw_drift,SDN,1999,2004,5,5.14088851762675,3.509583020959682,,
rw_drift,SEN,1999,2000,1,3.88721095816793,6.369883513310926,,
rw_drift,SEN,1999,2001,2,4.31085146618369,6.456458776311982,,
rw_drift,SEN,1999,2002,3,0.0686965747419066,6.543034039313039,,
rw_drift,SEN,1999,2003,4,5.59395094456143,6.629609302314095,,
rw_drift,SEN,1999,2004,5,4.64329393683312,6.716184565315151,,
rw_drift,SGP,1999,2000,1,9.03831632555163,5.654709711027625,,
rw_drift,SGP,1999,2001,2,-1.07086275100448,5.59104766494688,,
rw_drift,SGP,1999,2002,3,3.92336076702013,5.527385618866135,,
rw_drift,SGP,1999,2003,4,4.54825542643229,5.46372357278539,,
rw_drift,SGP,1999,2004,5,9.93998268434957,5.400061526704645,,
rw_drift,SLB,1999,2000,1,-14.2769995149354,-0.41288098293204584,,
rw_drift,SLB,1999,2001,2,-7.95660550454917,-0.34003159308528774,,
rw_drift,SLB,1999,2002,3,-2.7999838935951,-0.2671822032385296,,
rw_drift,SLB,1999,2003,4,6.52346760921694,-0.19433281339177144,,
rw_drift,SLB,1999,2004,5,7.68364102152745,-0.12148342354501329,,
rw_drift,SLV,1999,2000,1,1.12790697674419,2.010545737081529,,
rw_drift,SLV,1999,2001,2,0.879613659882722,1.8590577369333283,,
rw_drift,SLV,1999,2002,3,1.57291844759789,1.7075697367851275,,
rw_drift,SLV,1999,2003,4,1.56539303147618,1.5560817366369268,,
rw_drift,SLV,1999,2004,5,0.889404485692197,1.404593736488726,,
rw_drift,SWE,1999,2000,1,4.63112136551369,4.1621673630652385,,
rw_drift,SWE,1999,2001,2,1.36080642694121,4.123215428075118,,
rw_drift,SWE,1999,2002,3,2.27772867861897,4.084263493084996,,
rw_drift,SWE,1999,2003,4,1.88102769675844,4.045311558094875,,
rw_drift,SWE,1999,2004,5,4.17958419343711,4.006359623104753,,
rw_drift,SYC,1999,2000,1,4.25319834931828,2.0497493579536807,,
rw_drift,SYC,1999,2001,2,-2.27116288552982,2.227493606968572,,
rw_drift,SYC,1999,2002,3,1.21283290259314,2.4052378559834624,,
rw_drift,SYC,1999,2003,4,-5.88712848764477,2.5829821049983535,,
rw_drift,SYC,1999,2004,5,-2.8504539768538,2.7607263540132445,,
rw_drift,TCD,1999,2000,1,-0.879681024156014,-0.7376026922875283,,
rw_drift,TCD,1999,2001,2,11.6581346550771,-0.7923551631353065,,
rw_drift,TCD,1999,2002,3,8.4912098197177,-0.8471076339830848,,
rw_drift,TCD,1999,2003,4,14.7216670123589,-0.9018601048308629,,
rw_drift,TCD,1999,2004,5,33.6293718498522,-0.9566125756786411,,
rw_drift,TGO,1999,2000,1,-0.783479610048047,2.226815492735195,,
rw_drift,TGO,1999,2001,2,0.823438752111855,1.9718795471208,,
rw_drift,TGO,1999,2002,3,3.82662257675142,1.7169436015064048,,
rw_drift,TGO,1999,2003,4,6.72017142336034,1.4620076558920099,,
rw_drift,TGO,1999,2004,5,-0.978665332738743,1.207071710277615,,
rw_drift,THA,1999,2000,1,4.45524704335014,4.551522526141408,,
rw_drift,THA,1999,2001,2,3.44424900968372,4.530737301127396,,
rw_drift,THA,1999,2002,3,6.14903605210036,4.509952076113384,,
rw_drift,THA,1999,2003,4,7.18924330340971,4.489166851099372,,
rw_drift,THA,1999,2004,5,6.28934214285795,4.46838162608536,,
rw_drift,TON,1999,2000,1,3.75409745006452,2.159003608134823,,
rw_drift,TON,1999,2001,2,1.49248125545273,2.015544618567666,,
rw_drift,TON,1999,2002,3,4.4292235994526,1.872085629000509,,
rw_drift,TON,1999,2003,4,0.0518054450729011,1.728626639433352,,
rw_drift,TON,1999,2004,5,-1.96794740326561,1.585167649866195,,
rw_drift,TUN,1999,2000,1,4.7099729138049,6.342329586670764,,
rw_drift,TUN,1999,2001,2,3.79627166202512,6.630024694359948,,
rw_drift,TUN,1999,2002,3,1.32255714828946,6.917719802049132,,
rw_drift,TUN,1999,2003,4,4.70239953285241,7.205414909738316,,
rw_drift,TUN,1999,2004,5,6.23579072222647,7.4931100174275,,
rw_drift,TUR,1999,2000,1,6.98528697817062,-3.1635295034625326,,
rw_drift,TUR,1999,2001,2,-5.45940838563062,-3.2742884493307254,,
rw_drift,TUR,1999,2002,3,6.43550883793114,-3.3850473951989186,,
rw_drift,TUR,1999,2003,4,5.79909321038525,-3.4958063410671114,,
rw_drift,TUR,1999,2004,5,9.92540551918624,-3.606565286935304,,
rw_drift,TZA,1999,2000,1,4.52078463603256,4.961905001048804,,
rw_drift,TZA,1999,2001,2,6.07080828734129,5.059946248474788,,
rw_drift,TZA,1999,2002,3,7.09319498355502,5.157987495900771,,
rw_drift,TZA,1999,2003,4,6.67278983053497,5.256028743326755,,
rw_drift,TZA,1999,2004,5,7.50381465859829,5.354069990752739,,
rw_drift,UGA,1999,2000,1,3.141907338187,8.198285293752132,,
rw_drift,UGA,1999,2001,2,5.18366112490236,8.342622210262295,,
rw_drift,UGA,1999,2002,3,8.73268576440127,8.486959126772456,,
rw_drift,UGA,1999,2003,4,6.47325867166543,8.63129604328262,,
rw_drift,UGA,1999,2004,5,6.80723334361883,8.775632959792782,,
rw_drift,UKR,1999,2000,1,5.90000000024899,-0.4514966609892524,,
rw_drift,UKR,1999,2001,2,8.80000000367222,-0.7029933218720058,,
rw_drift,UKR,1999,2002,3,5.33964720719075,-0.9544899827547593,,
rw_drift,UKR,1999,2003,4,9.51660986436364,-1.2059866436375126,,
rw_drift,UKR,1999,2004,5,11.7953525281136,-1.457483304520266,,
rw_drift,URY,1999,2000,1,-1.92993063549235,-1.626577073551339,,
rw_drift,URY,1999,2001,2,-3.84412995940374,-1.7322082271823178,,
rw_drift,URY,1999,2002,3,-7.73200721540044,-1.8378393808132967,,
rw_drift,URY,1999,2003,4,0.805283915893824,-1.9434705344442755,,
rw_drift,URY,1999,2004,5,5.00416035564457,-2.0491016880752544,,
rw_drift,USA,1999,2000,1,4.07758575997799,4.853909918064174,,
rw_drift,USA,1999,2001,2,0.955538337599847,4.919394787760887,,
rw_drift,USA,1999,2002,3,1.70044733078285,4.984879657457601,,
rw_drift,USA,1999,2003,4,2.79560596378604,5.050364527154315,,
rw_drift,USA,1999,2004,5,3.84777169267127,5.115849396851028,,
rw_drift,VNM,1999,2000,1,6.78731640463151,4.842710541688492,,
rw_drift,VNM,1999,2001,2,6.19289331233377,4.9118341999270925,,
rw_drift,VNM,1999,2002,3,6.32082099160833,4.980957858165694,,
rw_drift,VNM,1999,2003,4,6.89906349055258,5.050081516404296,,
rw_drift,VNM,1999,2004,5,7.53641060890386,5.1192051746428975,,
rw_drift,VUT,1999,2000,1,5.92480905652918,0.9550353234555271,,
rw_drift,VUT,1999,2001,2,-3.39758248938266,1.5727774250167832,,
rw_drift,VUT,1999,2002,3,-5.19831875936025,2.190519526578039,,
rw_drift,VUT,1999,2003,4,4.28833511695457,2.808261628139295,,
rw_drift,VUT,1999,2004,5,3.98739280216959,3.4260037297005512,,
rw_drift,ZAF,1999,2000,1,4.20000000067826,2.36198067787713,,
rw_drift,ZAF,1999,2001,2,2.70000000019104,2.32396135829088,,
rw_drift,ZAF,1999,2002,3,3.70037440406668,2.285942038704629,,
rw_drift,ZAF,1999,2003,4,2.94907546754213,2.247922719118379,,
rw_drift,ZAF,1999,2004,5,4.55455990721774,2.209903399532129,,
rw_drift,ABW,2004,2005,1,-0.383137672063768,6.776980817748491,,
rw_drift,ABW,2004,2006,2,1.12741146411624,6.2602335645350635,,
rw_drift,ABW,2004,2007,3,3.0895443848509,5.743486311321635,,
rw_drift,ABW,2004,2008,4,1.83575517191368,5.2267390581082065,,
rw_drift,ABW,2004,2009,5,-11.6777413693852,4.709991804894778,,
rw_drift,ALB,2004,2005,1,5.13082193056189,5.245419410187264,,
rw_drift,ALB,2004,2006,2,6.0189812403864,5.224577081766678,,
rw_drift,ALB,2004,2007,3,6.50009261158209,5.203734753346092,,
rw_drift,ALB,2004,2008,4,6.90706230713707,5.182892424925506,,
rw_drift,ALB,2004,2009,5,2.69075152362146,5.16205009650492,,
rw_drift,AUS,2004,2005,1,3.15548121323168,4.259362035508299,,
rw_drift,AUS,2004,2006,2,2.7709261737475,4.299782595541437,,
rw_drift,AUS,2004,2007,3,3.78947119882653,4.340203155574576,,
rw_drift,AUS,2004,2008,4,3.62398503565633,4.380623715607715,,
rw_drift,AUS,2004,2009,5,1.95484826298522,4.4210442756408534,,
rw_drift,AUT,2004,2005,1,2.32036514266782,2.4961222317377696,,
rw_drift,AUT,2004,2006,2,3.26933601506059,2.4269891227969493,,
rw_drift,AUT,2004,2007,3,3.77522468729185,2.357856013856129,,
rw_drift,AUT,2004,2008,4,1.45330562142114,2.288722904915309,,
rw_drift,AUT,2004,2009,5,-3.58626472551299,2.2195897959744886,,
rw_drift,BEL,2004,2005,1,2.32173792911834,3.538480761687927,,
rw_drift,BEL,2004,2006,2,2.55234087322462,3.5057548039526636,,
rw_drift,BEL,2004,2007,3,3.67692462515802,3.4730288462174004,,
rw_drift,BEL,2004,2008,4,0.446905130727231,3.440302888482137,,
rw_drift,BEL,2004,2009,5,-1.90644105515335,3.4075769307468735,,
rw_drift,BEN,2004,2005,1,1.71316456361184,4.459647439837767,,
rw_drift,BEN,2004,2006,2,3.94373882815798,4.489610325824713,,
rw_drift,BEN,2004,2007,3,5.98634932177609,4.519573211811659,,
rw_drift,BEN,2004,2008,4,4.89657708429647,4.5495360977986055,,
rw_drift,BEN,2004,2009,5,2.31929213912838,4.579498983785553,,
rw_drift,BFA,2004,2005,1,8.66187322841225,4.488557349707455,,
rw_drift,BFA,2004,2006,2,6.25316468817478,4.498662562711051,,
rw_drift,BFA,2004,2007,3,4.11137901761516,4.508767775714647,,
rw_drift,BFA,2004,2008,4,5.79999174105387,4.518872988718242,,
rw_drift,BFA,2004,2009,5,2.96195085866692,4.528978201721838,,
rw_drift,BGD,2004,2005,1,6.53594493875502,5.220495051806016,,
rw_drift,BGD,2004,2006,2,6.67190498576788,5.201457193313513,,
rw_drift,BGD,2004,2007,3,7.05859935449848,5.1824193348210095,,
rw_drift,BGD,2004,2008,4,6.01378975738535,5.163381476328507,,
rw_drift,BGD,2004,2009,5,5.04512479919337,5.144343617836003,,
rw_drift,BGR,2004,2005,1,7.05634916258309,6.58043546191372,,
rw_drift,BGR,2004,2006,2,6.80259262432862,6.65044678485574,,
rw_drift,BGR,2004,2007,3,6.65438512368812,6.72045810779776,,
rw_drift,BGR,2004,2008,4,6.12955885899744,6.79046943073978,,
rw_drift,BGR,2004,2009,5,-3.34714308501542,6.8604807536817995,,
rw_drift,BHR,2004,2005,1,6.76899737789502,7.143804755743847,,
rw_drift,BHR,2004,2006,2,6.4669995195042,7.306647752810744,,
rw_drift,BHR,2004,2007,3,8.29396129093843,7.46949074987764,,
rw_drift,BHR,2004,2008,4,6.24501094995797,7.632333746944537,,
rw_drift,BHR,2004,2009,5,2.53988570158225,7.795176744011434,,
rw_drift,BHS,2004,2005,1,3.39608420536011,0.6548220314539692,,
rw_drift,BHS,2004,2006,2,2.51659221712706,0.42727031838962054,,
rw_drift,BHS,2004,2007,3,1.44609991235758,0.19971860532527186,,
rw_drift,BHS,2004,2008,4,-2.32364807041851,-0.02783310773907688,,
rw_drift,BHS,2004,2009,5,-4.17542805647342,-0.2553848208034255,,
rw_drift,BLZ,2004,2005,1,2.2191905367057,4.778069425818392,,
rw_drift,BLZ,2004,2006,2,4.51145460193301,4.775473798903343,,
rw_drift,BLZ,2004,2007,3,3.33939738340764,4.772878171988295,,
rw_drift,BLZ,2004,2008,4,-1.62747776449082,4.770282545073247,,
rw_drift,BLZ,2004,2009,5,-0.446709636828217,4.7676869181582,,
rw_drift,BOL,2004,2005,1,4.42143313550196,4.221760698668546,,
rw_drift,BOL,2004,2006,2,4.79700881067477,4.270225806766292,,
rw_drift,BOL,2004,2007,3,4.56438425143126,4.318690914864039,,
rw_drift,BOL,2004,2008,4,6.14849787777658,4.367156022961785,,
rw_drift,BOL,2004,2009,5,3.35699958346049,4.415621131059531,,
rw_drift,BRA,2004,2005,1,3.20213206130431,5.693917302679527,,
rw_drift,BRA,2004,2006,2,3.96198871122617,5.627869968649512,,
rw_drift,BRA,2004,2007,3,6.06987060678338,5.5618226346194986,,
rw_drift,BRA,2004,2008,4,5.09419544658736,5.495775300589484,,
rw_drift,BRA,2004,2009,5,-0.125812002161169,5.42972796655947,,
rw_drift,BRN,2004,2005,1,-0.0039253166074644,0.13039457783125524,,
rw_drift,BRN,2004,2006,2,4.09841257308588,0.15625078305919549,,
rw_drift,BRN,2004,2007,3,-3.76362326254647,0.18210698828713573,,
rw_drift,BRN,2004,2008,4,-3.90071101715114,0.20796319351507597,,
rw_drift,BRN,2004,2009,5,-1.90025367202547,0.23381939874301624,,
rw_drift,BTN,2004,2005,1,6.93507146766659,5.232413630710844,,
rw_drift,BTN,2004,2006,2,5.6408051539139,5.3075698996460785,,
rw_drift,BTN,2004,2007,3,16.1047836542012,5.382726168581312,,
rw_drift,BTN,2004,2008,4,4.52944877696235,5.457882437516546,,
rw_drift,BTN,2004,2009,5,7.66749238553135,5.53303870645178,,
rw_drift,BWA,2004,2005,1,4.55664565323181,2.6212295667384593,,
rw_drift,BWA,2004,2006,2,8.36387109282306,2.536637427365189,,
rw_drift,BWA,2004,2007,3,5.79255577727118,2.4520452879919183,,
rw_drift,BWA,2004,2008,4,3.25207295796832,2.367453148618648,,
rw_drift,BWA,2004,2009,5,-14.1442346163423,2.2828610092453774,,
rw_drift,CAF,2004,2005,1,0.908210514871953,6.019101214731487,,
rw_drift,CAF,2004,2006,2,4.77108543044105,6.043318201476014,,
rw_drift,CAF,2004,2007,3,4.60753485452025,6.067535188220542,,
rw_drift,CAF,2004,2008,4,2.05413096200485,6.091752174965069,,
rw_drift,CAF,2004,2009,5,8.58726042640994,6.115969161709596,,
rw_drift,CAN,2004,2005,1,3.21045441502793,3.0907143238209143,,
rw_drift,CAN,2004,2006,2,2.63794375302722,3.0890648372602683,,
rw_drift,CAN,2004,2007,3,2.04990459443619,3.0874153506996227,,
rw_drift,CAN,2004,2008,4,0.995406371264522,3.0857658641389767,,
rw_drift,CAN,2004,2009,5,-2.91508627059555,3.084116377578331,,
rw_drift,CHE,2004,2005,1,2.95208487460334,2.5149670064602243,,
rw_drift,CHE,2004,2006,2,4.13432251467916,2.4430050576295192,,
rw_drift,CHE,2004,2007,3,3.98319384807056,2.3710431087988137,,
rw_drift,CHE,2004,2008,4,2.53159615417233,2.2990811599681082,,
rw_drift,CHE,2004,2009,5,-1.93490944903913,2.2271192111374027,,
rw_drift,CHL,2004,2005,1,5.83704571917758,6.7011063418287735,,
rw_drift,CHL,2004,2006,2,6.04999082563968,6.727958515428318,,
rw_drift,CHL,2004,2007,3,5.16823098528431,6.754810689027861,,
rw_drift,CHL,2004,2008,4,3.78939280635238,6.781662862627405,,
rw_drift,CHL,2004,2009,5,-1.11803723642878,6.808515036226949,,
rw_drift,CHN,2004,2005,1,11.4535130030645,11.010439168409178,,
rw_drift,CHN,2004,2006,2,12.6752842281595,11.880449149597757,,
rw_drift,CHN,2004,2007,3,14.1507710506103,12.750459130786336,,
rw_drift,CHN,2004,2008,4,9.66877608164454,13.620469111974915,,
rw_drift,CHN,2004,2009,5,9.40610014336416,14.490479093163493,,
rw_drift,CIV,2004,2005,1,0.996065564854788,3.0281192273734083,,
rw_drift,CIV,2004,2006,2,2.81557859252327,2.8712002289928464,,
rw_drift,CIV,2004,2007,3,1.10142976793477,2.7142812306122845,,
rw_drift,CIV,2004,2008,4,4.7826659787672,2.557362232231723,,
rw_drift,CIV,2004,2009,5,3.60332156667053,2.400443233851161,,
rw_drift,CMR,2004,2005,1,2.22827020924117,7.185262400155176,,
rw_drift,CMR,2004,2006,2,3.80958327566137,7.321661981726613,,
rw_drift,CMR,2004,2007,3,4.32758900972871,7.458061563298049,,
rw_drift,CMR,2004,2008,4,2.8476778892105,7.594461144869484,,
rw_drift,CMR,2004,2009,5,2.57925177738754,7.730860726440921,,
rw_drift,COG,2004,2005,1,7.75575897806648,3.363280572271655,,
rw_drift,COG,2004,2006,2,7.98623836334291,3.24992952336242,,
rw_drift,COG,2004,2007,3,-6.61399480441001,3.1365784744531853,,
rw_drift,COG,2004,2008,4,6.30637595585259,3.02322742554395,,
rw_drift,COG,2004,2009,5,11.6372888615758,2.909876376634715,,
rw_drift,COL,2004,2005,1,4.82876110773741,5.338691953255049,,
rw_drift,COL,2004,2006,2,6.71686869844402,5.344361838911048,,
rw_drift,COL,2004,2007,3,6.73819469090975,5.350031724567048,,
rw_drift,COL,2004,2008,4,3.28344618616541,5.355701610223048,,
rw_drift,COL,2004,2009,5,1.13964864548062,5.361371495879047,,
rw_drift,COM,2004,2005,1,5.66520240193151,2.997735039506507,,
rw_drift,COM,2004,2006,2,-1.75444679449394,2.895057975016254,,
rw_drift,COM,2004,2007,3,0.803599788247752,2.7923809105260013,,
rw_drift,COM,2004,2008,4,3.96461118871815,2.6897038460357483,,
rw_drift,COM,2004,2009,5,3.24074074074075,2.5870267815454953,,
rw_drift,CRI,2004,2005,1,3.97666631433462,4.483793350170173,,
rw_drift,CRI,2004,2006,2,7.3266951372695,4.542986913665765,,
rw_drift,CRI,2004,2007,3,8.21513209207497,4.602180477161358,,
rw_drift,CRI,2004,2008,4,4.73817511214847,4.66137404065695,,
rw_drift,CRI,2004,2009,5,-0.87345608994562,4.720567604152543,,
rw_drift,CYP,2004,2005,1,4.85298762175586,4.481985841426711,,
rw_drift,CYP,2004,2006,2,4.71378358593959,3.937699416198153,,
rw_drift,CYP,2004,2007,3,5.09822614854798,3.393412990969595,,
rw_drift,CYP,2004,2008,4,3.64698922103939,2.8491265657410363,,
rw_drift,CYP,2004,2009,5,-2.01508203683694,2.3048401405124777,,
rw_drift,DEU,2004,2005,1,0.885485292551564,1.089148411010331,,
rw_drift,DEU,2004,2006,2,3.86668241523209,1.0162099769478823,,
rw_drift,DEU,2004,2007,3,2.8891174138025,0.9432715428854336,,
rw_drift,DEU,2004,2008,4,0.887902330743628,0.8703331088229848,,
rw_drift,DEU,2004,2009,5,-5.54455451920674,0.7973946747605359,,
rw_drift,DNK,2004,2005,1,2.35960882992528,2.692573188667163,,
rw_drift,DNK,2004,2006,2,3.81648769908172,2.6087945698937958,,
rw_drift,DNK,2004,2007,3,0.987173815945127,2.525015951120429,,
rw_drift,DNK,2004,2008,4,-0.417178439991005,2.4412373323470615,,
rw_drift,DNK,2004,2009,5,-4.97447905669058,2.3574587135736946,,
rw_drift,DOM,2004,2005,1,9.43178931977285,2.69949261459921,,
rw_drift,DOM,2004,2006,2,9.17120650955299,2.81341855470265,,
rw_drift,DOM,2004,2007,3,7.41840577774235,2.92734449480609,,
rw_drift,DOM,2004,2008,4,3.26808671288212,3.0412704349095296,,
rw_drift,DOM,2004,2009,5,1.00345293018719,3.1551963750129697,,
rw_drift,DZA,2004,2005,1,5.39999999969525,4.921056774752242,,
rw_drift,DZA,2004,2006,2,2.89999999905852,5.342113549737505,,
rw_drift,DZA,2004,2007,3,3.10000000128674,5.763170324722767,,
rw_drift,DZA,2004,2008,4,2.49999999929371,6.184227099708029,,
rw_drift,DZA,2004,2009,5,1.19999999969519,6.605283874693291,,
rw_drift,ECU,2004,2005,1,5.39862243994342,6.872117889432365,,
rw_drift,ECU,2004,2006,2,4.34113198577639,6.9118384123995895,,
rw_drift,ECU,2004,2007,3,1.90242859700484,6.951558935366815,,
rw_drift,ECU,2004,2008,4,6.56492068224719,6.991279458334039,,
rw_drift,ECU,2004,2009,5,1.0910129698311,7.030999981301264,,
rw_drift,EGY,2004,2005,1,4.4717444710621,4.0672101559380245,,
rw_drift,EGY,2004,2006,2,6.84383819369884,4.042348701676969,,
rw_drift,EGY,2004,2007,3,7.08782742675582,4.017487247415913,,
rw_drift,EGY,2004,2008,4,7.15628356711522,3.992625793154857,,
rw_drift,EGY,2004,2009,5,4.67359980000663,3.9677643388938013,,
rw_drift,ESP,2004,2005,1,3.5512255846125,2.911644434091121,,
rw_drift,ESP,2004,2006,2,4.04343515605099,2.708757388266142,,
rw_drift,ESP,2004,2007,3,3.53350013165972,2.5058703424411632,,
rw_drift,ESP,2004,2008,4,0.767165748290694,2.3029832966161843,,
rw_drift,ESP,2004,2009,5,-3.76813306940053,2.1000962507912053,,
rw_drift,FIN,2004,2005,1,2.77730918518017,3.921675086968939,,
rw_drift,FIN,2004,2006,2,4.01957326515895,3.8379706511613687,,
rw_drift,FIN,2004,2007,3,5.31280176694145,3.7542662153537982,,
rw_drift,FIN,2004,2008,4,0.784431235717051,3.6705617795462278,,
rw_drift,FIN,2004,2009,5,-8.07603116552393,3.5868573437386573,,
rw_drift,FJI,2004,2005,1,0.699999592969263,5.341452467867514,,
rw_drift,FJI,2004,2006,2,1.85248357237371,5.382904069599058,,
rw_drift,FJI,2004,2007,3,-0.8506533546566,5.424355671330602,,
rw_drift,FJI,2004,2008,4,1.03279368777636,5.465807273062146,,
rw_drift,FJI,2004,2009,5,-1.38603752085589,5.50725887479369,,
rw_drift,FRA,2004,2005,1,1.88856584109286,2.8199208753639655,,
rw_drift,FRA,2004,2006,2,2.71406448755236,2.7715912257176116,,
rw_drift,FRA,2004,2007,3,2.53048188351066,2.7232615760712573,,
rw_drift,FRA,2004,2008,4,0.380171435849121,2.6749319264249034,,
rw_drift,FRA,2004,2009,5,-2.82455153714783,2.626602276778549,,
rw_drift,GAB,2004,2005,1,2.67620333310926,0.36216398571209674,,
rw_drift,GAB,2004,2006,2,-2.80657835569052,0.034784912959344494,,
rw_drift,GAB,2004,2007,3,6.00810802487668,-0.29259415979340775,,
rw_drift,GAB,2004,2008,4,-3.30843064878751,-0.61997323254616,,
rw_drift,GAB,2004,2009,5,0.130331119816617,-0.9473523052989123,,
rw_drift,GBR,2004,2005,1,2.7906547174688,2.3172907267477756,,
rw_drift,GBR,2004,2006,2,2.18982132415704,2.308562920235621,,
rw_drift,GBR,2004,2007,3,2.93091133582351,2.2998351137234665,,
rw_drift,GBR,2004,2008,4,-0.0494116727402769,2.291107307211312,,
rw_drift,GBR,2004,2009,5,-4.58740819226323,2.282379500699158,,
rw_drift,GEO,2004,2005,1,9.59113832853026,5.814235071626605,,
rw_drift,GEO,2004,2006,2,9.42148081189909,5.83578721642395,,
rw_drift,GEO,2004,2007,3,12.5755698246405,5.857339361221295,,
rw_drift,GEO,2004,2008,4,2.42161440960641,5.87889150601864,,
rw_drift,GEO,2004,2009,5,-3.65075229596822,5.900443650815985,,
rw_drift,GHA,2004,2005,1,5.90000381855104,5.650472687894118,,
rw_drift,GHA,2004,2006,2,6.39991260618034,5.700945385013786,,
rw_drift,GHA,2004,2007,3,4.34681910440079,5.751418082133453,,
rw_drift,GHA,2004,2008,4,9.14979893831817,5.801890779253121,,
rw_drift,GHA,2004,2009,5,4.84448705175076,5.852363476372789,,
rw_drift,GMB,2004,2005,1,-2.35172936176019,7.24054054120436,,
rw_drift,GMB,2004,2006,2,-0.555580977246521,7.431081081762369,,
rw_drift,GMB,2004,2007,3,3.04324950829739,7.6216216223203785,,
rw_drift,GMB,2004,2008,4,6.25590553394287,7.812162162878388,,
rw_drift,GMB,2004,2009,5,6.6657243078367,8.002702703436398,,
rw_drift,GNB,2004,2005,1,6.55977111846077,1.3259175525000173,,
rw_drift,GNB,2004,2006,2,2.66650493269572,1.4799435822296545,,
rw_drift,GNB,2004,2007,3,2.55982647078751,1.633969611959292,,
rw_drift,GNB,2004,2008,4,4.52457514610252,1.787995641688929,,
rw_drift,GNB,2004,2009,5,2.44795106098685,1.9420216714185665,,
rw_drift,GRC,2004,2005,1,1.18350635493289,5.195866991091354,,
rw_drift,GRC,2004,2006,2,6.44339762487436,5.013867636224198,,
rw_drift,GRC,2004,2007,3,3.50686976639459,4.831868281357043,,
rw_drift,GRC,2004,2008,4,0.0574740238200775,4.649868926489887,,
rw_drift,GRC,2004,2009,5,-4.11927606715011,4.467869571622732,,
rw_drift,GTM,2004,2005,1,3.27602692588886,3.1109261032394895,,
rw_drift,GTM,2004,2006,2,5.35139778711536,3.0839353703870485,,
rw_drift,GTM,2004,2007,3,6.33771869016203,3.056944637534608,,
rw_drift,GTM,2004,2008,4,3.29352400028485,3.0299539046821673,,
rw_drift,GTM,2004,2009,5,0.476898106596394,3.0029631718297267,,
rw_drift,HKG,2004,2005,1,7.38815395153696,8.566951512902302,,
rw_drift,HKG,2004,2006,2,7.03264766297669,8.433837467444583,,
rw_drift,HKG,2004,2007,3,6.46482809096842,8.300723421986865,,
rw_drift,HKG,2004,2008,4,2.12793685154209,8.167609376529146,,
rw_drift,HKG,2004,2009,5,-2.45909150468412,8.034495331071428,,
rw_drift,HND,2004,2005,1,6.05059922215973,6.3385526896273685,,
rw_drift,HND,2004,2006,2,6.56724355177587,6.444802418563716,,
rw_drift,HND,2004,2007,3,6.18832716678008,6.551052147500065,,
rw_drift,HND,2004,2008,4,4.23160011009342,6.657301876436414,,
rw_drift,HND,2004,2009,5,-2.43162787988011,6.763551605372762,,
rw_drift,HTI,2004,2005,1,3.07217337664731,-1.2803190031002367,,
rw_drift,HTI,2004,2006,2,1.76875060288195,-1.2427812465509733,,
rw_drift,HTI,2004,2007,3,4.70652994008303,-1.20524349000171,,
rw_drift,HTI,2004,2008,4,2.6580323082747,-1.1677057334524465,,
rw_drift,HTI,2004,2009,5,5.89037894844316,-1.1301679769031832,,
rw_drift,HUN,2004,2005,1,4.30028318461673,4.969244556136903,,
rw_drift,HUN,2004,2006,2,3.93393162712054,4.975363750710738,,
rw_drift,HUN,2004,2007,3,0.332354337878925,4.981482945284571,,
rw_drift,HUN,2004,2008,4,0.993437085479655,4.987602139858405,,
rw_drift,HUN,2004,2009,5,-6.7401660845502,4.993721334432238,,
rw_drift,IDN,2004,2005,1,5.69257130383384,5.014367622280774,,
rw_drift,IDN,2004,2006,2,5.50095178520348,4.997861299544698,,
rw_drift,IDN,2004,2007,3,6.34502222667214,4.981354976808621,,
rw_drift,IDN,2004,2008,4,6.01370360009123,4.964848654072545,,
rw_drift,IDN,2004,2009,5,4.62887118256153,4.948342331336469,,
rw_drift,IND,2004,2005,1,7.92343062131789,8.020615545181677,,
rw_drift,IND,2004,2006,2,8.06073257305057,8.118294477283573,,
rw_drift,IND,2004,2007,3,7.66081506510766,8.21597340938547,,
rw_drift,IND,2004,2008,4,3.08669805950082,8.313652341487368,,
rw_drift,IND,2004,2009,5,7.8618888330338,8.411331273589264,,
rw_drift,IRL,2004,2005,1,5.73978202625278,6.829348528016904,,
rw_drift,IRL,2004,2006,2,4.98785364537615,6.870557149820248,,
rw_drift,IRL,2004,2007,3,5.31011830898613,6.911765771623592,,
rw_drift,IRL,2004,2008,4,-4.48407081043062,6.952974393426935,,
rw_drift,IRL,2004,2009,5,-5.09578277913846,6.994183015230279,,
rw_drift,IRN,2004,2005,1,3.18980408728824,4.195869411615449,,
rw_drift,IRN,2004,2006,2,4.99979526181222,4.055072844720488,,
rw_drift,IRN,2004,2007,3,8.15577352358517,3.914276277825528,,
rw_drift,IRN,2004,2008,4,0.250856553493634,3.7734797109305673,,
rw_drift,IRN,2004,2009,5,1.00738545790475,3.6326831440356067,,
rw_drift,IRQ,2004,2005,1,1.67522863586828,54.45670494510328,,
rw_drift,IRQ,2004,2006,2,5.63829915220637,55.52786260145647,,
rw_drift,IRQ,2004,2007,3,1.88853936243953,56.599020257809656,,
rw_drift,IRQ,2004,2008,4,8.22810710383277,57.67017791416284,,
rw_drift,IRQ,2004,2009,5,3.37929909442771,58.74133557051603,,
rw_drift,ISL,2004,2005,1,7.02934061160924,7.8016003044758735,,
rw_drift,ISL,2004,2006,2,5.67161248703039,7.9805954040103275,,
rw_drift,ISL,2004,2007,3,8.74132941862472,8.15959050354478,,
rw_drift,ISL,2004,2008,4,1.69961072411662,8.338585603079235,,
rw_drift,ISL,2004,2009,5,-8.32146414938261,8.517580702613689,,
rw_drift,ISR,2004,2005,1,4.35256427740218,4.497015638659505,,
rw_drift,ISR,2004,2006,2,5.59106550120008,4.34458667823358,,
rw_drift,ISR,2004,2007,3,6.31307137087018,4.192157717807655,,
rw_drift,ISR,2004,2008,4,3.2158134842205,4.039728757381731,,
rw_drift,ISR,2004,2009,5,1.22017480850096,3.8872997969558054,,
rw_drift,ITA,2004,2005,1,0.762410677306491,1.3174350955554528,,
rw_drift,ITA,2004,2006,2,1.79947992234244,1.1608484846386056,,
rw_drift,ITA,2004,2007,3,1.46229205289291,1.0042618737217586,,
rw_drift,ITA,2004,2008,4,-1.02313851177097,0.8476752628049112,,
rw_drift,ITA,2004,2009,5,-5.30515401233991,0.691088651888064,,
rw_drift,JPN,2004,2005,1,1.8482813374834,1.8820043274686948,,
rw_drift,JPN,2004,2006,2,1.54630843078741,1.6510604177061197,,
rw_drift,JPN,2004,2007,3,1.72837912865577,1.4201165079435443,,
rw_drift,JPN,2004,2008,4,-1.16662209355141,1.1891725981809693,,
rw_drift,JPN,2004,2009,5,-5.9359411383964,0.9582286884183939,,
rw_drift,KEN,2004,2005,1,5.90666607980057,5.403809885134914,,
rw_drift,KEN,2004,2006,2,6.47249430015484,5.703319993972447,,
rw_drift,KEN,2004,2007,3,6.85072976998784,6.00283010280998,,
rw_drift,KEN,2004,2008,4,0.232282744812977,6.302340211647513,,
rw_drift,KEN,2004,2009,5,3.30693981631089,6.601850320485046,,
rw_drift,KGZ,2004,2005,1,-0.175515404044219,7.246038545744974,,
rw_drift,KGZ,2004,2006,2,3.10289874199981,7.465264666513878,,
rw_drift,KGZ,2004,2007,3,8.54287477507607,7.684490787282782,,
rw_drift,KGZ,2004,2008,4,8.40161604861429,7.9037169080516865,,
rw_drift,KGZ,2004,2009,5,2.88629457537731,8.12294302882059,,
rw_drift,KHM,2004,2005,1,13.3033338358455,9.795469625719265,,
rw_drift,KHM,2004,2006,2,10.9433600681694,10.13324444039924,,
rw_drift,KHM,2004,2007,3,10.398458101201,10.471019255079215,,
rw_drift,KHM,2004,2008,4,7.47636606631011,10.80879406975919,,
rw_drift,KHM,2004,2009,5,4.07477850599065,11.146568884439164,,
rw_drift,KOR,2004,2005,1,4.35823667337156,5.143247313486744,,
rw_drift,KOR,2004,2006,2,5.24500550580342,5.1028577672400885,,
rw_drift,KOR,2004,2007,3,5.8419633918717,5.062468220993432,,
rw_drift,KOR,2004,2008,4,3.00440451679569,5.022078674746777,,
rw_drift,KOR,2004,2009,5,0.81986175641795,4.981689128500121,,
rw_drift,KWT,2004,2005,1,10.6090449840228,10.33716524359723,,
rw_drift,KWT,2004,2006,2,7.51477300024021,10.43403242855906,,
rw_drift,KWT,2004,2007,3,5.99157551059315,10.53089961352089,,
rw_drift,KWT,2004,2008,4,2.47975694278544,10.627766798482721,,
rw_drift,KWT,2004,2009,5,-7.07605643073411,10.724633983444553,,
rw_drift,LBY,2004,2005,1,11.8707565226151,4.33526306805541,,
rw_drift,LBY,2004,2006,2,6.50052541959279,4.20888713962445,,
rw_drift,LBY,2004,2007,3,6.22998278561838,4.08251121119349,,
rw_drift,LBY,2004,2008,4,-0.162048238799883,3.9561352827625296,,
rw_drift,LBY,2004,2009,5,-4.4001817631021,3.8297593543315696,,
rw_drift,LKA,2004,2005,1,6.24174804376447,5.483800367443262,,
rw_drift,LKA,2004,2006,2,7.66829190107919,5.5225394560330034,,
rw_drift,LKA,2004,2007,3,6.79682611892866,5.561278544622746,,
rw_drift,LKA,2004,2008,4,5.95008814473897,5.600017633212487,,
rw_drift,LKA,2004,2009,5,3.53891205317842,5.638756721802229,,
rw_drift,LUX,2004,2005,1,2.48250499371829,4.239997469316311,,
rw_drift,LUX,2004,2006,2,6.01662739677904,4.249316016707743,,
rw_drift,LUX,2004,2007,3,8.09852098069817,4.258634564099174,,
rw_drift,LUX,2004,2008,4,-0.302272983306707,4.267953111490606,,
rw_drift,LUX,2004,2009,5,-3.23895268839308,4.277271658882038,,
rw_drift,MAC,2004,2005,1,8.07794929953978,27.427983666372192,,
rw_drift,MAC,2004,2006,2,13.3921711919351,28.21909310213298,,
rw_drift,MAC,2004,2007,3,14.4817728129028,29.010202537893772,,
rw_drift,MAC,2004,2008,4,3.39251560752048,29.801311973654563,,
rw_drift,MAC,2004,2009,5,1.29837946885112,30.592421409415355,,
rw_drift,MAR,2004,2005,1,3.19224973015831,4.423881213967377,,
rw_drift,MAR,2004,2006,2,7.7908200104027,4.276382262772674,,
rw_drift,MAR,2004,2007,3,3.44106776690418,4.128883311577971,,
rw_drift,MAR,2004,2008,4,5.68453936284732,3.981384360383267,,
rw_drift,MAR,2004,2009,5,3.74576940136258,3.833885409188564,,
rw_drift,MDG,2004,2005,1,4.75584509499119,5.331616898168233,,
rw_drift,MDG,2004,2006,2,5.3985084485368,5.406230174249045,,
rw_drift,MDG,2004,2007,3,5.71056419885052,5.480843450329857,,
rw_drift,MDG,2004,2008,4,6.71263253913001,5.55545672641067,,
rw_drift,MDG,2004,2009,5,-3.9787086116544,5.6300700024914825,,
rw_drift,MEX,2004,2005,1,2.11324711473297,3.5320791896127255,,
rw_drift,MEX,2004,2006,2,4.80501351664901,3.498717352996581,,
rw_drift,MEX,2004,2007,3,2.0778639395329,3.465355516380436,,
rw_drift,MEX,2004,2008,4,0.943331872912935,3.4319936797642914,,
rw_drift,MEX,2004,2009,5,-6.29525056697287,3.398631843148147,,
rw_drift,MLI,2004,2005,1,2.53837834888921,1.415350311412496,,
rw_drift,MLI,2004,2006,2,3.68960265255278,1.3533757199239718,,
rw_drift,MLI,2004,2007,3,1.76004607852802,1.2914011284354476,,
rw_drift,MLI,2004,2008,4,3.63871070923719,1.2294265369469235,,
rw_drift,MLI,2004,2009,5,5.45473562683669,1.1674519454583994,,
rw_drift,MLT,2004,2005,1,2.88123652429068,0.3453350543036945,,
rw_drift,MLT,2004,2006,2,2.33618870316785,0.2833156849515,,
rw_drift,MLT,2004,2007,3,5.03640177981643,0.22129631559930552,,
rw_drift,MLT,2004,2008,4,4.41059689827608,0.15927694624711103,,
rw_drift,MLT,2004,2009,5,-1.39524956144803,0.09725757689491654,,
rw_drift,MNG,2004,2005,1,7.25366543796015,10.729190952879677,,
rw_drift,MNG,2004,2006,2,8.55623481664365,10.832975945828453,,
rw_drift,MNG,2004,2007,3,10.2480163590057,10.93676093877723,,
rw_drift,MNG,2004,2008,4,8.90036794067551,11.040545931726006,,
rw_drift,MNG,2004,2009,5,-1.26859893608282,11.144330924674783,,
rw_drift,MRT,2004,2005,1,8.56628724906668,4.828142437517436,,
rw_drift,MRT,2004,2006,2,18.3331987597713,4.923526950514573,,
rw_drift,MRT,2004,2007,3,-1.96942275160761,5.018911463511708,,
rw_drift,MRT,2004,2008,4,-0.331079195278377,5.114295976508845,,
rw_drift,MRT,2004,2009,5,0.0978758719728035,5.209680489505981,,
rw_drift,MUS,2004,2005,1,1.77754302034465,3.8993436885729307,,
rw_drift,MUS,2004,2006,2,4.86554460775534,3.4686675225026313,,
rw_drift,MUS,2004,2007,3,5.76380219453068,3.0379913564323315,,
rw_drift,MUS,2004,2008,4,5.4630565042284,2.6073151903620326,,
rw_drift,MUS,2004,2009,5,3.36352090607312,2.176639024291733,,
rw_drift,MYS,2004,2005,1,5.33213916141486,6.764494554480264,,
rw_drift,MYS,2004,2006,2,5.5848470671515,6.74555138525748,,
rw_drift,MYS,2004,2007,3,6.29878592740947,6.726608216034695,,
rw_drift,MYS,2004,2008,4,4.83176988913097,6.7076650468119094,,
rw_drift,MYS,2004,2009,5,-1.51352871598714,6.688721877589125,,
rw_drift,NER,2004,2005,1,7.33186884258517,0.26653200993423487,,
rw_drift,NER,2004,2006,2,5.93104997350342,0.16926244114633776,,
rw_drift,NER,2004,2007,3,3.14272408386731,0.07199287235844065,,
rw_drift,NER,2004,2008,4,7.73141422777337,-0.025276696429456458,,
rw_drift,NER,2004,2009,5,1.96260090694645,-0.12254626521735357,,
rw_drift,NIC,2004,2005,1,4.28239833770654,5.26134329441475,,
rw_drift,NIC,2004,2006,2,4.15294559846254,5.210516019322109,,
rw_drift,NIC,2004,2007,3,5.0763520180987,5.159688744229469,,
rw_drift,NIC,2004,2008,4,3.43571693608081,5.108861469136828,,
rw_drift,NIC,2004,2009,5,-3.2926651586197,5.058034194044188,,
rw_drift,NLD,2004,2005,1,2.03401576512488,2.0563004507490255,,
rw_drift,NLD,2004,2006,2,3.53729585853395,2.0963175858831815,,
rw_drift,NLD,2004,2007,3,3.88542348324803,2.136334721017337,,
rw_drift,NLD,2004,2008,4,2.11674514240192,2.1763518561514927,,
rw_drift,NLD,2004,2009,5,-3.66528147002826,2.2163689912856483,,
rw_drift,NOR,2004,2005,1,2.96973597025936,4.284965754490972,,
rw_drift,NOR,2004,2006,2,2.84726376691944,4.239775532069823,,
rw_drift,NOR,2004,2007,3,3.42030119916608,4.194585309648675,,
rw_drift,NOR,2004,2008,4,0.822805797014865,4.149395087227526,,
rw_drift,NOR,2004,2009,5,-1.61327151945869,4.104204864806378,,
rw_drift,NPL,2004,2005,1,3.47918104829496,4.747122723149708,,
rw_drift,NPL,2004,2006,2,3.36461478056277,4.811642194769976,,
rw_drift,NPL,2004,2007,3,3.41156027980276,4.876161666390244,,
rw_drift,NPL,2004,2008,4,6.10463914373472,4.940681138010512,,
rw_drift,NPL,2004,2009,5,4.5330787246486,5.00520060963078,,
rw_drift,NZL,2004,2005,1,3.35295444152619,4.108556378520797,,
rw_drift,NZL,2004,2006,2,2.7744428588158,4.1265769842429645,,
rw_drift,NZL,2004,2007,3,3.06312221869514,4.144597589965132,,
rw_drift,NZL,2004,2008,4,-1.02561134479848,4.162618195687299,,
rw_drift,NZL,2004,2009,5,-0.040259885205117,4.180638801409467,,
rw_drift,OMN,2004,2005,1,2.77944360306151,2.0123501959142143,,
rw_drift,OMN,2004,2006,2,4.66981481939328,2.0321852820949684,,
rw_drift,OMN,2004,2007,3,4.98065467051528,2.052020368275723,,
rw_drift,OMN,2004,2008,4,8.95005895005896,2.071855454456477,,
rw_drift,OMN,2004,2009,5,5.98196694904402,2.0916905406372317,,
rw_drift,PAK,2004,2005,1,7.2765744364722,7.874137177759512,,
rw_drift,PAK,2004,2006,2,6.05163767569996,7.917018785906515,,
rw_drift,PAK,2004,2007,3,4.4448143398844,7.959900394053516,,
rw_drift,PAK,2004,2008,4,2.1204410433083,8.002782002200519,,
rw_drift,PAK,2004,2009,5,3.47255059567348,8.045663610347521,,
rw_drift,PAN,2004,2005,1,8.27618334503531,8.111677955889826,,
rw_drift,PAN,2004,2006,2,9.85723870564752,8.047702572123164,,
rw_drift,PAN,2004,2007,3,13.1530653782933,7.983727188356501,,
rw_drift,PAN,2004,2008,4,10.1974325907958,7.919751804589838,,
rw_drift,PAN,2004,2009,5,1.61186405976055,7.855776420823175,,
rw_drift,PER,2004,2005,1,6.28506032509601,4.902647552039817,,
rw_drift,PER,2004,2006,2,7.5288990440594,4.8470918979621835,,
rw_drift,PER,2004,2007,3,8.5183877690955,4.791536243884551,,
rw_drift,PER,2004,2008,4,9.1265683014642,4.735980589806917,,
rw_drift,PER,2004,2009,5,1.0958236592427,4.680424935729284,,
rw_drift,PHL,2004,2005,1,4.94250511877678,6.589548455097161,,
rw_drift,PHL,2004,2006,2,5.31641682136939,6.609868398388061,,
rw_drift,PHL,2004,2007,3,6.51929155018938,6.630188341678961,,
rw_drift,PHL,2004,2008,4,4.34448730509183,6.650508284969861,,
rw_drift,PHL,2004,2009,5,1.44832306275669,6.670828228260762,,
rw_drift,PRT,2004,2005,1,0.781847569123585,1.7016153213669623,,
rw_drift,PRT,2004,2006,2,1.62503532956156,1.6144951135610146,,
rw_drift,PRT,2004,2007,3,2.50657937751231,1.527374905755067,,
rw_drift,PRT,2004,2008,4,0.319247344434558,1.4402546979491195,,
rw_drift,PRT,2004,2009,5,-3.12207827545093,1.3531344901431719,,
rw_drift,PRY,2004,2005,1,2.13349066459601,3.991305174089065,,
rw_drift,PRY,2004,2006,2,4.80711719268376,3.92519198454042,,
rw_drift,PRY,2004,2007,3,5.42162287218235,3.859078794991775,,
rw_drift,PRY,2004,2008,4,6.4962921197091,3.7929656054431296,,
rw_drift,PRY,2004,2009,5,-0.261137328080281,3.7268524158944847,,
rw_drift,QAT,2004,2005,1,7.49272803754515,19.497613895018493,,
rw_drift,QAT,2004,2006,2,26.17039955781,19.776724548912586,,
rw_drift,QAT,2004,2007,3,17.9852165615129,20.05583520280668,,
rw_drift,QAT,2004,2008,4,17.6630346842674,20.334945856700774,,
rw_drift,QAT,2004,2009,5,11.9575512911227,20.61405651059487,,
rw_drift,RUS,2004,2005,1,6.39996544799469,7.928515263261415,,
rw_drift,RUS,2004,2006,2,8.20006825456321,8.65708265697426,,
rw_drift,RUS,2004,2007,3,8.49997776916511,9.385650050687104,,
rw_drift,RUS,2004,2008,4,5.19996926404957,10.114217444399952,,
rw_drift,RUS,2004,2009,5,-7.79999391271275,10.842784838112795,,
rw_drift,RWA,2004,2005,1,9.37789916585375,7.72081140333765,,
rw_drift,RWA,2004,2006,2,9.22707576994632,7.99395543630495,,
rw_drift,RWA,2004,2007,3,7.63329819042882,8.26709946927225,,
rw_drift,RWA,2004,2008,4,11.161247324054,8.54024350223955,,
rw_drift,RWA,2004,2009,5,6.24825750704265,8.81338753520685,,
rw_drift,SAU,2004,2005,1,5.94489623934835,8.555520676953808,,
rw_drift,SAU,2004,2006,2,3.31348473625901,8.480035895104526,,
rw_drift,SAU,2004,2007,3,2.21365396372528,8.404551113255245,,
rw_drift,SAU,2004,2008,4,6.2379875365458,8.329066331405963,,
rw_drift,SAU,2004,2009,5,-1.06671711240203,8.253581549556682,,
rw_drift,SDN,2004,2005,1,5.64351551343631,5.259923335851174,,
rw_drift,SDN,2004,2006,2,6.5314117467792,5.378958154075599,,
rw_drift,SDN,2004,2007,3,5.73527423664484,5.497992972300024,,
rw_drift,SDN,2004,2008,4,3.84674473121058,5.617027790524448,,
rw_drift,SDN,2004,2009,5,-2.76770436599138,5.736062608748872,,
rw_drift,SEN,2004,2005,1,4.31023852639633,4.681662441032269,,
rw_drift,SEN,2004,2006,2,2.33077098330239,4.720030945231418,,
rw_drift,SEN,2004,2007,3,2.82711920133374,4.758399449430566,,
rw_drift,SEN,2004,2008,4,3.70316906391386,4.796767953629715,,
rw_drift,SEN,2004,2009,5,2.75210448455053,4.835136457828863,,
rw_drift,SGP,2004,2005,1,7.36632239250758,9.98190020007452,,
rw_drift,SGP,2004,2006,2,9.00676607871758,10.02381771579947,,
rw_drift,SGP,2004,2007,3,9.02151951268893,10.065735231524423,,
rw_drift,SGP,2004,2008,4,1.86348345462035,10.107652747249373,,
rw_drift,SGP,2004,2009,5,0.127953382778088,10.149570262974324,,
rw_drift,SLB,2004,2005,1,7.35907917681935,8.095843648116489,,
rw_drift,SLB,2004,2006,2,4.13726239664898,8.508046274705528,,
rw_drift,SLB,2004,2007,3,3.63973499569106,8.920248901294567,,
rw_drift,SLB,2004,2008,4,6.22590636247851,9.332451527883606,,
rw_drift,SLB,2004,2009,5,2.86486309630651,9.744654154472645,,
rw_drift,SLV,2004,2005,1,2.68083009363194,0.7243588736809297,,
rw_drift,SLV,2004,2006,2,4.3369986028604,0.5593132616696623,,
rw_drift,SLV,2004,2007,3,1.84760220587859,0.394267649658395,,
rw_drift,SLV,2004,2008,4,2.15440298282768,0.22922203764712767,,
rw_drift,SLV,2004,2009,5,-2.10876837627522,0.06417642563586035,,
rw_drift,SWE,2004,2005,1,2.79313782840156,4.144660736826811,,
rw_drift,SWE,2004,2006,2,4.67607488877992,4.109737280216512,,
rw_drift,SWE,2004,2007,3,3.22486814096095,4.074813823606213,,
rw_drift,SWE,2004,2008,4,-0.923113250067971,4.039890366995913,,
rw_drift,SWE,2004,2009,5,-4.25561384207619,4.0049669103856145,,
rw_drift,SYC,2004,2005,1,9.0057617374238,-2.8032022936730265,,
rw_drift,SYC,2004,2006,2,9.40612855732827,-2.7559506104922527,,
rw_drift,SYC,2004,2007,3,8.87606645570879,-2.708698927311479,,
rw_drift,SYC,2004,2008,4,-2.72594626154864,-2.6614472441307058,,
rw_drift,SYC,2004,2009,5,-2.47937594726137,-2.6141955609499323,,
rw_drift,TCD,2004,2005,1,17.3325337352162,34.378944598202814,,
rw_drift,TCD,2004,2006,2,-0.54282957080251,35.12851734655342,,
rw_drift,TCD,2004,2007,3,4.20017418353298,35.87809009490404,,
rw_drift,TCD,2004,2008,4,3.08119033854541,36.627662843254654,,
rw_drift,TCD,2004,2009,5,-1.40828262637592,37.37723559160526,,
rw_drift,TGO,2004,2005,1,-4.66629938413338,-1.2844323723767743,,
rw_drift,TGO,2004,2006,2,2.65013209943473,-1.5901994120148057,,
rw_drift,TGO,2004,2007,3,-1.1751368996605,-1.895966451652837,,
rw_drift,TGO,2004,2008,4,4.03561315398862,-2.2017334912908684,,
rw_drift,TGO,2004,2009,5,5.45381096920332,-2.5075005309289,,
rw_drift,THA,2004,2005,1,4.18763842884337,6.31090483683865,,
rw_drift,THA,2004,2006,2,4.96781089246107,6.332467530819349,,
rw_drift,THA,2004,2007,3,5.43515169050809,6.354030224800049,,
rw_drift,THA,2004,2008,4,1.72569884866334,6.375592918780748,,
rw_drift,THA,2004,2009,5,-0.690618232300579,6.3971556127614475,,
rw_drift,TON,2004,2005,1,-0.657650703495165,-2.272911622520576,,
rw_drift,TON,2004,2006,2,-2.16566342680382,-2.5778758417755423,,
rw_drift,TON,2004,2007,3,-2.46430779100223,-2.882840061030509,,
rw_drift,TON,2004,2008,4,4.86284132376997,-3.187804280285475,,
rw_drift,TON,2004,2009,5,-5.12917819150532,-3.4927684995404413,,
rw_drift,TUN,2004,2005,1,3.4865455430439,6.493549656220392,,
rw_drift,TUN,2004,2006,2,5.24409983246916,6.751308590214313,,
rw_drift,TUN,2004,2007,3,6.70952097453554,7.009067524208234,,
rw_drift,TUN,2004,2008,4,4.23778147502819,7.266826458202156,,
rw_drift,TUN,2004,2009,5,3.04345012371552,7.5245853921960775,,
rw_drift,TUR,2004,2005,1,9.11157745861635,10.129343568809245,,
rw_drift,TUR,2004,2006,2,7.06762607623939,10.333281618432252,,
rw_drift,TUR,2004,2007,3,5.10818513903604,10.537219668055258,,
rw_drift,TUR,2004,2008,4,0.920118221365883,10.741157717678263,,
rw_drift,TUR,2004,2009,5,-4.88269401706633,10.94509576730127,,
rw_drift,TZA,2004,2005,1,7.47631925974784,7.651849968067194,,
rw_drift,TZA,2004,2006,2,6.53222138847813,7.799885277536097,,
rw_drift,TZA,2004,2007,3,6.76853520293716,7.947920587005001,,
rw_drift,TZA,2004,2008,4,5.68641685905224,8.095955896473905,,
rw_drift,TZA,2004,2009,5,5.26910524873463,8.243991205942809,,
rw_drift,UGA,2004,2005,1,6.33256511623156,6.857836945073091,,
rw_drift,UGA,2004,2006,2,10.7847443857453,6.90844054652735,,
rw_drift,UGA,2004,2007,3,8.41242596551071,6.9590441479816105,,
rw_drift,UGA,2004,2008,4,8.70875190154499,7.00964774943587,,
rw_drift,UGA,2004,2009,5,6.80151734860395,7.06025135089013,,
rw_drift,UKR,2004,2005,1,3.07123039245209,12.372158106770463,,
rw_drift,UKR,2004,2006,2,7.57142076322967,12.948963685427326,,
rw_drift,UKR,2004,2007,3,8.21584445165715,13.52576926408419,,
rw_drift,UKR,2004,2008,4,2.24349159628288,14.102574842741053,,
rw_drift,UKR,2004,2009,5,-15.1364679101502,14.679380421397916,,
rw_drift,URY,2004,2005,1,7.4601321302473,5.062558551867541,,
rw_drift,URY,2004,2006,2,4.09857735445401,5.120956748090512,,
rw_drift,URY,2004,2007,3,6.54151084504817,5.1793549443134825,,
rw_drift,URY,2004,2008,4,7.17614466455107,5.237753140536452,,
rw_drift,URY,2004,2009,5,4.24349419462426,5.296151336759423,,
rw_drift,USA,2004,2005,1,3.48354993710312,3.8837663832010123,,
rw_drift,USA,2004,2006,2,2.78453963674239,3.9197610737307547,,
rw_drift,USA,2004,2007,3,2.0038583039496,3.955755764260497,,
rw_drift,USA,2004,2008,4,0.113587247501258,3.9917504547902394,,
rw_drift,USA,2004,2009,5,-2.5765002366652,4.027745145319982,,
rw_drift,VNM,2004,2005,1,7.54724772895918,7.732755605787775,,
rw_drift,VNM,2004,2006,2,6.97795481056711,7.92910060267169,,
rw_drift,VNM,2004,2007,3,7.12950448605439,8.125445599555606,,
rw_drift,VNM,2004,2008,4,5.66177120891362,8.32179059643952,,
rw_drift,VNM,2004,2009,5,5.39789754014181,8.518135593323436,,
rw_drift,VUT,2004,2005,1,5.30532647259227,4.628526115083723,,
rw_drift,VUT,2004,2006,2,8.46069747205426,5.269659427997856,,
rw_drift,VUT,2004,2007,3,2.87589228775376,5.9107927409119885,,
rw_drift,VUT,2004,2008,4,5.60099182147225,6.551926053826122,,
rw_drift,VUT,2004,2009,5,3.03730354099639,7.193059366740254,,
rw_drift,ZAF,2004,2005,1,5.27705197295467,4.571067483159062,,
rw_drift,ZAF,2004,2006,2,5.60380645895889,4.587575059100384,,
rw_drift,ZAF,2004,2007,3,5.36047405394162,4.604082635041706,,
rw_drift,ZAF,2004,2008,4,3.1910438863288,4.620590210983028,,
rw_drift,ZAF,2004,2009,5,-1.53808913525583,4.63709778692435,,
rw_drift,ABW,2009,2010,1,-2.73345679250639,-12.939385585065901,,
rw_drift,ABW,2009,2011,2,3.36923718421511,-14.2010298007466,,
rw_drift,ABW,2009,2012,3,-1.04079988436683,-15.4626740164273,,
rw_drift,ABW,2009,2013,4,6.43146080719245,-16.724318232108,,
rw_drift,ABW,2009,2014,5,1.42609951155575,-17.9859624477887,,
rw_drift,ALB,2009,2010,1,2.97315442681247,2.5816485318836078,,
rw_drift,ALB,2009,2011,2,2.46351683915714,2.4725455401457554,,
rw_drift,ALB,2009,2012,3,0.984129880204108,2.363442548407903,,
rw_drift,ALB,2009,2013,4,1.7072283175406,2.2543395566700513,,
rw_drift,ALB,2009,2014,5,2.24022695382642,2.145236564932199,,
rw_drift,AUS,2009,2010,1,2.21004795300735,1.9438897394213663,,
rw_drift,AUS,2009,2011,2,2.39473494330615,1.9329312158575127,,
rw_drift,AUS,2009,2012,3,3.95247138119184,1.9219726922936593,,
rw_drift,AUS,2009,2013,4,2.65445302592404,1.9110141687298057,,
rw_drift,AUS,2009,2014,5,2.60118978187332,1.900055645165952,,
rw_drift,AUT,2009,2010,1,1.80898243043663,-3.7763531369847994,,
rw_drift,AUT,2009,2011,2,2.92746800169145,-3.9664415484566087,,
rw_drift,AUT,2009,2012,3,0.628246239479637,-4.1565299599284184,,
rw_drift,AUT,2009,2013,4,-0.250726423318454,-4.346618371400227,,
rw_drift,AUT,2009,2014,5,0.755798850316665,-4.536706782872036,,
rw_drift,BEL,2009,2010,1,2.71031150254662,-2.0498757209282013,,
rw_drift,BEL,2009,2011,2,1.93115502411325,-2.1933103867030526,,
rw_drift,BEL,2009,2012,3,0.215803612089744,-2.3367450524779034,,
rw_drift,BEL,2009,2013,4,0.305494549070232,-2.4801797182527547,,
rw_drift,BEL,2009,2014,5,1.76554038149924,-2.623614384027606,,
rw_drift,BEN,2009,2010,1,2.11406472648392,2.3021673825183018,,
rw_drift,BEN,2009,2011,2,2.96375291904201,2.2850426259082237,,
rw_drift,BEN,2009,2012,3,4.811223315688,2.2679178692981456,,
rw_drift,BEN,2009,2013,4,7.19143372144946,2.2507931126880676,,
rw_drift,BEN,2009,2014,5,6.35767909791932,2.23366835607799,,
rw_drift,BFA,2009,2010,1,8.44628157707625,2.939409668690205,,
rw_drift,BFA,2009,2011,2,6.62256261306693,2.9168684787134898,,
rw_drift,BFA,2009,2012,3,6.45267237953146,2.8943272887367746,,
rw_drift,BFA,2009,2013,4,5.79258484509867,2.8717860987600594,,
rw_drift,BFA,2009,2014,5,4.32684561452976,2.8492449087833442,,
rw_drift,BGD,2009,2010,1,5.57178818533122,5.024019881979145,,
rw_drift,BGD,2009,2011,2,6.46437912497728,5.00291496476492,,
rw_drift,BGD,2009,2012,3,6.52145877906443,4.981810047550695,,
rw_drift,BGD,2009,2013,4,6.01360565834344,4.96070513033647,,
rw_drift,BGD,2009,2014,5,6.0610593588495,4.939600213122246,,
rw_drift,BGR,2009,2010,1,1.55536266288017,-3.6416897563125867,,
rw_drift,BGR,2009,2011,2,2.09017598337418,-3.936236427609753,,
rw_drift,BGR,2009,2012,3,0.748814556346105,-4.23078309890692,,
rw_drift,BGR,2009,2013,4,-0.542753400392826,-4.525329770204086,,
rw_drift,BGR,2009,2014,5,0.949449772002041,-4.819876441501252,,
rw_drift,BHR,2009,2010,1,4.3342989754845,2.564431565953642,,
rw_drift,BHR,2009,2011,2,1.92815791170796,2.5889774303250337,,
rw_drift,BHR,2009,2012,3,3.80302899043062,2.6135232946964257,,
rw_drift,BHR,2009,2013,4,5.29262224906203,2.638069159067818,,
rw_drift,BHR,2009,2014,5,4.30885692657077,2.66261502343921,,
rw_drift,BHS,2009,2010,1,1.53866248693835,-4.48464733694756,,
rw_drift,BHS,2009,2011,2,0.613170735890648,-4.793866617421701,,
rw_drift,BHS,2009,2012,3,4.52003886739061,-5.103085897895841,,
rw_drift,BHS,2009,2013,4,-2.86320081549439,-5.412305178369981,,
rw_drift,BHS,2009,2014,5,1.8469701294558,-5.721524458844121,,
rw_drift,BLZ,2009,2010,1,1.41741099233461,-0.5579385253054823,,
rw_drift,BLZ,2009,2011,2,-0.13007112300869,-0.6691674137827475,,
rw_drift,BLZ,2009,2012,3,3.94389321816617,-0.7803963022600127,,
rw_drift,BLZ,2009,2013,4,4.06646561608865,-0.8916251907372779,,
rw_drift,BLZ,2009,2014,5,3.89226067249989,-1.002854079214543,,
rw_drift,BOL,2009,2010,1,4.12672258996274,3.3834100759832566,,
rw_drift,BOL,2009,2011,2,5.20409245282328,3.4098205685060226,,
rw_drift,BOL,2009,2012,3,5.12227560125973,3.436231061028789,,
rw_drift,BOL,2009,2013,4,6.79601141268498,3.4626415535515553,,
rw_drift,BOL,2009,2014,5,5.46056949136766,3.4890520460743213,,
rw_drift,BRA,2009,2010,1,7.52822581815364,-0.3075997522061963,,
rw_drift,BRA,2009,2011,2,3.97442307944702,-0.4893875022512235,,
rw_drift,BRA,2009,2012,3,1.92117598576537,-0.6711752522962509,,
rw_drift,BRA,2009,2013,4,3.00482266944432,-0.852963002341278,,
rw_drift,BRA,2009,2014,5,0.503955740242247,-1.0347507523863053,,
rw_drift,BRN,2009,2010,1,2.74136439456163,-1.937164321820132,,
rw_drift,BRN,2009,2011,2,3.74440625524871,-1.9740749716147943,,
rw_drift,BRN,2009,2012,3,0.913135189664487,-2.010985621409456,,
rw_drift,BRN,2009,2013,4,-2.12478292664558,-2.0478962712041184,,
rw_drift,BRN,2009,2014,5,-2.50788727590711,-2.0848069209987807,,
rw_drift,BTN,2009,2010,1,11.9318738376229,7.798818488126573,,
rw_drift,BTN,2009,2011,2,8.4892584842808,7.930144590721795,,
rw_drift,BTN,2009,2012,3,5.16482012683895,8.061470693317018,,
rw_drift,BTN,2009,2013,4,1.73634039505693,8.19279679591224,,
rw_drift,BTN,2009,2014,5,5.88108550658288,8.324122898507465,,
rw_drift,BWA,2009,2010,1,10.119723322694,-14.571057914581981,,
rw_drift,BWA,2009,2011,2,6.83841052493574,-14.997881212821662,,
rw_drift,BWA,2009,2012,3,-0.170857099335691,-15.424704511061343,,
rw_drift,BWA,2009,2013,4,11.1029068737822,-15.851527809301023,,
rw_drift,BWA,2009,2014,5,5.69714422072884,-16.278351107540704,,
rw_drift,CAF,2009,2010,1,4.63081843223307,8.662962647835725,,
rw_drift,CAF,2009,2011,2,4.19461533741989,8.738664869261509,,
rw_drift,CAF,2009,2012,3,5.05376125356918,8.814367090687293,,
rw_drift,CAF,2009,2013,4,-36.3919770983887,8.890069312113077,,
rw_drift,CAF,2009,2014,5,0.0810705153264877,8.965771533538861,,
rw_drift,CAN,2009,2010,1,3.09080633744851,-3.0417191456598185,,
rw_drift,CAN,2009,2011,2,3.1371944343876,-3.1683520207240865,,
rw_drift,CAN,2009,2012,3,1.75566133205234,-3.294984895788355,,
rw_drift,CAN,2009,2013,4,2.32581356612762,-3.421617770852623,,
rw_drift,CAN,2009,2014,5,2.87346675579731,-3.5482506459168914,,
rw_drift,CHE,2009,2010,1,3.26063082122047,-2.0935803282901797,,
rw_drift,CHE,2009,2011,2,1.40766067483813,-2.2522512075412298,,
rw_drift,CHE,2009,2012,3,1.12413575027705,-2.4109220867922794,,
rw_drift,CHE,2009,2013,4,1.83612392927999,-2.5695929660433294,,
rw_drift,CHE,2009,2014,5,2.54342347675991,-2.728263845294379,,
rw_drift,CHL,2009,2010,1,5.85165102224047,-1.256321568509564,,
rw_drift,CHL,2009,2011,2,6.22389678509138,-1.3946059005903477,,
rw_drift,CHL,2009,2012,3,6.15534001855494,-1.5328902326711316,,
rw_drift,CHL,2009,2013,4,3.30850824710085,-1.6711745647519154,,
rw_drift,CHL,2009,2014,5,1.79264947139259,-1.8094588968326992,,
rw_drift,CHN,2009,2010,1,10.5916903885704,10.170185563098586,,
rw_drift,CHN,2009,2011,2,9.46205248298186,10.934270982833013,,
rw_drift,CHN,2009,2012,3,7.8578201481217,11.698356402567438,,
rw_drift,CHN,2009,2013,4,7.77842954757257,12.462441822301864,,
rw_drift,CHN,2009,2014,5,7.46100735778161,13.22652724203629,,
rw_drift,CIV,2009,2010,1,6.84804939907013,3.4714625335570384,,
rw_drift,CIV,2009,2011,2,-5.37044724000579,3.3396035004435465,,
rw_drift,CIV,2009,2012,3,7.62041176451649,3.207744467330055,,
rw_drift,CIV,2009,2013,4,10.7602131311256,3.075885434216563,,
rw_drift,CIV,2009,2014,5,9.37199994240375,2.9440264011030717,,
rw_drift,CMR,2009,2010,1,2.89902472122014,2.6083261725203637,,
rw_drift,CMR,2009,2011,2,3.37921128506045,2.637400567653188,,
rw_drift,CMR,2009,2012,3,4.62597872209571,2.666474962786012,,
rw_drift,CMR,2009,2013,4,4.99552916130783,2.695549357918836,,
rw_drift,CMR,2009,2014,5,5.71981814509198,2.72462375305166,,
rw_drift,COG,2009,2010,1,9.93126543095578,11.705758906102838,,
rw_drift,COG,2009,2011,2,2.20591936286718,11.774228950629876,,
rw_drift,COG,2009,2012,3,9.94715314257564,11.842698995156914,,
rw_drift,COG,2009,2013,4,-0.712434451876447,11.911169039683951,,
rw_drift,COG,2009,2014,5,6.64606540928447,11.979639084210989,,
rw_drift,COL,2009,2010,1,4.49465897070922,1.057365971753319,,
rw_drift,COL,2009,2011,2,6.94789198173555,0.9750832980260179,,
rw_drift,COL,2009,2012,3,3.91263576716115,0.8928006242987168,,
rw_drift,COL,2009,2013,4,5.13399351995672,0.8105179505714157,,
rw_drift,COL,2009,2014,5,4.49903000110972,0.7282352768441147,,
rw_drift,COM,2009,2010,1,3.77776673684423,3.161410603364613,,
rw_drift,COM,2009,2011,2,4.14350668765977,3.0820804659884766,,
rw_drift,COM,2009,2012,3,3.1684098843342,3.00275032861234,,
rw_drift,COM,2009,2013,4,4.46624729869704,2.923420191236203,,
rw_drift,COM,2009,2014,5,2.10665760321017,2.844090053860066,,
rw_drift,CRI,2009,2010,1,5.36034347722267,-0.9308046867437392,,
rw_drift,CRI,2009,2011,2,4.40315921836142,-0.9881532835418585,,
rw_drift,CRI,2009,2012,3,4.88259252932575,-1.0455018803399776,,
rw_drift,CRI,2009,2013,4,2.49476596233289,-1.102850477138097,,
rw_drift,CRI,2009,2014,5,3.54210997703849,-1.1601990739362162,,
rw_drift,CYP,2009,2010,1,2.28267100119788,-2.6902751947124504,,
rw_drift,CYP,2009,2011,2,0.416711868408683,-3.365468352587961,,
rw_drift,CYP,2009,2012,3,-3.44738151374587,-4.0406615104634716,,
rw_drift,CYP,2009,2013,4,-6.58747751118347,-4.715854668338982,,
rw_drift,CYP,2009,2014,5,-1.77605867728616,-5.391047826214492,,
rw_drift,DEU,2009,2010,1,4.13463778522758,-5.749616894810173,,
rw_drift,DEU,2009,2011,2,3.75796884489337,-5.954679270413607,,
rw_drift,DEU,2009,2012,3,0.463512036709204,-6.159741646017041,,
rw_drift,DEU,2009,2013,4,0.396995583779145,-6.364804021620475,,
rw_drift,DEU,2009,2014,5,2.18018602168017,-6.569866397223908,,
rw_drift,DNK,2009,2010,1,1.58289703108802,-5.21100637901112,,
rw_drift,DNK,2009,2011,2,1.3108037609606,-5.447533701331659,,
rw_drift,DNK,2009,2012,3,-0.0054323016167074,-5.684061023652198,,
rw_drift,DNK,2009,2013,4,1.39267343161971,-5.920588345972738,,
rw_drift,DNK,2009,2014,5,1.27799983192831,-6.157115668293278,,
rw_drift,DOM,2009,2010,1,8.40114541209596,1.0725508818567595,,
rw_drift,DOM,2009,2011,2,3.19196227475523,1.1416488335263288,,
rw_drift,DOM,2009,2012,3,2.77567100848816,1.2107467851958984,,
rw_drift,DOM,2009,2013,4,4.93473300709881,1.279844736865468,,
rw_drift,DOM,2009,2014,5,7.11122629673892,1.3489426885350375,,
rw_drift,DZA,2009,2010,1,4.80000000093564,1.508446693951325,,
rw_drift,DZA,2009,2011,2,2.99999999941909,1.8168933882074603,,
rw_drift,DZA,2009,2012,3,2.40000000034432,2.1253400824635955,,
rw_drift,DZA,2009,2013,4,2.60000000061164,2.4337867767197303,,
rw_drift,DZA,2009,2014,5,4.09999999866501,2.742233470975865,,
rw_drift,ECU,2009,2010,1,4.02913787986621,1.0069837633926961,,
rw_drift,ECU,2009,2011,2,8.48147656332823,0.9229545569542924,,
rw_drift,ECU,2009,2012,3,5.783212336172,0.8389253505158887,,
rw_drift,ECU,2009,2013,4,7.21123653679159,0.7548961440774848,,
rw_drift,ECU,2009,2014,5,4.22606520388456,0.670866937639081,,
rw_drift,EGY,2009,2010,1,5.14723485746742,4.663443251185425,,
rw_drift,EGY,2009,2011,2,1.76457194806041,4.65328670236422,,
rw_drift,EGY,2009,2012,3,2.22619979818487,4.643130153543014,,
rw_drift,EGY,2009,2013,4,2.18546605363386,4.632973604721809,,
rw_drift,EGY,2009,2014,5,2.91591188052836,4.6228170559006045,,
rw_drift,ESP,2009,2010,1,0.0941223116369514,-4.093274892729504,,
rw_drift,ESP,2009,2011,2,-0.639920636520344,-4.418416716058477,,
rw_drift,ESP,2009,2012,3,-2.86511368637748,-4.74355853938745,,
rw_drift,ESP,2009,2013,4,-1.42732224757626,-5.068700362716424,,
rw_drift,ESP,2009,2014,5,1.52048593647231,-5.393842186045397,,
rw_drift,FIN,2009,2010,1,3.1682879121621,-8.40271244527447,,
rw_drift,FIN,2009,2011,2,2.39039455396828,-8.72939372502501,,
rw_drift,FIN,2009,2012,3,-1.52284013040689,-9.056075004775552,,
rw_drift,FIN,2009,2013,4,-0.979741024949618,-9.382756284526094,,
rw_drift,FIN,2009,2014,5,-0.4780684247837,-9.709437564276634,,
rw_drift,FJI,2009,2010,1,2.95467268842502,-1.488196260700379,,
rw_drift,FJI,2009,2011,2,2.70514231228027,-1.5903550005448677,,
rw_drift,FJI,2009,2012,3,1.41131415220703,-1.6925137403893566,,
rw_drift,FJI,2009,2013,4,4.7342203729816,-1.7946724802338456,,
rw_drift,FJI,2009,2014,5,5.60351397766961,-1.8968312200783344,,
rw_drift,FRA,2009,2010,1,2.00032476039051,-2.9864468912509836,,
rw_drift,FRA,2009,2011,2,2.43757653729007,-3.1483422453541374,,
rw_drift,FRA,2009,2012,3,0.183835264973013,-3.310237599457291,,
rw_drift,FRA,2009,2013,4,0.781756446231,-3.4721329535604446,,
rw_drift,FRA,2009,2014,5,0.997832947295251,-3.6340283076635984,,
rw_drift,GAB,2009,2010,1,7.08988731455126,-0.17459621491289506,,
rw_drift,GAB,2009,2011,2,7.09175334258654,-0.4795235496424071,,
rw_drift,GAB,2009,2012,3,5.25107691750407,-0.7844508843719191,,
rw_drift,GAB,2009,2013,4,5.63869900338696,-1.0893782191014312,,
rw_drift,GAB,2009,2014,5,4.31496444107469,-1.3943055538309432,,
rw_drift,GBR,2009,2010,1,2.26054460931586,-4.739256575712101,,
rw_drift,GBR,2009,2011,2,0.851437739020326,-4.891104959160971,,
rw_drift,GBR,2009,2012,3,1.52826034721852,-5.0429533426098425,,
rw_drift,GBR,2009,2013,4,1.71846961308464,-5.194801726058714,,
rw_drift,GBR,2009,2014,5,3.16017351468152,-5.346650109507585,,
rw_drift,GEO,2009,2010,1,6.24640865303363,-3.8281834000622124,,
rw_drift,GEO,2009,2011,2,7.9343365253078,-4.005614504156205,,
rw_drift,GEO,2009,2012,3,6.57883101954195,-4.183045608250198,,
rw_drift,GEO,2009,2013,4,5.13288531209382,-4.36047671234419,,
rw_drift,GEO,2009,2014,5,4.09049059581743,-4.5379078164381825,,
rw_drift,GHA,2009,2010,1,7.89971194051621,4.8739623233574685,,
rw_drift,GHA,2009,2011,2,14.0471235803149,4.903437594964178,,
rw_drift,GHA,2009,2012,3,9.2927894063005,4.932912866570886,,
rw_drift,GHA,2009,2013,4,7.31252501678145,4.962388138177595,,
rw_drift,GHA,2009,2014,5,2.85624016330883,4.991863409784304,,
rw_drift,GMB,2009,2010,1,5.90833580968288,6.8244320294518594,,
rw_drift,GMB,2009,2011,2,-8.13044422315659,6.98313975106702,,
rw_drift,GMB,2009,2012,3,5.24156924630741,7.141847472682179,,
rw_drift,GMB,2009,2013,4,2.872768790327,7.300555194297338,,
rw_drift,GMB,2009,2014,5,-1.40738249510954,7.459262915912498,,
rw_drift,GNB,2009,2010,1,5.60536311358261,2.615291022020916,,
rw_drift,GNB,2009,2011,2,8.08504167173554,2.7826309830549816,,
rw_drift,GNB,2009,2012,3,-1.71286958446419,2.9499709440890474,,
rw_drift,GNB,2009,2013,4,3.25607190852087,3.117310905123113,,
rw_drift,GNB,2009,2014,5,0.964525745841428,3.284650866157179,,
rw_drift,GRC,2009,2010,1,-5.6937412158003,-4.4801742894917,,
rw_drift,GRC,2009,2011,2,-9.87677875300243,-4.841072511833289,,
rw_drift,GRC,2009,2012,3,-8.33113421099992,-5.201970734174879,,
rw_drift,GRC,2009,2013,4,-2.27211699888024,-5.562868956516469,,
rw_drift,GRC,2009,2014,5,0.792225060962835,-5.923767178858059,,
rw_drift,GTM,2009,2010,1,2.88417542800377,0.39728101821825884,,
rw_drift,GTM,2009,2011,2,4.16390688293349,0.3176639298401237,,
rw_drift,GTM,2009,2012,3,2.97470856847661,0.23804684146198857,,
rw_drift,GTM,2009,2013,4,3.69476814623695,0.15842975308385343,,
rw_drift,GTM,2009,2014,5,4.44397825774911,0.0788126647057183,,
rw_drift,HKG,2009,2010,1,6.76770683250318,-2.815473355157914,,
rw_drift,HKG,2009,2011,2,4.81466801092733,-3.171855205631708,,
rw_drift,HKG,2009,2012,3,1.70032214482865,-3.5282370561055014,,
rw_drift,HKG,2009,2013,4,3.10155262780289,-3.8846189065792953,,
rw_drift,HKG,2009,2014,5,2.76241378329884,-4.241000757053089,,
rw_drift,HND,2009,2010,1,3.73114034433009,-2.516944390219863,,
rw_drift,HND,2009,2011,2,3.83569066207505,-2.602260900559616,,
rw_drift,HND,2009,2012,3,4.12868774866939,-2.687577410899369,,
rw_drift,HND,2009,2013,4,2.79155975746801,-2.772893921239122,,
rw_drift,HND,2009,2014,5,3.0580805621437,-2.8582104315788754,,
rw_drift,HTI,2009,2010,1,-5.65151153448299,6.074178099270472,,
rw_drift,HTI,2009,2011,2,5.09821354410036,6.257977250097784,,
rw_drift,HTI,2009,2012,3,0.502424403581585,6.441776400925097,,
rw_drift,HTI,2009,2013,4,4.32478411472874,6.625575551752409,,
rw_drift,HTI,2009,2014,5,2.88877250863379,6.809374702579721,,
rw_drift,HUN,2009,2010,1,1.06795068152046,-6.978502877871834,,
rw_drift,HUN,2009,2011,2,1.91670916599742,-7.216839671193467,,
rw_drift,HUN,2009,2012,3,-1.33948446518181,-7.455176464515102,,
rw_drift,HUN,2009,2013,4,2.03216990678146,-7.693513257836735,,
rw_drift,HUN,2009,2014,5,4.33435364113967,-7.931850051158369,,
rw_drift,IDN,2009,2010,1,6.22385418062366,4.605709210892642,,
rw_drift,IDN,2009,2011,2,6.16978420771008,4.5825472392237545,,
rw_drift,IDN,2009,2012,3,6.03005065305615,4.559385267554867,,
rw_drift,IDN,2009,2013,4,5.5572636889101,4.536223295885979,,
rw_drift,IDN,2009,2014,5,5.006668425755,4.513061324217092,,
rw_drift,IND,2009,2010,1,8.49758470165625,7.948121047624125,,
rw_drift,IND,2009,2011,2,5.24131620024293,8.034353262214449,,
rw_drift,IND,2009,2012,3,5.45638755164772,8.120585476804774,,
rw_drift,IND,2009,2013,4,6.38610640091713,8.206817691395099,,
rw_drift,IND,2009,2014,5,7.41022760516977,8.293049905985423,,
rw_drift,IRL,2009,2010,1,1.68297175486512,-5.306448444717798,,
rw_drift,IRL,2009,2011,2,1.60886648916944,-5.517114110297137,,
rw_drift,IRL,2009,2012,3,-0.40502941658977,-5.727779775876475,,
rw_drift,IRL,2009,2013,4,2.1929375750029,-5.938445441455814,,
rw_drift,IRL,2009,2014,5,9.38579335130922,-6.149111107035152,,
rw_drift,IRN,2009,2010,1,5.79793830169604,0.811895189215397,,
rw_drift,IRN,2009,2011,2,2.6457179180628,0.616404920526044,,
rw_drift,IRN,2009,2012,3,-3.74717139864109,0.42091465183669086,,
rw_drift,IRN,2009,2013,4,-1.52197920494184,0.22542438314733781,,
rw_drift,IRN,2009,2014,5,4.98477506709476,0.029934114457984773,,
rw_drift,IRQ,2009,2010,1,6.40256484471193,3.2970809908623906,,
rw_drift,IRQ,2009,2011,2,7.546471200426,3.2148628872970706,,
rw_drift,IRQ,2009,2012,3,13.9364301737537,3.132644783731751,,
rw_drift,IRQ,2009,2013,4,7.62828592298754,3.0504266801664315,,
rw_drift,IRQ,2009,2014,5,2.26368817563613,2.968208576601112,,
rw_drift,ISL,2009,2010,1,-2.22181843777449,-8.493282484264746,,
rw_drift,ISL,2009,2011,2,1.37999669197329,-8.665100819146883,,
rw_drift,ISL,2009,2012,3,1.16931174934061,-8.836919154029019,,
rw_drift,ISL,2009,2013,4,3.59695697128252,-9.008737488911155,,
rw_drift,ISL,2009,2014,5,1.91381613095174,-9.18055582379329,,
rw_drift,ISR,2009,2010,1,5.54470607068944,1.0121807441488926,,
rw_drift,ISR,2009,2011,2,5.51341969081251,0.8041866797968251,,
rw_drift,ISR,2009,2012,3,2.40993765217618,0.5961926154447575,,
rw_drift,ISR,2009,2013,4,4.09013743330735,0.3881985510926901,,
rw_drift,ISR,2009,2014,5,3.718144149431,0.1802044867406225,,
rw_drift,ITA,2009,2010,1,1.52910573247101,-5.586662345428174,,
rw_drift,ITA,2009,2011,2,0.695463154440176,-5.868170678516437,,
rw_drift,ITA,2009,2012,3,-3.12523877282996,-6.1496790116047,,
rw_drift,ITA,2009,2013,4,-1.81802510749792,-6.4311873446929635,,
rw_drift,ITA,2009,2014,5,-0.0013876173045446,-6.712695677781227,,
rw_drift,JPN,2009,2010,1,4.13645589222239,-6.310513586217617,,
rw_drift,JPN,2009,2011,2,-0.20035785332982,-6.685086034038833,,
rw_drift,JPN,2009,2012,3,1.64893452981225,-7.05965848186005,,
rw_drift,JPN,2009,2013,4,1.99727653399265,-7.4342309296812665,,
rw_drift,JPN,2009,2014,5,0.905915486065865,-7.808803377502484,,
rw_drift,KEN,2009,2010,1,8.05847360290906,3.5378059563114617,,
rw_drift,KEN,2009,2011,2,5.1211061197056,3.768672096312033,,
rw_drift,KEN,2009,2012,3,4.56867961444982,3.9995382363126044,,
rw_drift,KEN,2009,2013,4,3.7978483925754,4.230404376313176,,
rw_drift,KEN,2009,2014,5,5.02011100232484,4.461270516313748,,
rw_drift,KGZ,2009,2010,1,-0.471566596791618,2.8674912209897014,,
rw_drift,KGZ,2009,2011,2,5.95627429693504,2.8486878666020927,,
rw_drift,KGZ,2009,2012,3,-0.0881501998439376,2.829884512214484,,
rw_drift,KGZ,2009,2013,4,10.9154694528045,2.8110811578268753,,
rw_drift,KGZ,2009,2014,5,4.02403863083252,2.7922778034392666,,
rw_drift,KHM,2009,2010,1,5.07691843229247,4.198256642535821,,
rw_drift,KHM,2009,2011,2,7.28665813879552,4.321734779080992,,
rw_drift,KHM,2009,2012,3,7.65025657870362,4.445212915626163,,
rw_drift,KHM,2009,2013,4,7.8574997554252,4.568691052171335,,
rw_drift,KHM,2009,2014,5,8.00032074618566,4.692169188716506,,
rw_drift,KOR,2009,2010,1,6.98166138853071,0.6927674732529158,,
rw_drift,KOR,2009,2011,2,3.6880320602952,0.5656731900878815,,
rw_drift,KOR,2009,2012,3,2.54766550568242,0.4385789069228472,,
rw_drift,KOR,2009,2013,4,3.2913959543442,0.31148462375781294,,
rw_drift,KOR,2009,2014,5,3.21468019683108,0.1843903405927787,,
rw_drift,KWT,2009,2010,1,-2.37054804425912,-7.447628467198034,,
rw_drift,KWT,2009,2011,2,9.62863419534361,-7.819200503661958,,
rw_drift,KWT,2009,2012,3,6.62587485078971,-8.19077254012588,,
rw_drift,KWT,2009,2013,4,1.14946552780648,-8.562344576589805,,
rw_drift,KWT,2009,2014,5,0.500914669444924,-8.933916613053729,,
rw_drift,LBY,2009,2010,1,5.0272476723775,-4.698014798146261,,
rw_drift,LBY,2009,2011,2,-50.3385151384986,-4.995847833190422,,
rw_drift,LBY,2009,2012,3,86.8267484395784,-5.293680868234583,,
rw_drift,LBY,2009,2013,4,-17.9979615745681,-5.591513903278745,,
rw_drift,LBY,2009,2014,5,-23.0428058282215,-5.889346938322906,,
rw_drift,LKA,2009,2010,1,8.01596737040464,3.53297359562723,,
rw_drift,LKA,2009,2011,2,8.66948301160571,3.5270351380760396,,
rw_drift,LKA,2009,2012,3,8.6321813769906,3.5210966805248494,,
rw_drift,LKA,2009,2013,4,4.0517463303875,3.5151582229736595,,
rw_drift,LKA,2009,2014,5,6.37797889684965,3.5092197654224693,,
rw_drift,LUX,2009,2010,1,3.76040578658925,-3.3862221482365467,,
rw_drift,LUX,2009,2011,2,1.0442860057217,-3.5334916080800136,,
rw_drift,LUX,2009,2012,3,1.64971134354685,-3.68076106792348,,
rw_drift,LUX,2009,2013,4,3.17168513780955,-3.828030527766947,,
rw_drift,LUX,2009,2014,5,2.62308838097542,-3.9752999876104136,,
rw_drift,MAC,2009,2010,1,25.1031075246958,0.9627949838209784,,
rw_drift,MAC,2009,2011,2,21.6223064381087,0.6272104987908368,,
rw_drift,MAC,2009,2012,3,9.21747479596735,0.2916260137606952,,
rw_drift,MAC,2009,2013,4,10.7816711590297,-0.04395847126944652,,
rw_drift,MAC,2009,2014,5,-2.03874227961819,-0.37954295629958823,,
rw_drift,MAR,2009,2010,1,3.49955709403216,3.5961724499815437,,
rw_drift,MAR,2009,2011,2,5.52464523319847,3.4465754986005077,,
rw_drift,MAR,2009,2012,3,3.06234368502997,3.2969785472194717,,
rw_drift,MAR,2009,2013,4,4.12221286860944,3.1473815958384352,,
rw_drift,MAR,2009,2014,5,2.7192440802029,2.997784644457399,,
rw_drift,MDG,2009,2010,1,0.619239744622121,-4.1042782233682935,,
rw_drift,MDG,2009,2011,2,1.57842705366555,-4.229847835082187,,
rw_drift,MDG,2009,2012,3,3.01114811621208,-4.35541744679608,,
rw_drift,MDG,2009,2013,4,2.30037622800727,-4.480987058509974,,
rw_drift,MDG,2009,2014,5,3.33920311195367,-4.606556670223867,,
rw_drift,MEX,2009,2010,1,4.9713345832195,-6.530568287133202,,
rw_drift,MEX,2009,2011,2,3.44404505297089,-6.765886007293535,,
rw_drift,MEX,2009,2012,3,3.55321076010608,-7.001203727453867,,
rw_drift,MEX,2009,2013,4,0.852101550164704,-7.2365214476142,,
rw_drift,MEX,2009,2014,5,2.50376350783593,-7.471839167774532,,
rw_drift,MLI,2009,2010,1,5.57678859793515,5.49732893001593,,
rw_drift,MLI,2009,2011,2,2.93537897118415,5.539922233195169,,
rw_drift,MLI,2009,2012,3,-1.07239924147837,5.582515536374407,,
rw_drift,MLI,2009,2013,4,3.29068742053545,5.625108839553646,,
rw_drift,MLI,2009,2014,5,6.50263878386326,5.667702142732885,,
rw_drift,MLT,2009,2010,1,6.19734978656928,-1.4965454344408284,,
rw_drift,MLT,2009,2011,2,0.992201768011597,-1.5978413074336266,,
rw_drift,MLT,2009,2012,3,4.10167460261891,-1.699137180426425,,
rw_drift,MLT,2009,2013,4,6.29233378116625,-1.8004330534192234,,
rw_drift,MLT,2009,2014,5,7.6313628225042,-1.9017289264120216,,
rw_drift,MNG,2009,2010,1,6.3651616786311,-1.6245520861250655,,
rw_drift,MNG,2009,2011,2,17.2907775869555,-1.980505236167311,,
rw_drift,MNG,2009,2012,3,12.3198198494032,-2.3364583862095567,,
rw_drift,MNG,2009,2013,4,11.6489161878925,-2.692411536251802,,
rw_drift,MNG,2009,2014,5,7.88522548204762,-3.0483646862940477,,
rw_drift,MRT,2009,2010,1,2.62022952055378,0.08449858459689334,,
rw_drift,MRT,2009,2011,2,4.17278328304418,0.07112129722098318,,
rw_drift,MRT,2009,2012,3,4.47001318233693,0.057744009845073024,,
rw_drift,MRT,2009,2013,4,4.15081318627171,0.044366722469162866,,
rw_drift,MRT,2009,2014,5,4.27482327130284,0.030989435093252707,,
rw_drift,MUS,2009,2010,1,4.39672657214976,2.957571445873266,,
rw_drift,MUS,2009,2011,2,4.14555262561014,2.551621985673412,,
rw_drift,MUS,2009,2012,3,3.51062090167264,2.1456725254735582,,
rw_drift,MUS,2009,2013,4,3.39755085220649,1.7397230652737041,,
rw_drift,MUS,2009,2014,5,3.85773905280689,1.33377360507385,,
rw_drift,MYS,2009,2010,1,7.42484738326097,-1.7033521059094305,,
rw_drift,MYS,2009,2011,2,5.29391283414003,-1.893175495831721,,
rw_drift,MYS,2009,2012,3,5.47345419253853,-2.0829988857540114,,
rw_drift,MYS,2009,2013,4,4.69372252557893,-2.272822275676302,,
rw_drift,MYS,2009,2014,5,6.00672194558203,-2.4626456655985924,,
rw_drift,NER,2009,2010,1,8.57816674262253,1.9087719042452989,,
rw_drift,NER,2009,2011,2,2.35775693603874,1.8549429015441474,,
rw_drift,NER,2009,2012,3,10.5489445763446,1.801113898842996,,
rw_drift,NER,2009,2013,4,5.31513063394726,1.7472848961418448,,
rw_drift,NER,2009,2014,5,6.64213665495603,1.6934558934406936,,
rw_drift,NIC,2009,2010,1,4.41009911716546,-3.517465336892838,,
rw_drift,NIC,2009,2011,2,6.31668553491842,-3.7422655151659763,,
rw_drift,NIC,2009,2012,3,6.4961364710876,-3.967065693439114,,
rw_drift,NIC,2009,2013,4,4.92709413447304,-4.1918658717122526,,
rw_drift,NIC,2009,2014,5,4.78546013589983,-4.41666604998539,,
rw_drift,NLD,2009,2010,1,1.31935287897116,-3.747798719504811,,
rw_drift,NLD,2009,2011,2,1.77330320575034,-3.8303159689813615,,
rw_drift,NLD,2009,2012,3,-0.977826121310997,-3.912833218457912,,
rw_drift,NLD,2009,2013,4,-0.0302410184270769,-3.995350467934463,,
rw_drift,NLD,2009,2014,5,1.61255885112396,-4.077867717411014,,
rw_drift,NOR,2009,2010,1,1.00493269017117,-1.777575833218694,,
rw_drift,NOR,2009,2011,2,1.38505117083945,-1.941880146978698,,
rw_drift,NOR,2009,2012,3,2.82395673492459,-2.1061844607387017,,
rw_drift,NOR,2009,2013,4,1.27290177696287,-2.270488774498706,,
rw_drift,NOR,2009,2014,5,2.09521388080101,-2.4347930882587097,,
rw_drift,NPL,2009,2010,1,4.81641464694573,4.587762323665073,,
rw_drift,NPL,2009,2011,2,3.42180870116162,4.642445922681546,,
rw_drift,NPL,2009,2012,3,4.67014192446953,4.697129521698018,,
rw_drift,NPL,2009,2013,4,3.52515317129149,4.75181312071449,,
rw_drift,NPL,2009,2014,5,6.01148284250441,4.806496719730963,,
rw_drift,NZL,2009,2010,1,1.47182504276788,-0.11017466878741998,,
rw_drift,NZL,2009,2011,2,2.1445004445998,-0.18008945236972296,,
rw_drift,NZL,2009,2012,3,2.30256429520961,-0.2500042359520259,,
rw_drift,NZL,2009,2013,4,2.5648360739867,-0.3199190195343289,,
rw_drift,NZL,2009,2014,5,3.81933619307242,-0.38983380311663185,,
rw_drift,OMN,2009,2010,1,2.47199856582773,6.082849460399916,,
rw_drift,OMN,2009,2011,2,2.89460973541192,6.183731971755812,,
rw_drift,OMN,2009,2012,3,8.86312225557018,6.2846144831117075,,
rw_drift,OMN,2009,2013,4,5.22770408145942,6.385496994467603,,
rw_drift,OMN,2009,2014,5,1.29225229411081,6.486379505823499,,
rw_drift,PAK,2009,2010,1,1.50171752152883,3.420159016014773,,
rw_drift,PAK,2009,2011,2,2.68011685421705,3.367767436356066,,
rw_drift,PAK,2009,2012,3,3.02758391088629,3.3153758566973592,,
rw_drift,PAK,2009,2013,4,4.36686504978387,3.2629842770386523,,
rw_drift,PAK,2009,2014,5,4.11642817161422,3.2105926973799455,,
rw_drift,PAN,2009,2010,1,6.07339353106087,1.417807168471749,,
rw_drift,PAN,2009,2011,2,11.9088772249531,1.223750277182948,,
rw_drift,PAN,2009,2012,3,9.62729346439019,1.0296933858941473,,
rw_drift,PAN,2009,2013,4,6.32435388662846,0.8356364946053462,,
rw_drift,PAN,2009,2014,5,4.62581375565551,0.6415796033165452,,
rw_drift,PER,2009,2010,1,8.33245910749577,0.9655888119049295,,
rw_drift,PER,2009,2011,2,6.32719240161117,0.835353964567159,,
rw_drift,PER,2009,2012,3,6.13972470560435,0.7051191172293885,,
rw_drift,PER,2009,2013,4,5.85251821084928,0.574884269891618,,
rw_drift,PER,2009,2014,5,2.38215737180541,0.44464942255384754,,
rw_drift,PHL,2009,2010,1,7.33449996034538,1.3598408150995889,,
rw_drift,PHL,2009,2011,2,3.85823282795663,1.2713585674424877,,
rw_drift,PHL,2009,2012,3,6.89695171050985,1.1828763197853864,,
rw_drift,PHL,2009,2013,4,6.75053130142255,1.0943940721282852,,
rw_drift,PHL,2009,2014,5,6.34798748260867,1.005911824471184,,
rw_drift,PRT,2009,2010,1,1.73762453640036,-3.302432082540088,,
rw_drift,PRT,2009,2011,2,-1.71352745905065,-3.4827858896292465,,
rw_drift,PRT,2009,2012,3,-4.05090267621935,-3.6631396967184044,,
rw_drift,PRT,2009,2013,4,-0.984106574148328,-3.8434935038075624,,
rw_drift,PRT,2009,2014,5,0.741391420706506,-4.023847310896721,,
rw_drift,PRY,2009,2010,1,11.0952312685521,-0.410333637295067,,
rw_drift,PRY,2009,2011,2,4.28637120702282,-0.559529946509853,,
rw_drift,PRY,2009,2012,3,-0.708043112316886,-0.708726255724639,,
rw_drift,PRY,2009,2013,4,8.29307648940471,-0.857922564939425,,
rw_drift,PRY,2009,2014,5,5.30123864473624,-1.007118874154211,,
rw_drift,QAT,2009,2010,1,16.7315558489187,12.008859176083316,,
rw_drift,QAT,2009,2011,2,13.0214050496923,12.060167061043932,,
rw_drift,QAT,2009,2012,3,4.62623675511804,12.111474946004547,,
rw_drift,QAT,2009,2013,4,4.43070196521455,12.162782830965163,,
rw_drift,QAT,2009,2014,5,4.11911527912761,12.21409071592578,,
rw_drift,RUS,2009,2010,1,4.49999999920672,-8.052625400622302,,
rw_drift,RUS,2009,2011,2,4.30002918604238,-8.305256888531854,,
rw_drift,RUS,2009,2012,3,4.0240861571798,-8.557888376441408,,
rw_drift,RUS,2009,2013,4,1.75542214916291,-8.81051986435096,,
rw_drift,RUS,2009,2014,5,0.736267221403651,-9.063151352260512,,
rw_drift,RWA,2009,2010,1,7.33465645016436,6.467961331089863,,
rw_drift,RWA,2009,2011,2,7.95838869909085,6.687665155137075,,
rw_drift,RWA,2009,2012,3,8.64150815708138,6.907368979184287,,
rw_drift,RWA,2009,2013,4,4.71984856950924,7.1270728032315,,
rw_drift,RWA,2009,2014,5,5.66845354233575,7.346776627278712,,
rw_drift,SAU,2009,2010,1,5.0395150823517,-1.3363747830421182,,
rw_drift,SAU,2009,2011,2,11.758820686671,-1.6060324536822064,,
rw_drift,SAU,2009,2012,3,5.76157382270968,-1.8756901243222945,,
rw_drift,SAU,2009,2013,4,2.94563789152025,-2.1453477949623827,,
rw_drift,SAU,2009,2014,5,4.02467158380668,-2.415005465602471,,
rw_drift,SDN,2009,2010,1,3.85824195230107,-2.8258313597407105,,
rw_drift,SDN,2009,2011,2,-3.21353209253371,-2.883958353490041,,
rw_drift,SDN,2009,2012,3,-17.0046884048945,-2.942085347239372,,
rw_drift,SDN,2009,2013,4,1.95514463302422,-3.0002123409887025,,
rw_drift,SDN,2009,2014,5,4.66137954229873,-3.058339334738033,,
rw_drift,SEN,2009,2010,1,3.39088925336209,2.74707648930638,,
rw_drift,SEN,2009,2011,2,1.33409107961258,2.7420484940622303,,
rw_drift,SEN,2009,2012,3,4.00299555090457,2.73702049881808,,
rw_drift,SEN,2009,2013,4,2.41238527605579,2.73199250357393,,
rw_drift,SEN,2009,2014,5,6.22407443790986,2.72696450832978,,
rw_drift,SGP,2009,2010,1,14.5197497108994,-0.03891278650104937,,
rw_drift,SGP,2009,2011,2,6.21493416858989,-0.20577895578018673,,
rw_drift,SGP,2009,2012,3,4.43549759378537,-0.3726451250593241,,
rw_drift,SGP,2009,2013,4,4.81763099120676,-0.5395112943384615,,
rw_drift,SGP,2009,2014,5,3.93554027709007,-0.7063774636175988,,
rw_drift,SLB,2009,2010,1,9.70817235491481,3.0313588993896157,,
rw_drift,SLB,2009,2011,2,7.43023752099302,3.1978547024727217,,
rw_drift,SLB,2009,2012,3,2.46591837712438,3.3643505055558274,,
rw_drift,SLB,2009,2013,4,5.23744704670068,3.5308463086389335,,
rw_drift,SLB,2009,2014,5,1.18945509547778,3.697342111722039,,
rw_drift,SLV,2009,2010,1,2.15419536693635,-2.324347588330931,,
rw_drift,SLV,2009,2011,2,3.80688113429295,-2.539926800386642,,
rw_drift,SLV,2009,2012,3,2.82262371802327,-2.7555060124423534,,
rw_drift,SLV,2009,2013,4,2.23562439198375,-2.971085224498064,,
rw_drift,SLV,2009,2014,5,1.70870628357073,-3.1866644365537753,,
rw_drift,SWE,2009,2010,1,5.75076477579255,-4.462632731029444,,
rw_drift,SWE,2009,2011,2,3.16388567406926,-4.669651619982697,,
rw_drift,SWE,2009,2012,3,-0.414397702454409,-4.87667050893595,,
rw_drift,SWE,2009,2013,4,1.13766671801426,-5.083689397889204,,
rw_drift,SWE,2009,2014,5,2.29577238758284,-5.290708286842458,,
rw_drift,SYC,2009,2010,1,4.50513204312067,-2.4293155221287512,,
rw_drift,SYC,2009,2011,2,9.5097833517957,-2.3792550969961326,,
rw_drift,SYC,2009,2012,3,3.1106784939243,-2.329194671863514,,
rw_drift,SYC,2009,2013,4,1.25373496242949,-2.2791342467308953,,
rw_drift,SYC,2009,2014,5,4.0636918123521,-2.2290738215982766,,
rw_drift,TCD,2009,2010,1,13.6738272725339,-1.4667415075665813,,
rw_drift,TCD,2009,2011,2,4.49542967058827,-1.5252003887572427,,
rw_drift,TCD,2009,2012,3,9.06180392253447,-1.583659269947904,,
rw_drift,TCD,2009,2013,4,2.83821524730293,-1.6421181511385652,,
rw_drift,TCD,2009,2014,5,2.06283074361411,-1.7005770323292266,,
rw_drift,TGO,2009,2010,1,5.85433399076879,5.313904585818043,,
rw_drift,TGO,2009,2011,2,5.82325622135289,5.173998202432767,,
rw_drift,TGO,2009,2012,3,6.30271426865185,5.0340918190474895,,
rw_drift,TGO,2009,2013,4,5.82425069283059,4.894185435662213,,
rw_drift,TGO,2009,2014,5,5.63323739145223,4.754279052276936,,
rw_drift,THA,2009,2010,1,7.51339053261624,-0.8167174934253384,,
rw_drift,THA,2009,2011,2,0.840132083053334,-0.9428167545500978,,
rw_drift,THA,2009,2012,3,7.24279620249642,-1.0689160156748572,,
rw_drift,THA,2009,2013,4,2.68749556320556,-1.1950152767996167,,
rw_drift,THA,2009,2014,5,0.984468863619426,-1.321114537924376,,
rw_drift,TON,2009,2010,1,0.824396914081831,-5.494750177129355,,
rw_drift,TON,2009,2011,2,6.70369746238768,-5.860322162753391,,
rw_drift,TON,2009,2012,3,0.919761024923076,-6.225894148377427,,
rw_drift,TON,2009,2013,4,0.393922530137331,-6.591466134001463,,
rw_drift,TON,2009,2014,5,1.99053769890816,-6.957038119625499,,
rw_drift,TUN,2009,2010,1,2.97113275066512,3.2058657541247486,,
rw_drift,TUN,2009,2011,2,-2.04663389535644,3.3682813845339776,,
rw_drift,TUN,2009,2012,3,4.21667711535632,3.530697014943206,,
rw_drift,TUN,2009,2013,4,2.42993096446429,3.6931126453524348,,
rw_drift,TUN,2009,2014,5,3.09032803070775,3.855528275761664,,
rw_drift,TUR,2009,2010,1,8.54219848467686,-5.008501587950983,,
rw_drift,TUR,2009,2011,2,10.9799625273598,-5.134309158835635,,
rw_drift,TUR,2009,2012,3,4.80762696633448,-5.260116729720288,,
rw_drift,TUR,2009,2013,4,8.48825689298511,-5.38592430060494,,
rw_drift,TUR,2009,2014,5,4.60079447270559,-5.511731871489593,,
rw_drift,TZA,2009,2010,1,6.33652342666889,5.355163767428364,,
rw_drift,TZA,2009,2011,2,7.67215543486064,5.4412222861220965,,
rw_drift,TZA,2009,2012,3,4.50015356010131,5.52728080481583,,
rw_drift,TZA,2009,2013,4,6.78158560065316,5.613339323509563,,
rw_drift,TZA,2009,2014,5,6.73246186832483,5.699397842203297,,
rw_drift,UGA,2009,2010,1,5.63761163749757,6.842169642277972,,
rw_drift,UGA,2009,2011,2,9.3916554927176,6.882821935951995,,
rw_drift,UGA,2009,2012,3,3.83745560605229,6.923474229626017,,
rw_drift,UGA,2009,2013,4,3.58690582623025,6.964126523300039,,
rw_drift,UGA,2009,2014,5,5.10630732539796,7.004778816974062,,
rw_drift,UKR,2009,2010,1,4.09200436668087,-15.97946463299563,,
rw_drift,UKR,2009,2011,2,5.44528081048476,-16.822461355841057,,
rw_drift,UKR,2009,2012,3,0.152314967200653,-17.665458078686484,,
rw_drift,UKR,2009,2013,4,0.045439094492707,-18.50845480153191,,
rw_drift,UKR,2009,2014,5,-10.0788949840953,-19.351451524377342,,
rw_drift,URY,2009,2010,1,7.8034096507169,4.279962033719414,,
rw_drift,URY,2009,2011,2,5.16213302463606,4.316429872814569,,
rw_drift,URY,2009,2012,3,3.53817872056869,4.3528977119097245,,
rw_drift,URY,2009,2013,4,4.63753862902416,4.389365551004879,,
rw_drift,URY,2009,2014,5,3.23879122952364,4.425833390100033,,
rw_drift,USA,2009,2010,1,2.69519258673525,-2.6780939915934825,,
rw_drift,USA,2009,2011,2,1.56440685205419,-2.7796877465217644,,
rw_drift,USA,2009,2012,3,2.28911339009767,-2.881281501450047,,
rw_drift,USA,2009,2013,4,2.11783009443471,-2.9828752563783287,,
rw_drift,USA,2009,2014,5,2.52381981757846,-3.084469011306611,,
rw_drift,VNM,2009,2010,1,6.42324482239482,5.464232618143157,,
rw_drift,VNM,2009,2011,2,6.41316889681683,5.530567696144505,,
rw_drift,VNM,2009,2012,3,5.5045447041189,5.596902774145852,,
rw_drift,VNM,2009,2013,4,5.55351081026072,5.6632378521471995,,
rw_drift,VNM,2009,2014,5,6.42224312118567,5.729572930148548,,
rw_drift,VUT,2009,2010,1,1.25886720329254,3.5351349288848724,,
rw_drift,VUT,2009,2011,2,3.13980290023437,4.032966316773354,,
rw_drift,VUT,2009,2012,3,1.01004768692017,4.530797704661837,,
rw_drift,VUT,2009,2013,4,0.463390415135436,5.02862909255032,,
rw_drift,VUT,2009,2014,5,3.10512947273315,5.526460480438802,,
rw_drift,ZAF,2009,2010,1,3.03973288127956,-1.6502312868599283,,
rw_drift,ZAF,2009,2011,2,3.16855627858818,-1.7623734384640266,,
rw_drift,ZAF,2009,2012,3,2.39623238465745,-1.8745155900681252,,
rw_drift,ZAF,2009,2013,4,2.48546800826588,-1.9866577416722235,,
rw_drift,ZAF,2009,2014,5,1.41382645223793,-2.098799893276322,,
rw_drift,ABW,2014,2015,1,3.61147906591042,0.8834205536285483,,
rw_drift,ABW,2014,2016,2,1.23433537363427,0.34074159570134666,,
rw_drift,ABW,2014,2017,3,3.49342985290626,-0.20193736222585512,,
rw_drift,ABW,2014,2018,4,3.21247111920076,-0.7446163201530567,,
rw_drift,ABW,2014,2019,5,1.22914408896015,-1.2872952780802582,,
rw_drift,ALB,2014,2015,1,2.2277040745779,2.134002458721726,,
rw_drift,ALB,2014,2016,2,3.90893551362245,2.027777963617032,,
rw_drift,ALB,2014,2017,3,3.28317593330073,1.921553468512338,,
rw_drift,ALB,2014,2018,4,3.67141928098908,1.815328973407644,,
rw_drift,ALB,2014,2019,5,2.06257790176122,1.70910447830295,,
rw_drift,AUS,2014,2015,1,2.16434780647852,2.6034602042850774,,
rw_drift,AUS,2014,2016,2,2.75564065529868,2.6057306266968343,,
rw_drift,AUS,2014,2017,3,2.29331030192918,2.6080010491085917,,
rw_drift,AUS,2014,2018,4,2.87417039499501,2.6102714715203486,,
rw_drift,AUS,2014,2019,5,2.19401703622717,2.612541893932106,,
rw_drift,AUT,2014,2015,1,1.30352331826198,0.6655690356974727,,
rw_drift,AUT,2014,2016,2,2.11721964494312,0.5753392210782804,,
rw_drift,AUT,2014,2017,3,2.27224992038207,0.48510940645908807,,
rw_drift,AUT,2014,2018,4,2.48422114080024,0.39487959183989574,,
rw_drift,AUT,2014,2019,5,1.75497619649288,0.3046497772207034,,
rw_drift,BEL,2014,2015,1,1.47416433731927,1.704919956583386,,
rw_drift,BEL,2014,2016,2,1.19350273007754,1.6442995316675317,,
rw_drift,BEL,2014,2017,3,1.47446761556785,1.5836791067516778,,
rw_drift,BEL,2014,2018,4,1.87796847383565,1.5230586818358236,,
rw_drift,BEL,2014,2019,5,2.4428900448156,1.4624382569199694,,
rw_drift,BEN,2014,2015,1,1.77815106030278,6.418365864740211,,
rw_drift,BEN,2014,2016,2,3.33967342629693,6.479052631561101,,
rw_drift,BEN,2014,2017,3,5.67156195150444,6.539739398381991,,
rw_drift,BEN,2014,2018,4,6.69725362180888,6.600426165202882,,
rw_drift,BEN,2014,2019,5,6.86568662848335,6.661112932023772,,
rw_drift,BFA,2014,2015,1,3.9212287937935,4.332183683152034,,
rw_drift,BFA,2014,2016,2,5.95797670754024,4.337521751774307,,
rw_drift,BFA,2014,2017,3,6.20348941121868,4.342859820396582,,
rw_drift,BFA,2014,2018,4,6.60456906812341,4.348197889018856,,
rw_drift,BFA,2014,2019,5,5.88920497068135,4.353535957641129,,
rw_drift,BGD,2014,2015,1,6.55263987816197,6.061114048158431,,
rw_drift,BGD,2014,2016,2,7.11347821270093,6.061168737467361,,
rw_drift,BGD,2014,2017,3,6.59024999794057,6.0612234267762926,,
rw_drift,BGD,2014,2018,4,7.31941263014136,6.061278116085223,,
rw_drift,BGD,2014,2019,5,7.88191515117722,6.061332805394154,,
rw_drift,BGR,2014,2015,1,3.39755351999294,0.8297311677807317,,
rw_drift,BGR,2014,2016,2,3.02662820096305,0.7100125635594225,,
rw_drift,BGR,2014,2017,3,2.74592737750996,0.5902939593381135,,
rw_drift,BGR,2014,2018,4,2.33015054210419,0.47057535511680426,,
rw_drift,BGR,2014,2019,5,3.79331964589196,0.35085675089549506,,
rw_drift,BHR,2014,2015,1,2.50787205267615,4.371687486363826,,
rw_drift,BHR,2014,2016,2,3.81499327422425,4.4345180461568825,,
rw_drift,BHR,2014,2017,3,4.95383534123657,4.497348605949939,,
rw_drift,BHR,2014,2018,4,2.05258864979861,4.560179165742995,,
rw_drift,BHR,2014,2019,5,2.05287774418655,4.6230097255360505,,
rw_drift,BHS,2014,2015,1,0.997411675486745,1.680552633666564,,
rw_drift,BHS,2014,2016,2,-1.15650811269629,1.5141351378773278,,
rw_drift,BHS,2014,2017,3,3.3713988456489,1.3477176420880916,,
rw_drift,BHS,2014,2018,4,2.39795510823548,1.1813001462988555,,
rw_drift,BHS,2014,2019,5,-0.838585871193203,1.0148826505096193,,
rw_drift,BLZ,2014,2015,1,2.7602602736023,3.87339243971535,,
rw_drift,BLZ,2014,2016,2,-0.0187414958130319,3.85452420693081,,
rw_drift,BLZ,2014,2017,3,-1.83323729057784,3.83565597414627,,
rw_drift,BLZ,2014,2018,4,0.822068592512508,3.8167877413617295,,
rw_drift,BLZ,2014,2019,5,4.25658710030072,3.7979195085771895,,
rw_drift,BOL,2014,2015,1,4.85718718508603,5.524178426254451,,
rw_drift,BOL,2014,2016,2,4.26392086992173,5.587787361141243,,
rw_drift,BOL,2014,2017,3,4.19520633364647,5.651396296028034,,
rw_drift,BOL,2014,2018,4,2.86808404814794,5.715005230914826,,
rw_drift,BOL,2014,2019,5,1.50672102666863,5.778614165801617,,
rw_drift,BRA,2014,2015,1,-3.54576339269425,0.35120018817134335,,
rw_drift,BRA,2014,2016,2,-3.27591690782192,0.19844463610043972,,
rw_drift,BRA,2014,2017,3,1.32286905404399,0.04568908402953609,,
rw_drift,BRA,2014,2018,4,1.783666761634,-0.10706646804136755,,
rw_drift,BRA,2014,2019,5,1.22077782360842,-0.2598220201122712,,
rw_drift,BRN,2014,2015,1,-0.392383749502031,-2.555646139930191,,
rw_drift,BRN,2014,2016,2,-2.47791771833224,-2.6034050039532715,,
rw_drift,BRN,2014,2017,3,1.32872661057823,-2.6511638679763525,,
rw_drift,BRN,2014,2018,4,0.0523710418528935,-2.698922731999433,,
rw_drift,BRN,2014,2019,5,3.86884436177075,-2.746681596022514,,
rw_drift,BTN,2014,2015,1,6.66080128866197,5.95559678611009,,
rw_drift,BTN,2014,2016,2,8.47594339232963,6.0301080656372985,,
rw_drift,BTN,2014,2017,3,2.08684522733067,6.104619345164508,,
rw_drift,BTN,2014,2018,4,3.50187185732737,6.179130624691717,,
rw_drift,BTN,2014,2019,5,5.75514851246506,6.253641904218926,,
rw_drift,BWA,2014,2015,1,-4.85132507409779,5.684952909815,,
rw_drift,BWA,2014,2016,2,7.20442475914267,5.67276159890116,,
rw_drift,BWA,2014,2017,3,4.11437856445083,5.66057028798732,,
rw_drift,BWA,2014,2018,4,4.18869237159223,5.64837897707348,,
rw_drift,BWA,2014,2019,5,3.0317733945467,5.63618766615964,,
rw_drift,CAF,2014,2015,1,4.33712103020231,-0.010863131515886082,,
rw_drift,CAF,2014,2016,2,4.75031684122342,-0.10279677835825986,,
rw_drift,CAF,2014,2017,3,4.52727821346231,-0.19473042520063366,,
rw_drift,CAF,2014,2018,4,3.78944359275462,-0.2866640720430074,,
rw_drift,CAF,2014,2019,5,3.09999999999999,-0.3785977188853812,,
rw_drift,CAN,2014,2015,1,0.64997101491096,2.8679983600106684,,
rw_drift,CAN,2014,2016,2,1.03855091989323,2.8625299642240263,,
rw_drift,CAN,2014,2017,3,3.03383491841392,2.8570615684373846,,
rw_drift,CAN,2014,2018,4,2.74296341402246,2.851593172650743,,
rw_drift,CAN,2014,2019,5,1.90843193887251,2.846124776864101,,
rw_drift,CHE,2014,2015,1,1.45450336491099,2.4842183960381865,,
rw_drift,CHE,2014,2016,2,1.91159094214852,2.425013315316463,,
rw_drift,CHE,2014,2017,3,1.42034612231261,2.365808234594739,,
rw_drift,CHE,2014,2018,4,3.32743256101493,2.3066031538730156,,
rw_drift,CHE,2014,2019,5,1.11532187197474,2.247398073151292,,
rw_drift,CHL,2014,2015,1,2.15194249981184,1.7223294481462457,,
rw_drift,CHL,2014,2016,2,1.753038749071,1.652009424899901,,
rw_drift,CHL,2014,2017,3,1.35769537343957,1.5816894016535568,,
rw_drift,CHL,2014,2018,4,3.99002947789977,1.5113693784072124,,
rw_drift,CHL,2014,2019,5,0.644223402631923,1.4410493551608679,,
rw_drift,CHN,2014,2015,1,6.98162255562367,8.116309383473496,,
rw_drift,CHN,2014,2016,2,6.7736886867727,8.77161140916538,,
rw_drift,CHN,2014,2017,3,6.89123916636191,9.426913434857266,,
rw_drift,CHN,2014,2018,4,6.757806142324,10.08221546054915,,
rw_drift,CHN,2014,2019,5,6.06737806333672,10.737517486241035,,
rw_drift,CIV,2014,2015,1,7.19494942728191,9.36142342893744,,
rw_drift,CIV,2014,2016,2,7.17275963956332,9.350846915471132,,
rw_drift,CIV,2014,2017,3,7.41076242592504,9.340270402004823,,
rw_drift,CIV,2014,2018,4,4.84314605889178,9.329693888538515,,
rw_drift,CIV,2014,2019,5,6.72137167584978,9.319117375072205,,
rw_drift,CMR,2014,2015,1,5.66695298703932,5.805405641961414,,
rw_drift,CMR,2014,2016,2,4.53579423678801,5.890993138830848,,
rw_drift,CMR,2014,2017,3,3.54117654926007,5.976580635700282,,
rw_drift,CMR,2014,2018,4,3.95551423892049,6.062168132569716,,
rw_drift,CMR,2014,2019,5,3.47505998194981,6.14775562943915,,
rw_drift,COG,2014,2015,1,0.415193061293763,6.613901988246857,,
rw_drift,COG,2014,2016,2,-8.68524343913786,6.581738567209243,,
rw_drift,COG,2014,2017,3,-5.59477371915547,6.549575146171629,,
rw_drift,COG,2014,2018,4,-2.30431780125842,6.517411725134015,,
rw_drift,COG,2014,2019,5,1.12447391976529,6.485248304096402,,
rw_drift,COL,2014,2015,1,2.95590137527523,4.487894397651581,,
rw_drift,COL,2014,2016,2,2.08738250162794,4.476758794193442,,
rw_drift,COL,2014,2017,3,1.35936086788746,4.465623190735304,,
rw_drift,COL,2014,2018,4,2.56432428277704,4.454487587277165,,
rw_drift,COL,2014,2019,5,3.18685539245533,4.443351983819026,,
rw_drift,COM,2014,2015,1,1.14735632260047,2.0049810279355516,,
rw_drift,COM,2014,2016,2,3.3204465548877,1.9033044526609333,,
rw_drift,COM,2014,2017,3,3.81576287489548,1.8016278773863148,,
rw_drift,COM,2014,2018,4,3.64245114733689,1.6999513021116965,,
rw_drift,COM,2014,2019,5,1.76078023564568,1.598274726837078,,
rw_drift,CRI,2014,2015,1,3.65208093006359,3.5734841925229124,,
rw_drift,CRI,2014,2016,2,4.20432320775184,3.6048584080073347,,
rw_drift,CRI,2014,2017,3,4.15769914676933,3.636232623491757,,
rw_drift,CRI,2014,2018,4,2.85285959760458,3.6676068389761793,,
rw_drift,CRI,2014,2019,5,2.70813912948329,3.698981054460602,,
rw_drift,CYP,2014,2015,1,3.41892038889013,-2.3561205417688194,,
rw_drift,CYP,2014,2016,2,6.57359080924678,-2.936182406251479,,
rw_drift,CYP,2014,2017,3,5.75083236554525,-3.5162442707341386,,
rw_drift,CYP,2014,2018,4,6.27166360056404,-4.096306135216798,,
rw_drift,CYP,2014,2019,5,5.87559583386607,-4.676367999699457,,
rw_drift,DEU,2014,2015,1,1.66300602334775,2.140218974735304,,
rw_drift,DEU,2014,2016,2,2.22222216259371,2.1002519277904375,,
rw_drift,DEU,2014,2017,3,2.797906720551,2.0602848808455714,,
rw_drift,DEU,2014,2018,4,1.13569604599849,2.0203178339007053,,
rw_drift,DEU,2014,2019,5,0.977734697038784,1.980350786955839,,
rw_drift,DNK,2014,2015,1,2.10441456445301,1.1817577077251589,,
rw_drift,DNK,2014,2016,2,3.07304549209093,1.0855155835220076,,
rw_drift,DNK,2014,2017,3,3.05647723922718,0.9892734593188566,,
rw_drift,DNK,2014,2018,4,1.8600074900921,0.8930313351157055,,
rw_drift,DNK,2014,2019,5,1.71140093932736,0.7967892109125545,,
rw_drift,DOM,2014,2015,1,6.98771131236387,7.289046580638751,,
rw_drift,DOM,2014,2016,2,6.71974078681295,7.4668668645385825,,
rw_drift,DOM,2014,2017,3,3.93386176401576,7.644687148438415,,
rw_drift,DOM,2014,2018,4,7.09751640210159,7.822507432338246,,
rw_drift,DOM,2014,2019,5,4.8940301149584,8.000327716238077,,
rw_drift,DZA,2014,2015,1,3.20000000089023,4.434064929292638,,
rw_drift,DZA,2014,2016,2,3.90000000017621,4.768129859920267,,
rw_drift,DZA,2014,2017,3,1.49999999895587,5.102194790547895,,
rw_drift,DZA,2014,2018,4,1.40000000088281,5.436259721175523,,
rw_drift,DZA,2014,2019,5,0.899999999219148,5.770324651803151,,
rw_drift,ECU,2014,2015,1,0.119692109287612,4.209115210016826,,
rw_drift,ECU,2014,2016,2,-0.687954245877947,4.192165216149092,,
rw_drift,ECU,2014,2017,3,5.97039880954841,4.175215222281357,,
rw_drift,ECU,2014,2018,4,1.04429460679607,4.158265228413622,,
rw_drift,ECU,2014,2019,5,0.1654044646003,4.141315234545888,,
rw_drift,EGY,2014,2015,1,4.37201907781687,2.8735495736812635,,
rw_drift,EGY,2014,2016,2,4.34664345601914,2.8311872668341667,,
rw_drift,EGY,2014,2017,3,4.18122099961562,2.7888249599870703,,
rw_drift,EGY,2014,2018,4,5.33110861887155,2.7464626531399734,,
rw_drift,EGY,2014,2019,5,5.55209307084222,2.704100346292877,,
rw_drift,ESP,2014,2015,1,4.06086672473866,1.325803134322916,,
rw_drift,ESP,2014,2016,2,2.91515598595787,1.1311203321735217,,
rw_drift,ESP,2014,2017,3,2.89604207865007,0.9364375300241277,,
rw_drift,ESP,2014,2018,4,2.39541124478878,0.7417547278747335,,
rw_drift,ESP,2014,2019,5,1.96117850841711,0.5470719257253394,,
rw_drift,FIN,2014,2015,1,0.466503766322674,-0.6305729283173932,,
rw_drift,FIN,2014,2016,2,2.57193414898754,-0.7830774318510865,,
rw_drift,FIN,2014,2017,3,3.30337003591039,-0.9355819353847796,,
rw_drift,FIN,2014,2018,4,1.19297759742292,-1.088086438918473,,
rw_drift,FIN,2014,2019,5,1.34973845741737,-1.2405909424521662,,
rw_drift,FJI,2014,2015,1,4.50120064471365,5.6428711849524404,,
rw_drift,FJI,2014,2016,2,2.44565202449249,5.682228392235271,,
rw_drift,FJI,2014,2017,3,5.35336434979577,5.721585599518102,,
rw_drift,FJI,2014,2018,4,3.812350939512,5.760942806800933,,
rw_drift,FJI,2014,2019,5,-0.581946590349759,5.8003000140837635,,
rw_drift,FRA,2014,2015,1,1.06675474783462,0.9233312017762265,,
rw_drift,FRA,2014,2016,2,0.860031075424033,0.848829456257202,,
rw_drift,FRA,2014,2017,3,2.08361485997399,0.7743277107381774,,
rw_drift,FRA,2014,2018,4,1.64590872395887,0.699825965219153,,
rw_drift,FRA,2014,2019,5,2.02744646419237,0.6253242197001285,,
rw_drift,GAB,2014,2015,1,3.8788993950789,4.117759181720756,,
rw_drift,GAB,2014,2016,2,2.09144220829562,3.9205539223668224,,
rw_drift,GAB,2014,2017,3,0.472642030911146,3.7233486630128882,,
rw_drift,GAB,2014,2018,4,0.83791658082157,3.526143403658954,,
rw_drift,GAB,2014,2019,5,3.92080879452831,3.3289381443050203,,
rw_drift,GBR,2014,2015,1,2.14040560033371,3.1688312373494245,,
rw_drift,GBR,2014,2016,2,2.20652020635357,3.1774889600173295,,
rw_drift,GBR,2014,2017,3,3.02322219840339,3.186146682685234,,
rw_drift,GBR,2014,2018,4,1.55133095078786,3.194804405353139,,
rw_drift,GBR,2014,2019,5,1.25629899760824,3.2034621280210436,,
rw_drift,GEO,2014,2015,1,3.35102350265353,4.0758594617659964,,
rw_drift,GEO,2014,2016,2,3.45021517996871,4.061228327714562,,
rw_drift,GEO,2014,2017,3,5.15990261658827,4.046597193663128,,
rw_drift,GEO,2014,2018,4,6.062036412677,4.031966059611695,,
rw_drift,GEO,2014,2019,5,5.38071926589951,4.01733492556026,,
rw_drift,GHA,2014,2015,1,2.12075933817334,2.8454206566801528,,
rw_drift,GHA,2014,2016,2,3.37346574966936,2.834601150051475,,
rw_drift,GHA,2014,2017,3,8.12889488100956,2.8237816434227976,,
rw_drift,GHA,2014,2018,4,6.20007768127284,2.81296213679412,,
rw_drift,GHA,2014,2019,5,6.5077747939152,2.8021426301654424,,
rw_drift,GMB,2014,2015,1,4.0580738039996,-1.4373268035161257,,
rw_drift,GMB,2014,2016,2,1.94335965478776,-1.4672711119227118,,
rw_drift,GMB,2014,2017,3,4.8226112492757,-1.4972154203292976,,
rw_drift,GMB,2014,2018,4,7.23489033258579,-1.5271597287358836,,
rw_drift,GMB,2014,2019,5,6.22205315994859,-1.5571040371424694,,
rw_drift,GNB,2014,2015,1,6.1340893623123,1.077909308728616,,
rw_drift,GNB,2014,2016,2,5.4326782650304,1.1912928716158038,,
rw_drift,GNB,2014,2017,3,4.66367943913264,1.3046764345029915,,
rw_drift,GNB,2014,2018,4,3.76145359637003,1.4180599973901795,,
rw_drift,GNB,2014,2019,5,5.32749571119344,1.5314435602773675,,
rw_drift,GRC,2014,2015,1,-0.228301892172851,0.558043673334847,,
rw_drift,GRC,2014,2016,2,-0.0317947678412054,0.3238622857068589,,
rw_drift,GRC,2014,2017,3,1.47312472702352,0.08968089807887081,,
rw_drift,GRC,2014,2018,4,2.06467207892409,-0.1445004895491172,,
rw_drift,GRC,2014,2019,5,2.27718065334808,-0.3786818771771052,,
rw_drift,GTM,2014,2015,1,4.09217170075418,4.4467227843340575,,
rw_drift,GTM,2014,2016,2,2.6778031930216,4.449467310919005,,
rw_drift,GTM,2014,2017,3,3.0798512212244,4.4522118375039526,,
rw_drift,GTM,2014,2018,4,3.40687328176345,4.4549563640889005,,
rw_drift,GTM,2014,2019,5,4.01789830861587,4.4577008906738484,,
rw_drift,HKG,2014,2015,1,2.38780116013344,2.540712981677968,,
rw_drift,HKG,2014,2016,2,2.17544820327555,2.3190121800570958,,
rw_drift,HKG,2014,2017,3,3.79610937243891,2.097311378436224,,
rw_drift,HKG,2014,2018,4,2.84690922660509,1.8756105768153517,,
rw_drift,HKG,2014,2019,5,-1.67242865968056,1.6539097751944796,,
rw_drift,HND,2014,2015,1,3.84007997093951,3.0843921837609765,,
rw_drift,HND,2014,2016,2,3.89297219726413,3.1107038053782534,,
rw_drift,HND,2014,2017,3,4.84291391050387,3.13701542699553,,
rw_drift,HND,2014,2018,4,3.84499476966735,3.1633270486128064,,
rw_drift,HND,2014,2019,5,2.55963434592314,3.1896386702300834,,
rw_drift,HTI,2014,2015,1,1.40000000859727,2.9985980331602358,,
rw_drift,HTI,2014,2016,2,1.81246807847532,3.1084235576866814,,
rw_drift,HTI,2014,2017,3,2.51027134544685,3.2182490822131267,,
rw_drift,HTI,2014,2018,4,1.66781095484656,3.3280746067395723,,
rw_drift,HTI,2014,2019,5,-1.72309699839232,3.437900131266018,,
rw_drift,HUN,2014,2015,1,3.65981615406955,4.327454653333094,,
rw_drift,HUN,2014,2016,2,2.43864141309342,4.320555665526517,,
rw_drift,HUN,2014,2017,3,4.12418389451805,4.313656677719941,,
rw_drift,HUN,2014,2018,4,5.60613813768876,4.306757689913365,,
rw_drift,HUN,2014,2019,5,5.07718495088933,4.299858702106788,,
rw_drift,IDN,2014,2015,1,4.87632230022123,4.9928197956245635,,
rw_drift,IDN,2014,2016,2,5.03306918280177,4.978971165494126,,
rw_drift,IDN,2014,2017,3,5.06978590134916,4.96512253536369,,
rw_drift,IDN,2014,2018,4,5.17429153955024,4.951273905233254,,
rw_drift,IDN,2014,2019,5,5.01928768046282,4.937425275102817,,
rw_drift,IND,2014,2015,1,7.99625378567987,7.479802795216403,,
rw_drift,IND,2014,2016,2,8.25630550176662,7.549377985263036,,
rw_drift,IND,2014,2017,3,6.79538341902422,7.618953175309669,,
rw_drift,IND,2014,2018,4,6.45385134495295,7.688528365356302,,
rw_drift,IND,2014,2019,5,3.87143694070524,7.758103555402935,,
rw_drift,IRL,2014,2015,1,24.6239856364006,9.468239090604303,,
rw_drift,IRL,2014,2016,2,1.22271661130947,9.550684829899387,,
rw_drift,IRL,2014,2017,3,10.1088576065965,9.63313056919447,,
rw_drift,IRL,2014,2018,4,7.68865937437435,9.715576308489554,,
rw_drift,IRL,2014,2019,5,4.97288003766816,9.798022047784638,,
rw_drift,IRN,2014,2015,1,-1.42488493937503,4.882772363549497,,
rw_drift,IRN,2014,2016,2,8.8150866425182,4.780769660004234,,
rw_drift,IRN,2014,2017,3,3.02685468694025,4.678766956458971,,
rw_drift,IRN,2014,2018,4,-3.74796015711334,4.5767642529137085,,
rw_drift,IRN,2014,2019,5,-2.36143538770575,4.474761549368445,,
rw_drift,IRQ,2014,2015,1,2.60676642939541,2.168177234316754,,
rw_drift,IRQ,2014,2016,2,13.7873730187089,2.072666292997378,,
rw_drift,IRQ,2014,2017,3,-1.81975035118309,1.977155351678002,,
rw_drift,IRQ,2014,2018,4,2.63385099105624,1.881644410358626,,
rw_drift,IRQ,2014,2019,5,5.5137905789381,1.78613346903925,,
rw_drift,ISL,2014,2015,1,3.76859020213645,1.9513255688006423,,
rw_drift,ISL,2014,2016,2,6.21808764670307,1.9888350066495446,,
rw_drift,ISL,2014,2017,3,3.48506704155555,2.026344444498447,,
rw_drift,ISL,2014,2018,4,4.66077036232377,2.0638538823473493,,
rw_drift,ISL,2014,2019,5,1.13821227336888,2.1013633201962514,,
rw_drift,ISR,2014,2015,1,2.23599889603805,3.5769036636202607,,
rw_drift,ISR,2014,2016,2,4.53601939236572,3.435663177809521,,
rw_drift,ISR,2014,2017,3,4.34394518932547,3.2944226919987813,,
rw_drift,ISR,2014,2018,4,4.05349952888294,3.153182206188042,,
rw_drift,ISR,2014,2019,5,3.57898762923605,3.011941720377302,,
rw_drift,ITA,2014,2015,1,0.885667635240807,-0.15626749642154983,,
rw_drift,ITA,2014,2016,2,1.23622108511661,-0.3111473755385551,,
rw_drift,ITA,2014,2017,3,1.60369995294101,-0.46602725465556033,,
rw_drift,ITA,2014,2018,4,0.826646712344115,-0.6209071337725656,,
rw_drift,ITA,2014,2019,5,0.429162533780342,-0.7757870128895707,,
rw_drift,JPN,2014,2015,1,1.79997735783475,0.6957716960478246,,
rw_drift,JPN,2014,2016,2,0.704986495111257,0.4856279060297843,,
rw_drift,JPN,2014,2017,3,1.62345062245441,0.27548411601174394,,
rw_drift,JPN,2014,2018,4,0.834143845965585,0.06534032599370354,,
rw_drift,JPN,2014,2019,5,-0.308496921143259,-0.14480346402433686,,
rw_drift,KEN,2014,2015,1,4.96772112759767,5.261521302438828,,
rw_drift,KEN,2014,2016,2,4.21351706814744,5.502931602552817,,
rw_drift,KEN,2014,2017,3,3.83795817364721,5.744341902666805,,
rw_drift,KEN,2014,2018,4,5.64794640709219,5.985752202780794,,
rw_drift,KEN,2014,2019,5,5.11415885767801,6.227162502894782,,
rw_drift,KGZ,2014,2015,1,3.87582544512439,4.050856047829846,,
rw_drift,KGZ,2014,2016,2,4.33585592190116,4.077673464827173,,
rw_drift,KGZ,2014,2017,3,4.73993722377884,4.1044908818245,,
rw_drift,KGZ,2014,2018,4,3.75791013557165,4.131308298821826,,
rw_drift,KGZ,2014,2019,5,4.60062565707598,4.1581257158191525,,
rw_drift,KHM,2014,2015,1,7.20703472529512,8.210855502664229,,
rw_drift,KHM,2014,2016,2,7.90550116130704,8.4213902591428,,
rw_drift,KHM,2014,2017,3,8.07503915535979,8.63192501562137,,
rw_drift,KHM,2014,2018,4,8.77622376224463,8.84245977209994,,
rw_drift,KHM,2014,2019,5,7.93695013588524,9.052994528578509,,
rw_drift,KOR,2014,2015,1,2.92029267301234,3.1447611939724287,,
rw_drift,KOR,2014,2016,2,3.17152748983935,3.0748421911137775,,
rw_drift,KOR,2014,2017,3,3.433191763972,3.004923188255126,,
rw_drift,KOR,2014,2018,4,3.17611568177327,2.935004185396475,,
rw_drift,KOR,2014,2019,5,2.31380210595475,2.8650851825378236,,
rw_drift,KWT,2014,2015,1,0.592770817217982,0.3487573139693409,,
rw_drift,KWT,2014,2016,2,2.92607584256388,0.19659995849375778,,
rw_drift,KWT,2014,2017,3,-4.71222270495362,0.04444260301817465,,
rw_drift,KWT,2014,2018,4,2.74333045031415,-0.10771475245740847,,
rw_drift,KWT,2014,2019,5,2.26381706595791,-0.25987210793299154,,
rw_drift,LBY,2014,2015,1,-0.842656252118843,-23.664289030999598,,
rw_drift,LBY,2014,2016,2,-1.4909411172622,-24.285772233777692,,
rw_drift,LBY,2014,2017,3,32.4918021862688,-24.90725543655579,,
rw_drift,LBY,2014,2018,4,7.9413678529104,-25.528738639333888,,
rw_drift,LBY,2014,2019,5,-11.1960828853386,-26.150221842111982,,
rw_drift,LKA,2014,2015,1,4.20595547501601,6.427208884133599,,
rw_drift,LKA,2014,2016,2,5.05362488993089,6.476438871417546,,
rw_drift,LKA,2014,2017,3,6.46068127080994,6.5256688587014935,,
rw_drift,LKA,2014,2018,4,2.31008425504933,6.574898845985442,,
rw_drift,LKA,2014,2019,5,-0.220483886824823,6.62412883326939,,
rw_drift,LUX,2014,2015,1,2.26836572735107,2.600316814878856,,
rw_drift,LUX,2014,2016,2,4.97819047122638,2.577545248782292,,
rw_drift,LUX,2014,2017,3,1.31711942298405,2.5547736826857275,,
rw_drift,LUX,2014,2018,4,1.61129891211624,2.5320021165891635,,
rw_drift,LUX,2014,2019,5,2.74932091920692,2.509230550492599,,
rw_drift,MAC,2014,2015,1,-21.7540078753246,-2.4278493234650607,,
rw_drift,MAC,2014,2016,2,-0.701510212552961,-2.8169563673119313,,
rw_drift,MAC,2014,2017,3,9.91855844513513,-3.2060634111588016,,
rw_drift,MAC,2014,2018,4,6.35917030567686,-3.5951704550056722,,
rw_drift,MAC,2014,2019,5,-2.4609094006739,-3.984277498852543,,
rw_drift,MAR,2014,2015,1,4.34458297635238,2.5637207338377257,,
rw_drift,MAR,2014,2016,2,0.52118550608968,2.408197387472551,,
rw_drift,MAR,2014,2017,3,5.05789816173446,2.2526740411073765,,
rw_drift,MAR,2014,2018,4,3.06564133025955,2.097150694742202,,
rw_drift,MAR,2014,2019,5,2.89097476137077,1.9416273483770274,,
rw_drift,MDG,2014,2015,1,3.13229807490305,3.3635534961299185,,
rw_drift,MDG,2014,2016,2,3.99314606199499,3.3879038803061676,,
rw_drift,MDG,2014,2017,3,3.93330759462793,3.4122542644824163,,
rw_drift,MDG,2014,2018,4,3.19435651744398,3.436604648658665,,
rw_drift,MDG,2014,2019,5,4.41123212909589,3.460955032834914,,
rw_drift,MEX,2014,2015,1,2.70232343024026,2.456664706083342,,
rw_drift,MEX,2014,2016,2,1.7724932254128,2.409565904330754,,
rw_drift,MEX,2014,2017,3,1.87172854648381,2.362467102578166,,
rw_drift,MEX,2014,2018,4,1.97208211101069,2.315368300825578,,
rw_drift,MEX,2014,2019,5,-0.392690513290532,2.2682694990729906,,
rw_drift,MLI,2014,2015,1,6.23887890181064,6.563382883588811,,
rw_drift,MLI,2014,2016,2,6.00506308559498,6.624126983314363,,
rw_drift,MLI,2014,2017,3,5.37554769647939,6.684871083039914,,
rw_drift,MLI,2014,2018,4,4.86784999935264,6.745615182765466,,
rw_drift,MLI,2014,2019,5,4.99999911699705,6.806359282491017,,
rw_drift,MLT,2014,2015,1,9.62070302842181,7.751766757625733,,
rw_drift,MLT,2014,2016,2,4.07800422216982,7.8721706927472646,,
rw_drift,MLT,2014,2017,3,12.9713425287845,7.992574627868797,,
rw_drift,MLT,2014,2018,4,7.18921425536917,8.11297856299033,,
rw_drift,MLT,2014,2019,5,4.0850557312243,8.233382498111862,,
rw_drift,MNG,2014,2015,1,2.37983580731722,7.870947024766052,,
rw_drift,MNG,2014,2016,2,1.48978448679577,7.856668567484483,,
rw_drift,MNG,2014,2017,3,5.63687638694772,7.842390110202914,,
rw_drift,MNG,2014,2018,4,7.74488062024881,7.828111652921346,,
rw_drift,MNG,2014,2019,5,5.60224422064255,7.813833195639778,,
rw_drift,MRT,2014,2015,1,5.37633923694936,4.343058173084807,,
rw_drift,MRT,2014,2016,2,1.26090922448303,4.411293074866773,,
rw_drift,MRT,2014,2017,3,6.27054569386574,4.47952797664874,,
rw_drift,MRT,2014,2018,4,4.77217363890155,4.5477628784307065,,
rw_drift,MRT,2014,2019,5,3.14100489264639,4.615997780212673,,
rw_drift,MUS,2014,2015,1,3.71766362108832,3.4994115821869047,,
rw_drift,MUS,2014,2016,2,3.88576121076034,3.1410841115669195,,
rw_drift,MUS,2014,2017,3,3.95441730960265,2.782756640946934,,
rw_drift,MUS,2014,2018,4,4.11669369456492,2.424429170326949,,
rw_drift,MUS,2014,2019,5,2.86394938684734,2.0661016997069637,,
rw_drift,MYS,2014,2015,1,5.09153242155011,5.97669794454994,,
rw_drift,MYS,2014,2016,2,4.44978139761541,5.94667394351785,,
rw_drift,MYS,2014,2017,3,5.81272240983328,5.91664994248576,,
rw_drift,MYS,2014,2018,4,4.84308697634881,5.88662594145367,,
rw_drift,MYS,2014,2019,5,4.41318742129586,5.85660194042158,,
rw_drift,NER,2014,2015,1,4.39264883207291,6.6816789873778095,,
rw_drift,NER,2014,2016,2,4.28137558478143,6.7212213197995885,,
rw_drift,NER,2014,2017,3,5.53198531271451,6.760763652221368,,
rw_drift,NER,2014,2018,4,6.89458420864513,6.800305984643148,,
rw_drift,NER,2014,2019,5,6.07881528959186,6.839848317064927,,
rw_drift,NIC,2014,2015,1,4.79226768332697,4.734284980001885,,
rw_drift,NIC,2014,2016,2,4.56314739524967,4.683109824103939,,
rw_drift,NIC,2014,2017,3,4.63120757580209,4.631934668205994,,
rw_drift,NIC,2014,2018,4,-3.3633566598573,4.580759512308049,,
rw_drift,NIC,2014,2019,5,-2.89686986728901,4.529584356410104,,
rw_drift,NLD,2014,2015,1,2.12064007193544,1.637408140676371,,
rw_drift,NLD,2014,2016,2,2.42428065449427,1.662257430228782,,
rw_drift,NLD,2014,2017,3,2.78150834679987,1.687106719781193,,
rw_drift,NLD,2014,2018,4,2.25873158164956,1.7119560093336041,,
rw_drift,NLD,2014,2019,5,2.3001616053659,1.7368052988860152,,
rw_drift,NOR,2014,2015,1,2.04428845501438,2.0163813966459063,,
rw_drift,NOR,2014,2016,2,1.29158732771135,1.937548912490803,,
rw_drift,NOR,2014,2017,3,2.66964474273466,1.8587164283356994,,
rw_drift,NOR,2014,2018,4,1.1103912365576,1.7798839441805958,,
rw_drift,NOR,2014,2019,5,1.46970781954143,1.701051460025492,,
rw_drift,NPL,2014,2015,1,3.97605327162971,6.088902028743023,,
rw_drift,NPL,2014,2016,2,0.433113719381524,6.166321214981636,,
rw_drift,NPL,2014,2017,3,8.97727935643466,6.243740401220249,,
rw_drift,NPL,2014,2018,4,7.62237610397933,6.321159587458863,,
rw_drift,NPL,2014,2019,5,6.65705543110468,6.3985787736974755,,
rw_drift,NZL,2014,2015,1,3.72968312125018,3.828839711305005,,
rw_drift,NZL,2014,2016,2,3.7435247472109,3.83834322953759,,
rw_drift,NZL,2014,2017,3,3.31568621648204,3.8478467477701743,,
rw_drift,NZL,2014,2018,4,3.32219666491432,3.857350266002759,,
rw_drift,NZL,2014,2019,5,2.32371708441623,3.866853784235344,,
rw_drift,OMN,2014,2015,1,5.01705799719045,1.2951324052457116,,
rw_drift,OMN,2014,2016,2,5.04642394571691,1.2980125163806133,,
rw_drift,OMN,2014,2017,3,0.304057565922449,1.3008926275155148,,
rw_drift,OMN,2014,2018,4,1.28710391543288,1.3037727386504165,,
rw_drift,OMN,2014,2019,5,-1.12863801728058,1.306652849785318,,
rw_drift,PAK,2014,2015,1,4.21794209572506,4.081127827318424,,
rw_drift,PAK,2014,2016,2,6.57383828511043,4.045827483022627,,
rw_drift,PAK,2014,2017,3,4.43262590683975,4.0105271387268315,,
rw_drift,PAK,2014,2018,4,6.15170261099519,3.9752267944310353,,
rw_drift,PAK,2014,2019,5,2.49763692943365,3.939926450135239,,
rw_drift,PAN,2014,2015,1,5.26691719595516,4.5069310936561235,,
rw_drift,PAN,2014,2016,2,4.57196707937275,4.3880484316567365,,
rw_drift,PAN,2014,2017,3,5.7440594635578,4.26916576965735,,
rw_drift,PAN,2014,2018,4,3.91824253321265,4.150283107657963,,
rw_drift,PAN,2014,2019,5,3.10295395631086,4.031400445658577,,
rw_drift,PER,2014,2015,1,3.25224477218451,2.288479278227103,,
rw_drift,PER,2014,2016,2,3.95331871520767,2.194801184648796,,
rw_drift,PER,2014,2017,3,2.51883544233135,2.101123091070489,,
rw_drift,PER,2014,2018,4,3.969351341365,2.0074449974921817,,
rw_drift,PER,2014,2019,5,2.24063176875049,1.9137669039138747,,
rw_drift,PHL,2014,2015,1,6.34830971672761,6.3602991152937856,,
rw_drift,PHL,2014,2016,2,7.14945675000752,6.372610747978901,,
rw_drift,PHL,2014,2017,3,6.9309883258402,6.384922380664016,,
rw_drift,PHL,2014,2018,4,6.34148557153473,6.3972340133491326,,
rw_drift,PHL,2014,2019,5,6.11852566221303,6.409545646034248,,
rw_drift,PRT,2014,2015,1,1.58979803702681,0.6509477783645786,,
rw_drift,PRT,2014,2016,2,2.00414129666575,0.5605041360226514,,
rw_drift,PRT,2014,2017,3,3.31472008175986,0.470060493680724,,
rw_drift,PRT,2014,2018,4,2.94628343449202,0.3796168513387967,,
rw_drift,PRT,2014,2019,5,2.74568432648596,0.2891732089968694,,
rw_drift,PRY,2014,2015,1,2.95715168367079,5.271067949085425,,
rw_drift,PRY,2014,2016,2,4.26802583314583,5.24089725343461,,
rw_drift,PRY,2014,2017,3,4.81007885554041,5.2107265577837945,,
rw_drift,PRY,2014,2018,4,3.20425034076639,5.180555862132979,,
rw_drift,PRY,2014,2019,5,-0.40185510068001,5.150385166482164,,
rw_drift,QAT,2014,2015,1,4.75334572438737,3.9821679213719894,,
rw_drift,QAT,2014,2016,2,3.06419188430156,3.8452205636163685,,
rw_drift,QAT,2014,2017,3,-1.49760470227838,3.708273205860748,,
rw_drift,QAT,2014,2018,4,1.23487220191065,3.5713258481051273,,
rw_drift,QAT,2014,2019,5,0.688240954592672,3.434378490349507,,
rw_drift,RUS,2014,2015,1,-1.9727192264298,0.8919448407301056,,
rw_drift,RUS,2014,2016,2,0.193671130698817,1.0476224600565602,,
rw_drift,RUS,2014,2017,3,1.82670527549192,1.2033000793830149,,
rw_drift,RUS,2014,2018,4,2.80634082046656,1.3589776987094693,,
rw_drift,RUS,2014,2019,5,2.19807571381982,1.5146553180359241,,
rw_drift,RWA,2014,2015,1,8.87036752872743,5.856490893082152,,
rw_drift,RWA,2014,2016,2,5.65874584202778,6.0445282438285535,,
rw_drift,RWA,2014,2017,3,4.70393439751061,6.232565594574956,,
rw_drift,RWA,2014,2018,4,8.07084254621641,6.420602945321357,,
rw_drift,RWA,2014,2019,5,9.28613387454543,6.608640296067759,,
rw_drift,SAU,2014,2015,1,4.65512316652699,3.8765172537214814,,
rw_drift,SAU,2014,2016,2,1.70404739202878,3.7283629236362827,,
rw_drift,SAU,2014,2017,3,1.18210705878283,3.5802085935510846,,
rw_drift,SAU,2014,2018,4,3.2269508901591,3.432054263465886,,
rw_drift,SAU,2014,2019,5,1.65158925617395,3.2838999333806873,,
rw_drift,SDN,2014,2015,1,1.91017689052751,4.748907621701036,,
rw_drift,SDN,2014,2016,2,3.46764218409288,4.836435701103342,,
rw_drift,SDN,2014,2017,3,0.70925628476644,4.923963780505649,,
rw_drift,SDN,2014,2018,4,-2.6809305497999,5.011491859907955,,
rw_drift,SDN,2014,2019,5,-2.17825104530091,5.099019939310262,,
rw_drift,SEN,2014,2015,1,6.36704365066983,6.285029648884202,,
rw_drift,SEN,2014,2016,2,6.35606857208136,6.345984859858545,,
rw_drift,SEN,2014,2017,3,7.40748618589598,6.406940070832887,,
rw_drift,SEN,2014,2018,4,6.20924103388887,6.467895281807229,,
rw_drift,SEN,2014,2019,5,4.6136280976221,6.5288504927815705,,
rw_drift,SGP,2014,2015,1,2.97679931634806,3.8562574614091907,,
rw_drift,SGP,2014,2016,2,3.91095306322606,3.776974645728311,,
rw_drift,SGP,2014,2017,3,4.32679370770501,3.6976918300474315,,
rw_drift,SGP,2014,2018,4,3.18660848474074,3.618409014366552,,
rw_drift,SGP,2014,2019,5,1.15877947300108,3.539126198685673,,
rw_drift,SLB,2014,2015,1,1.67578612030815,1.2799543223110599,,
rw_drift,SLB,2014,2016,2,5.55494348257992,1.3704535491443397,,
rw_drift,SLB,2014,2017,3,3.07546176144591,1.4609527759776195,,
rw_drift,SLB,2014,2018,4,2.74585244829055,1.5514520028108993,,
rw_drift,SLB,2014,2019,5,1.74925244485951,1.6419512296441792,,
rw_drift,SLV,2014,2015,1,2.40000008852115,1.5951139615176129,,
rw_drift,SLV,2014,2016,2,2.53906241135864,1.4815216394644957,,
rw_drift,SLV,2014,2017,3,2.24761908134138,1.3679293174113785,,
rw_drift,SLV,2014,2018,4,2.4124442237792,1.2543369953582613,,
rw_drift,SLV,2014,2019,5,2.43747159065784,1.1407446733051443,,
rw_drift,SWE,2014,2015,1,4.38824673608589,2.231894643430064,,
rw_drift,SWE,2014,2016,2,2.13117914731151,2.168016899277288,,
rw_drift,SWE,2014,2017,3,1.88282184966646,2.104139155124512,,
rw_drift,SWE,2014,2018,4,1.7702553546772,2.040261410971736,,
rw_drift,SWE,2014,2019,5,2.60823012869524,1.9763836668189598,,
rw_drift,SYC,2014,2015,1,8.9140088750469,4.232483664540386,,
rw_drift,SYC,2014,2016,2,12.1175272453913,4.401275516728672,,
rw_drift,SYC,2014,2017,3,6.95416218794271,4.570067368916958,,
rw_drift,SYC,2014,2018,4,4.93947272254312,4.738859221105244,,
rw_drift,SYC,2014,2019,5,5.5142920737342,4.907651073293531,,
rw_drift,TCD,2014,2015,1,3.30415979779805,2.075379556309172,,
rw_drift,TCD,2014,2016,2,-4.12250332637034,2.087928369004234,,
rw_drift,TCD,2014,2017,3,-1.61746922820204,2.1004771816992958,,
rw_drift,TCD,2014,2018,4,5.74111580758154,2.113025994394358,,
rw_drift,TCD,2014,2019,5,5.38282202874814,2.12557480708942,,
rw_drift,TGO,2014,2015,1,5.4680413807304,5.509915127674034,,
rw_drift,TGO,2014,2016,2,4.21490387414525,5.386592863895839,,
rw_drift,TGO,2014,2017,3,4.00791259566937,5.263270600117643,,
rw_drift,TGO,2014,2018,4,4.79518333086139,5.139948336339447,,
rw_drift,TGO,2014,2019,5,4.91949260488683,5.016626072561251,,
rw_drift,THA,2014,2015,1,3.13404724911635,0.9018711761087006,,
rw_drift,THA,2014,2016,2,3.43515771692182,0.8192734885979752,,
rw_drift,THA,2014,2017,3,4.1776810321001,0.7366758010872498,,
rw_drift,THA,2014,2018,4,4.22287028746071,0.6540781135765243,,
rw_drift,THA,2014,2019,5,2.11455779628278,0.5714804260657991,,
rw_drift,TON,2014,2015,1,1.11374402398066,1.904577457613301,,
rw_drift,TON,2014,2016,2,6.59869879417958,1.818617216318442,,
rw_drift,TON,2014,2017,3,3.20231976224244,1.7326569750235827,,
rw_drift,TON,2014,2018,4,0.527828083180253,1.646696733728724,,
rw_drift,TON,2014,2019,5,-0.285210784299821,1.5607364924338647,,
rw_drift,TUN,2014,2015,1,0.967834205635981,3.2380282717890188,,
rw_drift,TUN,2014,2016,2,1.117231963992,3.385728512870288,,
rw_drift,TUN,2014,2017,3,2.25261437620587,3.5334287539515565,,
rw_drift,TUN,2014,2018,4,2.60696965356362,3.681128995032825,,
rw_drift,TUN,2014,2019,5,1.55009304966742,3.8288292361140943,,
rw_drift,TUR,2014,2015,1,5.80557386628684,4.665789285673677,,
rw_drift,TUR,2014,2016,2,3.32366508200445,4.730784098641763,,
rw_drift,TUR,2014,2017,3,7.82585730002594,4.79577891160985,,
rw_drift,TUR,2014,2018,4,3.46815306092219,4.860773724577937,,
rw_drift,TUR,2014,2019,5,1.30162365464503,4.925768537546024,,
rw_drift,TZA,2014,2015,1,6.16062877406682,6.838012161096327,,
rw_drift,TZA,2014,2016,2,6.86711619644551,6.943562453867826,,
rw_drift,TZA,2014,2017,3,6.72726996832438,7.049112746639324,,
rw_drift,TZA,2014,2018,4,5.50267599384966,7.1546630394108215,,
rw_drift,TZA,2014,2019,5,5.79999999996723,7.26021333218232,,
rw_drift,UGA,2014,2015,1,5.18785986002466,5.085718603214689,,
rw_drift,UGA,2014,2016,2,4.78100029254482,5.065129881031417,,
rw_drift,UGA,2014,2017,3,3.13140551723596,5.044541158848146,,
rw_drift,UGA,2014,2018,4,6.30392378262997,5.023952436664875,,
rw_drift,UGA,2014,2019,5,6.43874503276439,5.003363714481604,,
rw_drift,UKR,2014,2015,1,-9.7729872128676,-10.565254916929879,,
rw_drift,UKR,2014,2016,2,2.44098194492067,-11.05161484976446,,
rw_drift,UKR,2014,2017,3,2.35997228099491,-11.53797478259904,,
rw_drift,UKR,2014,2018,4,3.48836234022659,-12.024334715433621,,
rw_drift,UKR,2014,2019,5,3.19950386354134,-12.5106946482682,,
rw_drift,URY,2014,2015,1,0.370741257681345,3.252862046721127,,
rw_drift,URY,2014,2016,2,1.68979822971775,3.2669328639186137,,
rw_drift,URY,2014,2017,3,1.74037649141989,3.281003681116101,,
rw_drift,URY,2014,2018,4,0.164777608846705,3.295074498313588,,
rw_drift,URY,2014,2019,5,0.928351027546341,3.3091453155110746,,
rw_drift,USA,2014,2015,1,2.94555045227337,2.5280428330065,,
rw_drift,USA,2014,2016,2,1.81945147909089,2.5322658484345397,,
rw_drift,USA,2014,2017,3,2.45762230126449,2.53648886386258,,
rw_drift,USA,2014,2018,4,2.96650506701943,2.54071187929062,,
rw_drift,USA,2014,2019,5,2.58382533052225,2.5449348947186596,,
rw_drift,VNM,2014,2015,1,6.98715430598611,6.512463378188298,,
rw_drift,VNM,2014,2016,2,6.69000892660424,6.6026836351909255,,
rw_drift,VNM,2014,2017,3,6.94019037359206,6.692903892193553,,
rw_drift,VNM,2014,2018,4,7.46500685572751,6.783124149196181,,
rw_drift,VNM,2014,2019,5,7.35926270105006,6.873344406198808,,
rw_drift,VUT,2014,2015,1,3.50101268962098,3.5317452427479368,,
rw_drift,VUT,2014,2016,2,3.61980830670927,3.9583610127627233,,
rw_drift,VUT,2014,2017,3,4.22332192519966,4.38497678277751,,
rw_drift,VUT,2014,2018,4,2.51532789491979,4.8115925527922965,,
rw_drift,VUT,2014,2019,5,3.27677257380314,5.2382083228070835,,
rw_drift,ZAF,2014,2015,1,1.32186223678229,1.3679602694171193,,
rw_drift,ZAF,2014,2016,2,0.664552307858116,1.3220940865963087,,
rw_drift,ZAF,2014,2017,3,1.15794695181735,1.2762279037754982,,
rw_drift,ZAF,2014,2018,4,1.55678384721676,1.2303617209546875,,
rw_drift,ZAF,2014,2019,5,0.25993557687633,1.1844955381338769,,
rw_drift,ABW,2019,2020,1,-23.9400592677491,0.765103861252961,,
rw_drift,ABW,2019,2021,2,14.833691976226,0.30106363354577226,,
rw_drift,ABW,2019,2022,3,10.6079607621246,-0.16297659416141652,,
rw_drift,ABW,2019,2023,4,9.51636022347185,-0.6270168218686054,,
rw_drift,ABW,2019,2024,5,6.81077669324554,-1.091057049575794,,
rw_drift,ALB,2019,2020,1,-3.31375636888916,1.9656553388527964,,
rw_drift,ALB,2019,2021,2,8.96957619074095,1.8687327759443726,,
rw_drift,ALB,2019,2022,3,4.8268006234359,1.771810213035949,,
rw_drift,ALB,2019,2023,4,4.01541716935742,1.6748876501275254,,
rw_drift,ALB,2019,2024,5,4.04592845095348,1.5779650872191016,,
rw_drift,AUS,2019,2020,1,-0.133531904304775,2.189071512816428,,
rw_drift,AUS,2019,2021,2,2.00694844335034,2.184125989405686,,
rw_drift,AUS,2019,2022,3,4.25304559238732,2.1791804659949445,,
rw_drift,AUS,2019,2023,4,3.58382100798981,2.174234942584203,,
rw_drift,AUS,2019,2024,5,1.37340773365975,2.1692894191734613,,
rw_drift,AUT,2019,2020,1,-6.31825509209936,1.6897520097921734,,
rw_drift,AUT,2019,2021,2,4.92309171717903,1.624527823091467,,
rw_drift,AUT,2019,2022,3,5.33096379400371,1.5593036363907604,,
rw_drift,AUT,2019,2023,4,-0.786244288594673,1.4940794496900538,,
rw_drift,AUT,2019,2024,5,-0.659089573171372,1.4288552629893474,,
rw_drift,BEL,2019,2020,1,-4.7929839083518,2.39917396107036,,
rw_drift,BEL,2019,2021,2,6.25445686466593,2.3554578773251205,,
rw_drift,BEL,2019,2022,3,4.02460852835887,2.3117417935798805,,
rw_drift,BEL,2019,2023,4,1.56125539542029,2.2680257098346406,,
rw_drift,BEL,2019,2024,5,1.09775383828703,2.2243096260894006,,
rw_drift,BEN,2019,2020,1,3.84879240030133,6.929900528001819,,
rw_drift,BEN,2019,2021,2,7.1554516457574,6.994114427520289,,
rw_drift,BEN,2019,2022,3,6.25294705373625,7.058328327038758,,
rw_drift,BEN,2019,2023,4,6.3527773854442,7.122542226557227,,
rw_drift,BEN,2019,2024,5,7.45311566226201,7.1867561260756965,,
rw_drift,BFA,2019,2020,1,2.01077262406221,5.921020091252593,,
rw_drift,BFA,2019,2021,2,6.94252492572348,5.952835211823836,,
rw_drift,BFA,2019,2022,3,1.62673258211919,5.98465033239508,,
rw_drift,BFA,2019,2023,4,3.00027415814125,6.016465452966322,,
rw_drift,BFA,2019,2024,5,4.83395810163883,6.048280573537566,,
rw_drift,BGD,2019,2020,1,3.44801755122445,7.913359191275514,,
rw_drift,BGD,2019,2021,2,6.93867912442445,7.944803231373808,,
rw_drift,BGD,2019,2022,3,7.09982877575158,7.976247271472102,,
rw_drift,BGD,2019,2023,4,5.77511237007889,8.007691311570397,,
rw_drift,BGD,2019,2024,5,4.22325911250161,8.03913535166869,,
rw_drift,BGR,2019,2020,1,-3.13323543125917,3.7641921704863472,,
rw_drift,BGR,2019,2021,2,7.82817310703665,3.7350646950807342,,
rw_drift,BGR,2019,2022,3,4.08386398118941,3.7059372196751217,,
rw_drift,BGR,2019,2023,4,1.68151075832925,3.6768097442695087,,
rw_drift,BGR,2019,2024,5,3.38708962009333,3.647682268863896,,
rw_drift,BHR,2019,2020,1,-5.9113629524152,2.0621638877014914,,
rw_drift,BHR,2019,2021,2,4.35004091668986,2.071450031216433,,
rw_drift,BHR,2019,2022,3,6.18016125475185,2.080736174731374,,
rw_drift,BHR,2019,2023,4,3.87811614845566,2.090022318246316,,
rw_drift,BHR,2019,2024,5,2.89710543153512,2.0993084617612574,,
rw_drift,BHS,2019,2020,1,-20.0893664891399,-1.0369597208049015,,
rw_drift,BHS,2019,2021,2,17.5861390037409,-1.2353335704166,,
rw_drift,BHS,2019,2022,3,10.8779009410268,-1.4337074200282984,,
rw_drift,BHS,2019,2023,4,3.04824180553773,-1.632081269639997,,
rw_drift,BHS,2019,2024,5,3.37866553336166,-1.8304551192516954,,
rw_drift,BLZ,2019,2020,1,-13.5228997055506,4.245626929442448,,
rw_drift,BLZ,2019,2021,2,17.9899244143607,4.234666758584176,,
rw_drift,BLZ,2019,2022,3,9.25051329530994,4.2237065877259035,,
rw_drift,BLZ,2019,2023,4,0.500127941638667,4.212746416867631,,
rw_drift,BLZ,2019,2024,5,3.50466435023895,4.201786246009359,,
rw_drift,BOL,2019,2020,1,-12.7194690092717,1.49667663157037,,
rw_drift,BOL,2019,2021,2,10.0290488827886,1.48663223647211,,
rw_drift,BOL,2019,2022,3,3.74741781241461,1.47658784137385,,
rw_drift,BOL,2019,2023,4,2.51636590154891,1.46654344627559,,
rw_drift,BOL,2019,2024,5,-1.12335595517212,1.45649905117733,,
rw_drift,BRA,2019,2020,1,-3.2767587964736,1.0935498550499418,,
rw_drift,BRA,2019,2021,2,4.76260437908608,0.9663218864914639,,
rw_drift,BRA,2019,2022,3,3.01669435393015,0.8390939179329859,,
rw_drift,BRA,2019,2023,4,3.24165532906981,0.7118659493745079,,
rw_drift,BRA,2019,2024,5,3.41931516501906,0.5846379808160298,,
rw_drift,BRN,2019,2020,1,1.1335733495246,3.9714383604247887,,
rw_drift,BRN,2019,2021,2,-1.59076260099606,4.074032359078828,,
rw_drift,BRN,2019,2022,3,-1.62833154515108,4.176626357732866,,
rw_drift,BRN,2019,2023,4,1.12764418162719,4.279220356386905,,
rw_drift,BRN,2019,2024,5,4.05251709306727,4.381814355040944,,
rw_drift,BTN,2019,2020,1,-10.2183974208569,5.819274512997397,,
rw_drift,BTN,2019,2021,2,4.42136738945015,5.883400513529734,,
rw_drift,BTN,2019,2022,3,5.21386783786224,5.947526514062071,,
rw_drift,BTN,2019,2023,4,4.63215702969933,6.011652514594408,,
rw_drift,BTN,2019,2024,5,7.49856206754038,6.0757785151267445,,
rw_drift,BWA,2019,2020,1,-8.72888243996397,2.9746783892947057,,
rw_drift,BWA,2019,2021,2,11.9162724376008,2.917583384042712,,
rw_drift,BWA,2019,2022,3,5.48601706446772,2.8604883787907176,,
rw_drift,BWA,2019,2023,4,3.20806812224438,2.8033933735387238,,
rw_drift,BWA,2019,2024,5,-2.77988981666252,2.7462983682867295,,
rw_drift,CAF,2019,2020,1,0.899999996857062,3.0680421758970193,,
rw_drift,CAF,2019,2021,2,0.982919996264229,3.036084351794049,,
rw_drift,CAF,2019,2022,3,0.453901876447787,3.004126527691078,,
rw_drift,CAF,2019,2023,4,0.69996840076054,2.9721687035881073,,
rw_drift,CAF,2019,2024,5,1.49999999847535,2.9402108794851367,,
rw_drift,CAN,2019,2020,1,-5.03823342794087,1.8867964251894613,,
rw_drift,CAN,2019,2021,2,5.95052804984759,1.865160911506413,,
rw_drift,CAN,2019,2022,3,4.69541985045903,1.8435253978233643,,
rw_drift,CAN,2019,2023,4,1.95308552199025,1.821889884140316,,
rw_drift,CAN,2019,2024,5,2.04626605401701,1.8002543704572673,,
rw_drift,CHE,2019,2020,1,-2.2552579425106,1.0365982360603172,,
rw_drift,CHE,2019,2021,2,6.17622836050151,0.9578746001458944,,
rw_drift,CHE,2019,2022,3,3.53430286842426,0.8791509642314718,,
rw_drift,CHE,2019,2023,4,0.825560934124624,0.800427328317049,,
rw_drift,CHE,2019,2024,5,1.39033363875791,0.7217036924026262,,
rw_drift,CHL,2019,2020,1,-6.1396969411886,0.5601650008937002,,
rw_drift,CHL,2019,2021,2,11.3374032409913,0.4761065991554775,,
rw_drift,CHL,2019,2022,3,2.06391864254198,0.3920481974172547,,
rw_drift,CHL,2019,2023,4,0.677024831595858,0.30798979567903195,,
rw_drift,CHL,2019,2024,5,2.80512637106611,0.2239313939408092,,
rw_drift,CHN,2019,2020,1,2.33950385203023,6.642160443806117,,
rw_drift,CHN,2019,2021,2,8.57038414981781,7.216942824275513,,
rw_drift,CHN,2019,2022,3,3.13385438394069,7.79172520474491,,
rw_drift,CHN,2019,2023,4,5.41600334492955,8.366507585214308,,
rw_drift,CHN,2019,2024,5,4.95830378788091,8.941289965683705,,
rw_drift,CIV,2019,2020,1,0.699728593494228,6.66600644343136,,
rw_drift,CIV,2019,2021,2,7.06253713446816,6.610641211012941,,
rw_drift,CIV,2019,2022,3,6.39988362730921,6.555275978594521,,
rw_drift,CIV,2019,2023,4,6.60000045209176,6.499910746176101,,
rw_drift,CIV,2019,2024,5,6.0195346193922,6.4445455137576815,,
rw_drift,CMR,2019,2020,1,0.259932915907115,3.5145665193797724,,
rw_drift,CMR,2019,2021,2,3.33885747179505,3.5540730568097345,,
rw_drift,CMR,2019,2022,3,3.7367840056412,3.593579594239697,,
rw_drift,CMR,2019,2023,4,3.34756290750219,3.6330861316696597,,
rw_drift,CMR,2019,2024,5,3.52472308052245,3.672592669099622,,
rw_drift,COG,2019,2020,1,-6.26777227963225,0.9998833541702433,,
rw_drift,COG,2019,2021,2,1.01507036990908,0.8752927885751967,,
rw_drift,COG,2019,2022,3,1.47535613247133,0.75070222298015,,
rw_drift,COG,2019,2023,4,1.90686426346754,0.6261116573851033,,
rw_drift,COG,2019,2024,5,2.09998918002519,0.5015210917900567,,
rw_drift,COL,2019,2020,1,-7.18591413760859,3.1540560546633345,,
rw_drift,COL,2019,2021,2,10.8011981904878,3.121256716871339,,
rw_drift,COL,2019,2022,3,7.32827729427979,3.0884573790793435,,
rw_drift,COL,2019,2023,4,0.841819555752039,3.055658041287348,,
rw_drift,COL,2019,2024,5,1.49330728771066,3.0228587034953525,,
rw_drift,COM,2019,2020,1,-0.195556841918759,1.6633801211291828,,
rw_drift,COM,2019,2021,2,2.04245238320844,1.5659800066126854,,
rw_drift,COM,2019,2022,3,2.45381174550259,1.468579892096188,,
rw_drift,COM,2019,2023,4,3.1866131800554,1.371179777579691,,
rw_drift,COM,2019,2024,5,3.30071498500033,1.2737796630631937,,
rw_drift,CRI,2019,2020,1,-4.14159340574358,2.7224298635025863,,
rw_drift,CRI,2019,2021,2,8.21817953969082,2.7367205975218827,,
rw_drift,CRI,2019,2022,3,5.46119455235068,2.751011331541179,,
rw_drift,CRI,2019,2023,4,4.79187732359398,2.7653020655604754,,
rw_drift,CRI,2019,2024,5,4.08292444182048,2.779592799579772,,
rw_drift,CYP,2019,2020,1,-3.22063018637567,5.540928477140748,,
rw_drift,CYP,2019,2021,2,11.3975590801512,5.2062611204154265,,
rw_drift,CYP,2019,2022,3,8.73854684881674,4.871593763690106,,
rw_drift,CYP,2019,2023,4,3.62045368236082,4.536926406964784,,
rw_drift,CYP,2019,2024,5,3.94076934447787,4.202259050239462,,
rw_drift,DEU,2019,2020,1,-4.13191443239947,0.9204811657850032,,
rw_drift,DEU,2019,2021,2,3.90999994204108,0.8632276345312222,,
rw_drift,DEU,2019,2022,3,1.8092581243061,0.8059741032774412,,
rw_drift,DEU,2019,2023,4,-0.869647578573321,0.7487205720236604,,
rw_drift,DEU,2019,2024,5,-0.495851897260366,0.6914670407698795,,
rw_drift,DNK,2019,2020,1,-1.78010601831291,1.6309279828554986,,
rw_drift,DNK,2019,2021,2,6.50025445756295,1.5504550263836372,,
rw_drift,DNK,2019,2022,3,0.443832614908331,1.4699820699117758,,
rw_drift,DNK,2019,2023,4,0.604587766175584,1.3895091134399142,,
rw_drift,DNK,2019,2024,5,3.47783593140312,1.309036156968053,,
rw_drift,DOM,2019,2020,1,-7.92905234231061,5.018293543663754,,
rw_drift,DOM,2019,2021,2,14.0124289062207,5.142556972369109,,
rw_drift,DOM,2019,2022,3,5.23795652902595,5.2668204010744635,,
rw_drift,DOM,2019,2023,4,2.19229848237939,5.391083829779817,,
rw_drift,DOM,2019,2024,5,4.95352204492849,5.515347258485171,,
rw_drift,DZA,2019,2020,1,-4.99999999908597,1.1500938151470521,,
rw_drift,DZA,2019,2021,2,3.79999999900707,1.4001876310749561,,
rw_drift,DZA,2019,2022,3,3.60000000094915,1.6502814470028604,,
rw_drift,DZA,2019,2023,4,4.10000000005964,1.9003752629307646,,
rw_drift,DZA,2019,2024,5,3.69999999907979,2.1504690788586687,,
rw_drift,ECU,2019,2020,1,-9.24509619165865,0.07990428504384868,,
rw_drift,ECU,2019,2021,2,9.42189269033631,-0.005595894512602645,,
rw_drift,ECU,2019,2022,3,5.86842354862311,-0.09109607406905396,,
rw_drift,ECU,2019,2023,4,1.8328406107788,-0.1765962536255053,,
rw_drift,ECU,2019,2024,5,-1.94409022506859,-0.26209643318195663,,
rw_drift,EGY,2019,2020,1,3.55016483883115,5.5588340868321815,,
rw_drift,EGY,2019,2021,2,3.29064601193245,5.565575102822143,,
rw_drift,EGY,2019,2022,3,6.58784560870467,5.572316118812103,,
rw_drift,EGY,2019,2023,4,3.76028052279247,5.579057134802064,,
rw_drift,EGY,2019,2024,5,2.3991692678251,5.585798150792026,,
rw_drift,ESP,2019,2020,1,-10.9400706350371,1.7908768542451603,,
rw_drift,ESP,2019,2021,2,6.68314420473001,1.6205752000732105,,
rw_drift,ESP,2019,2022,3,6.37031712129601,1.4502735459012608,,
rw_drift,ESP,2019,2023,4,2.46085796805582,1.279971891729311,,
rw_drift,ESP,2019,2024,5,3.45525405630191,1.1096702375573613,,
rw_drift,FIN,2019,2020,1,-2.49103605535707,1.2418948056055654,,
rw_drift,FIN,2019,2021,2,2.67634641498897,1.1340511537937608,,
rw_drift,FIN,2019,2022,3,0.763041912763526,1.0262075019819563,,
rw_drift,FIN,2019,2023,4,-1.28973484453397,0.9183638501701515,,
rw_drift,FIN,2019,2024,5,0.374566568538427,0.8105201983583469,,
rw_drift,FJI,2019,2020,1,-17.1835352599354,-0.6526281176261268,,
rw_drift,FJI,2019,2021,2,-4.3459619989752,-0.7233096449024946,,
rw_drift,FJI,2019,2022,3,17.7451269773594,-0.7939911721788624,,
rw_drift,FJI,2019,2023,4,9.44245856738313,-0.8646726994552303,,
rw_drift,FJI,2019,2024,5,3.53085896076352,-0.935354226731598,,
rw_drift,FRA,2019,2020,1,-7.44064589948231,1.9771192401301085,,
rw_drift,FRA,2019,2021,2,6.88233783360239,1.926792016067847,,
rw_drift,FRA,2019,2022,3,2.71676264185913,1.876464792005585,,
rw_drift,FRA,2019,2023,4,1.43921494437743,1.8261375679433234,,
rw_drift,FRA,2019,2024,5,1.19046798275883,1.7758103438810617,,
rw_drift,GAB,2019,2020,1,-1.8377610635094,3.733808201557536,,
rw_drift,GAB,2019,2021,2,1.46795731508091,3.5468076085867617,,
rw_drift,GAB,2019,2022,3,3.03761449525692,3.359807015615988,,
rw_drift,GAB,2019,2023,4,2.43893665041031,3.172806422645214,,
rw_drift,GAB,2019,2024,5,3.39403899521831,2.98580582967444,,
rw_drift,GBR,2019,2020,1,-10.047896637362,1.2313849421655791,,
rw_drift,GBR,2019,2021,2,8.5431118453255,1.2064708867229181,,
rw_drift,GBR,2019,2022,3,5.14970388522993,1.1815568312802571,,
rw_drift,GBR,2019,2023,4,0.271650048355255,1.1566427758375963,,
rw_drift,GBR,2019,2024,5,1.08027716858781,1.1317287203949356,,
rw_drift,GEO,2019,2020,1,-6.2904717853839,5.38959475840565,,
rw_drift,GEO,2019,2021,2,10.6442336580969,5.39847025091179,,
rw_drift,GEO,2019,2022,3,10.9585321385624,5.407345743417929,,
rw_drift,GEO,2019,2023,4,7.83220126555726,5.416221235924068,,
rw_drift,GEO,2019,2024,5,9.67979379712661,5.425096728430208,,
rw_drift,GHA,2019,2020,1,0.513941670628171,6.560845497006346,,
rw_drift,GHA,2019,2021,2,5.07646643533542,6.613916200097491,,
rw_drift,GHA,2019,2022,3,3.80484978178042,6.666986903188637,,
rw_drift,GHA,2019,2023,4,3.14009100080186,6.720057606279783,,
rw_drift,GHA,2019,2024,5,5.84746854280382,6.773128309370929,,
rw_drift,GMB,2019,2020,1,0.591487287873974,6.3417080284091405,,
rw_drift,GMB,2019,2021,2,5.25596878816744,6.46136289686969,,
rw_drift,GMB,2019,2022,3,5.49299823010114,6.58101776533024,,
rw_drift,GMB,2019,2023,4,5.91679576551141,6.70067263379079,,
rw_drift,GMB,2019,2024,5,5.55126065805138,6.82032750225134,,
rw_drift,GNB,2019,2020,1,2.89149979806913,5.51996369389138,,
rw_drift,GNB,2019,2021,2,5.0173096003907,5.712431676589318,,
rw_drift,GNB,2019,2022,3,5.45776090019501,5.904899659287258,,
rw_drift,GNB,2019,2023,4,4.63052364601562,6.097367641985198,,
rw_drift,GNB,2019,2024,5,4.40920107183611,6.289835624683136,,
rw_drift,GRC,2019,2020,1,-9.19623149726978,2.0887899990050087,,
rw_drift,GRC,2019,2021,2,8.65449786002131,1.9003993446619378,,
rw_drift,GRC,2019,2022,3,5.52198580589408,1.7120086903188667,,
rw_drift,GRC,2019,2023,4,2.13591131996631,1.5236180359757956,,
rw_drift,GRC,2019,2024,5,2.0865743380603,1.3352273816327245,,
rw_drift,GTM,2019,2020,1,-1.78555117570465,4.013060032061888,,
rw_drift,GTM,2019,2021,2,8.04170398855833,4.008221755507905,,
rw_drift,GTM,2019,2022,3,4.15492196609047,4.003383478953921,,
rw_drift,GTM,2019,2023,4,3.52430434049013,3.9985452023999386,,
rw_drift,GTM,2019,2024,5,3.71558453779777,3.993706925845956,,
rw_drift,HKG,2019,2020,1,-6.54479640529367,-1.9524862759483628,,
rw_drift,HKG,2019,2021,2,6.45443038333934,-2.2325438922161656,,
rw_drift,HKG,2019,2022,3,-3.68528359281325,-2.512601508483968,,
rw_drift,HKG,2019,2023,4,3.15034461759902,-2.7926591247517707,,
rw_drift,HKG,2019,2024,5,2.62936861207362,-3.0727167410195735,,
rw_drift,HND,2019,2020,1,-8.96508223267296,2.575083824017883,,
rw_drift,HND,2019,2021,2,12.5652843771279,2.5905333021126262,,
rw_drift,HND,2019,2022,3,4.14356194013767,2.6059827802073694,,
rw_drift,HND,2019,2023,4,3.57584760454412,2.621432258302113,,
rw_drift,HND,2019,2024,5,3.63240745450875,2.636881736396856,,
rw_drift,HTI,2019,2020,1,-3.30550546965893,-1.7022541829979148,,
rw_drift,HTI,2019,2021,2,-1.79823988931486,-1.6814113676035096,,
rw_drift,HTI,2019,2022,3,-1.68198396897978,-1.6605685522091043,,
rw_drift,HTI,2019,2023,4,-1.86388420254838,-1.6397257368146991,,
rw_drift,HTI,2019,2024,5,-4.18495104762965,-1.618882921420294,,
rw_drift,HUN,2019,2020,1,-4.33872540024058,5.083688139785901,,
rw_drift,HUN,2019,2021,2,7.22291580811137,5.090191328682471,,
rw_drift,HUN,2019,2022,3,4.15238057779229,5.096694517579042,,
rw_drift,HUN,2019,2023,4,-0.817107370513455,5.103197706475613,,
rw_drift,HUN,2019,2024,5,0.709070599066038,5.109700895372184,,
rw_drift,IDN,2019,2020,1,-2.06551182934165,5.006850471114452,,
rw_drift,IDN,2019,2021,2,3.70288562827751,4.994413261766085,,
rw_drift,IDN,2019,2022,3,5.30719722664799,4.981976052417717,,
rw_drift,IDN,2019,2023,4,5.04883117855516,4.9695388430693495,,
rw_drift,IDN,2019,2024,5,5.03257477088519,4.957101633720982,,
rw_drift,IND,2019,2020,1,-5.77772470687303,3.874000637395016,,
rw_drift,IND,2019,2021,2,9.68959249191741,3.8765643340847924,,
rw_drift,IND,2019,2022,3,7.6093649776932,3.8791280307745684,,
rw_drift,IND,2019,2023,4,7.210224629335,3.8816917274643448,,
rw_drift,IND,2019,2024,5,7.09927893176518,3.8842554241541207,,
rw_drift,IRL,2019,2020,1,7.15369505735335,4.972133673340546,,
rw_drift,IRL,2019,2021,2,16.2581881158197,4.971387309012932,,
rw_drift,IRL,2019,2022,3,7.51113888415304,4.970640944685318,,
rw_drift,IRL,2019,2023,4,-2.53637409313261,4.969894580357703,,
rw_drift,IRL,2019,2024,5,2.59946721553708,4.9691482160300895,,
rw_drift,IRN,2019,2020,1,4.44180865358672,-2.5813035556833266,,
rw_drift,IRN,2019,2021,2,4.13089685034471,-2.8011717236609037,,
rw_drift,IRN,2019,2022,3,4.35281087521344,-3.0210398916384804,,
rw_drift,IRN,2019,2023,4,5.33235116079808,-3.240908059616057,,
rw_drift,IRN,2019,2024,5,3.66312057949303,-3.460776227593634,,
rw_drift,IRQ,2019,2020,1,-12.0367930960454,5.482549587789395,,
rw_drift,IRQ,2019,2021,2,1.5021807095434,5.451308596640688,,
rw_drift,IRQ,2019,2022,3,7.95904804990212,5.420067605491982,,
rw_drift,IRQ,2019,2023,4,0.517705525140073,5.388826614343277,,
rw_drift,IRQ,2019,2024,5,-1.54525198319173,5.35758562319457,,
rw_drift,ISL,2019,2020,1,-6.64587810456635,1.1591156586862756,,
rw_drift,ISL,2019,2021,2,5.18057190719905,1.1800190440036715,,
rw_drift,ISL,2019,2022,3,8.85729897856851,1.2009224293210672,,
rw_drift,ISL,2019,2023,4,5.0322597376242,1.221825814638463,,
rw_drift,ISL,2019,2024,5,-1.2828764442695,1.2427291999558587,,
rw_drift,ISR,2019,2020,1,-1.80206927953466,3.4475237970263235,,
rw_drift,ISR,2019,2021,2,9.33534690236249,3.3160599648165965,,
rw_drift,ISR,2019,2022,3,6.36407234798706,3.18459613260687,,
rw_drift,ISR,2019,2023,4,2.06272504731618,3.0531323003971433,,
rw_drift,ISR,2019,2024,5,0.953618469238535,2.9216684681874163,,
rw_drift,ITA,2019,2020,1,-8.86822122185345,0.29505764684730085,,
rw_drift,ITA,2019,2021,2,8.93106210800055,0.1609527599142596,,
rw_drift,ITA,2019,2022,3,4.82117669913565,0.026847872981218435,,
rw_drift,ITA,2019,2023,4,0.922796543670316,-0.1072570139518228,,
rw_drift,ITA,2019,2024,5,0.783039135276795,-0.24136190088486403,,
rw_drift,JPN,2019,2020,1,-4.28327942675573,-0.5214630121461084,,
rw_drift,JPN,2019,2021,2,3.56419531474475,-0.7344291031489578,,
rw_drift,JPN,2019,2022,3,1.33164750653741,-0.9473951941518072,,
rw_drift,JPN,2019,2023,4,0.720785304749811,-1.1603612851546565,,
rw_drift,JPN,2019,2024,5,-0.240084236041696,-1.3733273761575058,,
rw_drift,KEN,2019,2020,1,-0.272766327438816,5.33637943977102,,
rw_drift,KEN,2019,2021,2,7.59048947333467,5.558600021864029,,
rw_drift,KEN,2019,2022,3,4.85998104287999,5.780820603957039,,
rw_drift,KEN,2019,2023,4,5.71999241214208,6.003041186050049,,
rw_drift,KEN,2019,2024,5,4.66019594571891,6.225261768143058,,
rw_drift,KGZ,2019,2020,1,-7.14897757727955,4.641271197237582,,
rw_drift,KGZ,2019,2021,2,5.50700762671923,4.6819167373991855,,
rw_drift,KGZ,2019,2022,3,8.96750520041391,4.722562277560788,,
rw_drift,KGZ,2019,2023,4,9.0132928339342,4.763207817722391,,
rw_drift,KGZ,2019,2024,5,11.5397119406559,4.803853357883993,,
rw_drift,KHM,2019,2020,1,-3.55572193406549,8.121530371603502,,
rw_drift,KHM,2019,2021,2,3.08984284148661,8.306110607321763,,
rw_drift,KHM,2019,2022,3,5.12990110773977,8.490690843040024,,
rw_drift,KHM,2019,2023,4,5.00733043811898,8.675271078758286,,
rw_drift,KHM,2019,2024,5,6.0158145735202,8.859851314476547,,
rw_drift,KOR,2019,2020,1,-0.700242317542106,2.2343782224653563,,
rw_drift,KOR,2019,2021,2,4.61296795454287,2.1549543389759624,,
rw_drift,KOR,2019,2022,3,2.72756456708991,2.0755304554865686,,
rw_drift,KOR,2019,2023,4,1.58301467403629,1.9961065719971745,,
rw_drift,KOR,2019,2024,5,2.00361101838986,1.9166826885077806,,
rw_drift,KWT,2019,2020,1,-4.81731593381585,2.164236568271721,,
rw_drift,KWT,2019,2021,2,1.67213054307859,2.0646560705855324,,
rw_drift,KWT,2019,2022,3,6.75866711966617,1.9650755728993432,,
rw_drift,KWT,2019,2023,4,-1.64087799968877,1.865495075213154,,
rw_drift,KWT,2019,2024,5,-1.47401818168846,1.765914577526965,,
rw_drift,LBY,2019,2020,1,-29.4552967282824,-11.559736106103362,,
rw_drift,LBY,2019,2021,2,28.2996823429147,-11.923389326868124,,
rw_drift,LBY,2019,2022,3,-8.29981811198795,-12.287042547632888,,
rw_drift,LBY,2019,2023,4,10.2000497852517,-12.65069576839765,,
rw_drift,LBY,2019,2024,5,1.89995052025442,-13.014348989162412,,
rw_drift,LKA,2019,2020,1,-4.62451503712715,-0.2913348244548087,,
rw_drift,LKA,2019,2021,2,4.2074764950026,-0.36218576208479436,,
rw_drift,LKA,2019,2022,3,-7.34919311146656,-0.43303669971478004,,
rw_drift,LKA,2019,2023,4,-2.0289296690344,-0.5038876373447657,,
rw_drift,LKA,2019,2024,5,4.99241614398109,-0.5747385749747513,,
rw_drift,LUX,2019,2020,1,-0.510051634039826,2.7306888422261197,,
rw_drift,LUX,2019,2021,2,6.92973270801744,2.71205676524532,,
rw_drift,LUX,2019,2022,3,-1.09741256293819,2.69342468826452,,
rw_drift,LUX,2019,2023,4,0.0994370594039111,2.6747926112837197,,
rw_drift,LUX,2019,2024,5,0.358614003982225,2.65616053430292,,
rw_drift,MAC,2019,2020,1,-54.4020925789353,-2.807700664015808,,
rw_drift,MAC,2019,2021,2,22.4622020023362,-3.154491927357716,,
rw_drift,MAC,2019,2022,3,-18.956941494497,-3.5012831906996245,,
rw_drift,MAC,2019,2023,4,75.3084184293413,-3.848074454041533,,
rw_drift,MAC,2019,2024,5,7.84960207010525,-4.194865717383441,,
rw_drift,MAR,2019,2020,1,-7.17820744246774,2.753708096024706,,
rw_drift,MAR,2019,2021,2,8.15473889823681,2.6164414306786417,,
rw_drift,MAR,2019,2022,3,1.81269242194809,2.4791747653325777,,
rw_drift,MAR,2019,2023,4,3.65564411017931,2.3419080999865134,,
rw_drift,MAR,2019,2024,5,3.79336515978963,2.2046414346404495,,
rw_drift,MDG,2019,2020,1,-7.13767162064489,4.451966601138707,,
rw_drift,MDG,2019,2021,2,4.65068343174309,4.492701073181524,,
rw_drift,MDG,2019,2022,3,4.13753534956307,4.533435545224342,,
rw_drift,MDG,2019,2023,4,4.23086580696344,4.574170017267159,,
rw_drift,MDG,2019,2024,5,4.32283728087992,4.614904489309977,,
rw_drift,MEX,2019,2020,1,-8.35403459379062,-0.48566793594593927,,
rw_drift,MEX,2019,2021,2,6.04848347173572,-0.5786453586013465,,
rw_drift,MEX,2019,2022,3,3.70975708309098,-0.6716227812567538,,
rw_drift,MEX,2019,2023,4,3.1067964131456,-0.7646002039121611,,
rw_drift,MEX,2019,2024,5,1.35057631384696,-0.8575776265675683,,
rw_drift,MLI,2019,2020,1,-1.16910834857605,5.02532438994821,,
rw_drift,MLI,2019,2021,2,3.10094124463507,5.05064966289937,,
rw_drift,MLI,2019,2022,3,3.70319027585386,5.07597493585053,,
rw_drift,MLI,2019,2023,4,4.76394100040932,5.101300208801691,,
rw_drift,MLI,2019,2024,5,5.01653579205785,5.126625481752851,,
rw_drift,MLT,2019,2020,1,-3.45728232537419,4.119036192035675,,
rw_drift,MLT,2019,2021,2,13.3509818925498,4.15301665284705,,
rw_drift,MLT,2019,2022,3,2.59276776884379,4.186997113658425,,
rw_drift,MLT,2019,2023,4,10.6340558017004,4.220977574469799,,
rw_drift,MLT,2019,2024,5,6.21275996991034,4.254958035281175,,
rw_drift,MNG,2019,2020,1,-4.55775197583431,5.528193088361057,,
rw_drift,MNG,2019,2021,2,1.63676957736662,5.454141956079563,,
rw_drift,MNG,2019,2022,3,5.0327096366527,5.38009082379807,,
rw_drift,MNG,2019,2023,4,7.4221127615025,5.306039691516577,,
rw_drift,MNG,2019,2024,5,5.12204539122661,5.2319885592350825,,
rw_drift,MRT,2019,2020,1,-0.36065738652286,3.183362726225439,,
rw_drift,MRT,2019,2021,2,0.7427154981402,3.2257205598044885,,
rw_drift,MRT,2019,2022,3,6.7960049994761,3.268078393383538,,
rw_drift,MRT,2019,2023,4,6.80949002457973,3.310436226962587,,
rw_drift,MRT,2019,2024,5,6.3076021190402,3.3527940605416364,,
rw_drift,MUS,2019,2020,1,-14.1974358137792,2.519377910833223,,
rw_drift,MUS,2019,2021,2,3.33809084057279,2.1748064348191063,,
rw_drift,MUS,2019,2022,3,8.3424438025047,1.83023495880499,,
rw_drift,MUS,2019,2023,4,4.69918189687444,1.4856634827908732,,
rw_drift,MUS,2019,2024,5,4.94844235250574,1.1410920067767565,,
rw_drift,MYS,2019,2020,1,-5.45684658426701,4.358276963037465,,
rw_drift,MYS,2019,2021,2,3.31534954399166,4.303366504779069,,
rw_drift,MYS,2019,2022,3,9.03173723044451,4.2484560465206735,,
rw_drift,MYS,2019,2023,4,3.5370638041057,4.193545588262277,,
rw_drift,MYS,2019,2024,5,5.10545921024041,4.138635130003882,,
rw_drift,NER,2019,2020,1,4.45481803846413,6.1052363629192765,,
rw_drift,NER,2019,2021,2,1.11520063869706,6.131657436246693,,
rw_drift,NER,2019,2022,3,12.2215497467041,6.158078509574109,,
rw_drift,NER,2019,2023,4,2.63516980401258,6.184499582901525,,
rw_drift,NER,2019,2024,5,8.32327058280728,6.210920656228941,,
rw_drift,NIC,2019,2020,1,-2.23654176262323,-3.0760873373886644,,
rw_drift,NIC,2019,2021,2,10.4543887816515,-3.255304807488318,,
rw_drift,NIC,2019,2022,3,3.55027477135765,-3.4345222775879725,,
rw_drift,NIC,2019,2023,4,4.42779393186883,-3.6137397476876263,,
rw_drift,NIC,2019,2024,5,3.58094495324541,-3.7929572177872806,,
rw_drift,NLD,2019,2020,1,-3.86799714191608,2.334723934685206,,
rw_drift,NLD,2019,2021,2,6.27683593745216,2.3692862640045114,,
rw_drift,NLD,2019,2022,3,5.00723453395074,2.403848593323817,,
rw_drift,NLD,2019,2023,4,-0.598061017580278,2.438410922643123,,
rw_drift,NLD,2019,2024,5,1.07383137319854,2.472973251962429,,
rw_drift,NOR,2019,2020,1,-1.36055723261586,1.3868866519297045,,
rw_drift,NOR,2019,2021,2,4.14314688769197,1.3040654843179793,,
rw_drift,NOR,2019,2022,3,4.08039770659241,1.2212443167062539,,
rw_drift,NOR,2019,2023,4,0.352695581319765,1.1384231490945287,,
rw_drift,NOR,2019,2024,5,1.42372134524737,1.0556019814828033,,
rw_drift,NPL,2019,2020,1,-2.3696206292072,6.7389311114365205,,
rw_drift,NPL,2019,2021,2,4.838149614115,6.820806791768361,,
rw_drift,NPL,2019,2022,3,5.6313145568451,6.902682472100202,,
rw_drift,NPL,2019,2023,4,1.98254843461849,6.984558152432042,,
rw_drift,NPL,2019,2024,5,3.67787459697703,7.066433832763883,,
rw_drift,NZL,2019,2020,1,-0.240916114758988,2.3066147974795195,,
rw_drift,NZL,2019,2021,2,4.29916005216614,2.289512510542809,,
rw_drift,NZL,2019,2022,3,3.34521847792682,2.2724102236060992,,
rw_drift,NZL,2019,2023,4,1.81389453412019,2.255307936669389,,
rw_drift,NZL,2019,2024,5,-0.868722371893952,2.2382056497326785,,
rw_drift,OMN,2019,2020,1,-3.37972052697999,-1.1677456797157801,,
rw_drift,OMN,2019,2021,2,2.5821749892893,-1.2068533421509804,,
rw_drift,OMN,2019,2022,3,7.98570728354278,-1.2459610045861804,,
rw_drift,OMN,2019,2023,4,1.41401383200161,-1.2850686670213805,,
rw_drift,OMN,2019,2024,5,1.63163231397978,-1.3241763294565805,,
rw_drift,PAK,2019,2020,1,-1.27408744338709,2.437469524436102,,
rw_drift,PAK,2019,2021,2,6.51388575852702,2.377302119438555,,
rw_drift,PAK,2019,2022,3,4.7781068690358,2.317134714441007,,
rw_drift,PAK,2019,2023,4,-0.414935997088406,2.2569673094434597,,
rw_drift,PAK,2019,2024,5,3.08176295579301,2.196799904445912,,
rw_drift,PAN,2019,2020,1,-17.8211174074602,2.9680635962192716,,
rw_drift,PAN,2019,2021,2,16.4669992022652,2.833173236127683,,
rw_drift,PAN,2019,2022,3,11.0386022908773,2.698282876036094,,
rw_drift,PAN,2019,2023,4,7.16634016390665,2.5633925159445057,,
rw_drift,PAN,2019,2024,5,2.74784148771307,2.428502155852917,,
rw_drift,PER,2019,2020,1,-10.9333065010382,2.1525892762900556,,
rw_drift,PER,2019,2021,2,13.4166456126513,2.064546783829621,,
rw_drift,PER,2019,2022,3,2.81819976419922,1.9765042913691868,,
rw_drift,PER,2019,2023,4,-0.350699814345759,1.8884617989087527,,
rw_drift,PER,2019,2024,5,3.5152749274832,1.8004193064483183,,
rw_drift,PHL,2019,2020,1,-9.51829474045297,6.125819708970194,,
rw_drift,PHL,2019,2021,2,5.71473313185116,6.133113755727357,,
rw_drift,PHL,2019,2022,3,7.58098212785563,6.14040780248452,,
rw_drift,PHL,2019,2023,4,5.51894967856043,6.147701849241684,,
rw_drift,PHL,2019,2024,5,5.71474526128652,6.154995895998848,,
rw_drift,PRT,2019,2020,1,-8.20463159324387,2.697594324100741,,
rw_drift,PRT,2019,2021,2,5.55875672070374,2.649504321715522,,
rw_drift,PRT,2019,2022,3,6.98584137580278,2.601414319330303,,
rw_drift,PRT,2019,2023,4,3.09998745904281,2.5533243169450843,,
rw_drift,PRT,2019,2024,5,2.21459232301109,2.5052343145598654,,
rw_drift,PRY,2019,2020,1,-0.819785390971916,-0.5277540767991385,,
rw_drift,PRY,2019,2021,2,3.99461510731535,-0.6536530529182671,,
rw_drift,PRY,2019,2022,3,-0.0280771723899278,-0.7795520290373956,,
rw_drift,PRY,2019,2023,4,5.28584584975323,-0.9054510051565243,,
rw_drift,PRY,2019,2024,5,4.66914577981763,-1.0313499812756528,,
rw_drift,QAT,2019,2020,1,-3.5576039896784,0.49408239817545074,,
rw_drift,QAT,2019,2021,2,1.62684671918775,0.29992384175822945,,
rw_drift,QAT,2019,2022,3,4.18500970982862,0.10576528534100815,,
rw_drift,QAT,2019,2023,4,1.18715991623776,-0.08839327107621309,,
rw_drift,QAT,2019,2024,5,3.10963283242745,-0.2825518274934343,,
rw_drift,RUS,2019,2020,1,-2.65365449695453,2.3773195536905467,,
rw_drift,RUS,2019,2021,2,5.866491772979,2.5565633935612735,,
rw_drift,RUS,2019,2022,3,-1.43537063467896,2.7358072334320003,,
rw_drift,RUS,2019,2023,4,4.06661395813023,2.9150510733027275,,
rw_drift,RUS,2019,2024,5,4.92167966203073,3.0942949131734543,,
rw_drift,RWA,2019,2020,1,-2.77710485515125,9.520334907679377,,
rw_drift,RWA,2019,2021,2,8.41140448646523,9.754535940813325,,
rw_drift,RWA,2019,2022,3,9.82497394651698,9.988736973947272,,
rw_drift,RWA,2019,2023,4,8.55964292914153,10.22293800708122,,
rw_drift,RWA,2019,2024,5,7.22717103344534,10.457139040215168,,
rw_drift,SAU,2019,2020,1,-3.80478901996312,1.4752916385507042,,
rw_drift,SAU,2019,2021,2,6.51959698325419,1.2989940209274586,,
rw_drift,SAU,2019,2022,3,12.0005874752929,1.1226964033042128,,
rw_drift,SAU,2019,2023,4,0.542592439393161,0.9463987856809671,,
rw_drift,SAU,2019,2024,5,2.64893068308965,0.7701011680577214,,
rw_drift,SDN,2019,2020,1,-3.62980082410752,-2.2161931552884515,,
rw_drift,SDN,2019,2021,2,-1.8685204827207,-2.2541352652759925,,
rw_drift,SDN,2019,2022,3,-0.957816591119183,-2.292077375263534,,
rw_drift,SDN,2019,2023,4,-29.4332716274387,-2.3300194852510754,,
rw_drift,SDN,2019,2024,5,-13.9643378424022,-2.3679615952386164,,
rw_drift,SEN,2019,2020,1,1.34207377285524,4.64156223281783,,
rw_drift,SEN,2019,2021,2,6.5440010991951,4.6694963680135615,,
rw_drift,SEN,2019,2022,3,3.85043193752725,4.697430503209292,,
rw_drift,SEN,2019,2023,4,4.25743083300657,4.725364638405023,,
rw_drift,SEN,2019,2024,5,6.46220577412338,4.753298773600753,,
rw_drift,SGP,2019,2020,1,-3.61084281729929,1.0384561965325352,,
rw_drift,SGP,2019,2021,2,10.1410845197192,0.9181329200639903,,
rw_drift,SGP,2019,2022,3,4.01027884472296,0.7978096435954454,,
rw_drift,SGP,2019,2023,4,1.45026775889565,0.6774863671269005,,
rw_drift,SGP,2019,2024,5,5.3435120192366,0.5571630906583556,,
rw_drift,SLB,2019,2020,1,-3.38125925839405,1.842575387882667,,
rw_drift,SLB,2019,2021,2,-0.227975292792024,1.9358983309058237,,
rw_drift,SLB,2019,2022,3,-2.58448361755723,2.0292212739289806,,
rw_drift,SLB,2019,2023,4,2.84111851154807,2.1225442169521376,,
rw_drift,SLB,2019,2024,5,2.99755987604104,2.2158671599752946,,
rw_drift,SLV,2019,2020,1,-7.893101359867,2.348345814215151,,
rw_drift,SLV,2019,2021,2,11.9047617015957,2.259220037772462,,
rw_drift,SLV,2019,2022,3,2.9546041089332,2.170094261329773,,
rw_drift,SLV,2019,2023,4,3.35508721646165,2.080968484887084,,
rw_drift,SLV,2019,2024,5,2.5904637107794,1.9918427084443953,,
rw_drift,SWE,2019,2020,1,-1.93379704032216,2.5552462890575725,,
rw_drift,SWE,2019,2021,2,5.2258643028773,2.502262449419905,,
rw_drift,SWE,2019,2022,3,1.25543620445816,2.4492786097822368,,
rw_drift,SWE,2019,2023,4,-0.204061304891439,2.396294770144569,,
rw_drift,SWE,2019,2024,5,1.01779633304398,2.3433109305069015,,
rw_drift,SYC,2019,2020,1,-11.7398608281732,5.6935432535162915,,
rw_drift,SYC,2019,2021,2,0.552281631207279,5.872794433298382,,
rw_drift,SYC,2019,2022,3,9.88048366355446,6.052045613080473,,
rw_drift,SYC,2019,2023,4,5.17980996672414,6.2312967928625635,,
rw_drift,SYC,2019,2024,5,3.34667429007052,6.410547972644655,,
rw_drift,TCD,2019,2020,1,-0.393646582380399,5.451530276299387,,
rw_drift,TCD,2019,2021,2,0.293442648033434,5.520238523850634,,
rw_drift,TCD,2019,2022,3,4.12969897668356,5.588946771401881,,
rw_drift,TCD,2019,2023,4,3.99861309461539,5.657655018953127,,
rw_drift,TCD,2019,2024,5,4.95210484607125,5.726363266504374,,
rw_drift,TGO,2019,2020,1,2.15900131150536,4.794495626148731,,
rw_drift,TGO,2019,2021,2,5.13562929064506,4.669498647410632,,
rw_drift,TGO,2019,2022,3,6.29443692019429,4.544501668672532,,
rw_drift,TGO,2019,2023,4,6.19762969378132,4.419504689934432,,
rw_drift,TGO,2019,2024,5,6.52651376797853,4.294507711196333,,
rw_drift,THA,2019,2020,1,-6.09306312966953,2.058564891017175,,
rw_drift,THA,2019,2021,2,1.55858232076893,2.00257198575157,,
rw_drift,THA,2019,2022,3,2.63784213566305,1.9465790804859648,,
rw_drift,THA,2019,2023,4,2.24883437970568,1.8905861752203599,,
rw_drift,THA,2019,2024,5,2.94859986593323,1.8345932699547547,,
rw_drift,TON,2019,2020,1,1.80618715298932,-0.4210614925334283,,
rw_drift,TON,2019,2021,2,-0.934919892094683,-0.5569122007670356,,
rw_drift,TON,2019,2022,3,-2.12854876486114,-0.6927629090006429,,
rw_drift,TON,2019,2023,4,2.79014715494606,-0.8286136172342502,,
rw_drift,TON,2019,2024,5,1.71653807667747,-0.9644643254678575,,
rw_drift,TUN,2019,2020,1,-8.97512622934723,1.657815462916291,,
rw_drift,TUN,2019,2021,2,4.73603648206102,1.7655378761651621,,
rw_drift,TUN,2019,2022,3,2.75228761004381,1.873260289414033,,
rw_drift,TUN,2019,2023,4,0.184015548469745,1.9809827026629043,,
rw_drift,TUN,2019,2024,5,1.61444564976986,2.0887051159117753,,
rw_drift,TUR,2019,2020,1,1.80306247087255,1.3041332110113755,,
rw_drift,TUR,2019,2021,2,11.811094450607,1.306642767377721,,
rw_drift,TUR,2019,2022,3,5.44122511322401,1.3091523237440665,,
rw_drift,TUR,2019,2023,4,5.04512369812289,1.311661880110412,,
rw_drift,TUR,2019,2024,5,3.3276230893799,1.3141714364767576,,
rw_drift,TZA,2019,2020,1,1.99196460647855,5.880374200803985,,
rw_drift,TZA,2019,2021,2,4.32138429480482,5.96074840164074,,
rw_drift,TZA,2019,2022,3,4.56600576430955,6.041122602477495,,
rw_drift,TZA,2019,2023,4,5.06952353203394,6.12149680331425,,
rw_drift,TZA,2019,2024,5,5.5263138305945,6.2018710041510055,,
rw_drift,UGA,2019,2020,1,2.95130642218098,6.458028013866752,,
rw_drift,UGA,2019,2021,2,3.53658034070898,6.4773109949691134,,
rw_drift,UGA,2019,2022,3,4.58802192181773,6.496593976071475,,
rw_drift,UGA,2019,2023,4,5.33697295511469,6.515876957173837,,
rw_drift,UGA,2019,2024,5,6.05558075875589,6.535159938276198,,
rw_drift,UKR,2019,2020,1,-3.75281793983162,3.2199245278619064,,
rw_drift,UKR,2019,2021,2,3.44562065945944,3.2403451921824726,,
rw_drift,UKR,2019,2022,3,-28.7585842155085,3.260765856503039,,
rw_drift,UKR,2019,2023,4,5.53473354963334,3.281186520823605,,
rw_drift,UKR,2019,2024,5,3.24811808426423,3.3016071851441713,,
rw_drift,URY,2019,2020,1,-7.35732706897301,0.9013736673651257,,
rw_drift,URY,2019,2021,2,5.84427325018082,0.8743963071839103,,
rw_drift,URY,2019,2022,3,4.60623000920732,0.8474189470026949,,
rw_drift,URY,2019,2023,4,0.761749241321681,0.8204415868214795,,
rw_drift,URY,2019,2024,5,3.32575905957381,0.7934642266402642,,
rw_drift,USA,2019,2020,1,-2.081375977796,2.588718870705524,,
rw_drift,USA,2019,2021,2,6.15202247867526,2.5936124108887983,,
rw_drift,USA,2019,2022,3,2.52421385073222,2.5985059510720725,,
rw_drift,USA,2019,2023,4,2.93436322440155,2.603399491255347,,
rw_drift,USA,2019,2024,5,2.79318715363841,2.6082930314386212,,
rw_drift,VNM,2019,2020,1,2.86541320912272,7.463774672607136,,
rw_drift,VNM,2019,2021,2,2.55372852648131,7.568286644164212,,
rw_drift,VNM,2019,2022,3,8.53750041218142,7.672798615721288,,
rw_drift,VNM,2019,2023,4,4.97865959483225,7.7773105872783646,,
rw_drift,VNM,2019,2024,5,7.03955197123018,7.881822558835441,,
rw_drift,VUT,2019,2020,1,-5.72530282073851,3.653095119484492,,
rw_drift,VUT,2019,2021,2,-1.16332488626091,4.029417665165844,,
rw_drift,VUT,2019,2022,3,5.59195729750803,4.405740210847196,,
rw_drift,VUT,2019,2023,4,5.82973013269719,4.782062756528548,,
rw_drift,VUT,2019,2024,5,3.76564827114278,5.158385302209901,,
rw_drift,ZAF,2019,2020,1,-6.1689177146757,0.19812870506832034,,
rw_drift,ZAF,2019,2021,2,4.85864865060148,0.13632183326031067,,
rw_drift,ZAF,2019,2022,3,2.05813661692193,0.07451496145230097,,
rw_drift,ZAF,2019,2023,4,0.80610455095804,0.012708089644291293,,
rw_drift,ZAF,2019,2024,5,0.534843531905139,-0.04909878216371838,,
