model,country,origin_year,year,h,y_true,y_pred,q10,q90
arima,ABW,1999,2000,1,7.62292064930222,5.171325409534445,,
arima,ABW,1999,2001,2,4.1820016304779,6.787502614979996,,
arima,ABW,1999,2002,3,-0.944953481157384,7.238079050740963,,
arima,ABW,1999,2003,4,1.11050459944282,7.363695922318539,,
arima,ABW,1999,2004,5,7.29372807096192,7.398716835914002,,
arima,ALB,1999,2000,1,7.46285871776054,-2.1829193686046278,,
arima,ALB,1999,2001,2,8.8637306604876,1.9590331750895564,,
arima,ALB,1999,2002,3,4.62839587394552,1.2193405283182146,,
arima,ALB,1999,2003,4,5.33326426009945,1.3514389060556855,,
arima,ALB,1999,2004,5,5.26626173860785,1.3278480518312474,,
arima,AUS,1999,2000,1,3.9160574881715,4.0249531668100325,,
arima,AUS,1999,2001,2,2.03145880248898,3.763951234974315,,
arima,AUS,1999,2002,3,3.94980535772942,3.718292814163506,,
arima,AUS,1999,2003,4,3.0912800997751,3.7103055499456716,,
arima,AUS,1999,2004,5,4.21894147547516,3.708908296414941,,
arima,AUT,1999,2000,1,3.18952292988787,3.1853352942918933,,
arima,AUT,1999,2001,2,1.31698749571339,3.2160844761845415,,
arima,AUT,1999,2002,3,1.48436877605324,3.242842569608199,,
arima,AUT,1999,2003,4,1.14156504542775,3.2661275976837056,,
arima,AUT,1999,2004,5,2.56525534067859,3.286390346747799,,
arima,BEL,1999,2000,1,3.71670510672588,2.889984040544248,,
arima,BEL,1999,2001,2,1.09960362419645,2.9333303558646238,,
arima,BEL,1999,2002,3,1.70689430349601,2.971950199577017,,
arima,BEL,1999,2003,4,1.03795518162204,3.006358944988154,,
arima,BEL,1999,2004,5,3.57120671942319,3.0370157692256,,
arima,BEN,1999,2000,1,5.85771420543269,1.8205349633623518,,
arima,BEN,1999,2001,2,5.33313570603937,2.145720023261709,,
arima,BEN,1999,2002,3,4.64303087074482,2.399836288197496,,
arima,BEN,1999,2003,4,3.44357677591658,2.5984157559162795,,
arima,BEN,1999,2004,5,4.42968455385082,2.7535959251566857,,
arima,BFA,1999,2000,1,1.88847388906525,3.0828478423079635,,
arima,BFA,1999,2001,2,6.61340574539679,3.6759014999304025,,
arima,BFA,1999,2002,3,4.35296382988099,3.8040696321121534,,
arima,BFA,1999,2003,4,7.80249388870359,3.83176876168639,,
arima,BFA,1999,2004,5,4.47845213670386,3.837754974999402,,
arima,BGD,1999,2000,1,5.29329471892532,3.2916903660120482,,
arima,BGD,1999,2001,2,5.07728777526728,3.3620217192221347,,
arima,BGD,1999,2002,3,3.83312393993225,3.384369839301084,,
arima,BGD,1999,2003,4,4.73956739963045,3.3914710601402636,,
arima,BGD,1999,2004,5,5.23953291029852,3.3937275066435335,,
arima,BGR,1999,2000,1,4.58722553234129,-1.7576974328578114,,
arima,BGR,1999,2001,2,3.82370222571771,-0.8316447151146609,,
arima,BGR,1999,2002,3,5.87193134676191,-0.41359398504121364,,
arima,BGR,1999,2003,4,5.23715282493174,-0.22487210175485056,,
arima,BGR,1999,2004,5,6.5104241389717,-0.13967682120864916,,
arima,BHR,1999,2000,1,5.30006940305884,5.043050973159482,,
arima,BHR,1999,2001,2,2.49094875338352,5.091617964750999,,
arima,BHR,1999,2002,3,3.34855067103268,5.066032136368525,,
arima,BHR,1999,2003,4,6.29644129075703,5.079511139134917,,
arima,BHR,1999,2004,5,6.98096175867695,5.072410195875998,,
arima,BHS,1999,2000,1,4.14841930754267,5.496654609609318,,
arima,BHS,1999,2001,2,2.62600982683425,4.6735823790695905,,
arima,BHS,1999,2002,3,2.70495624731029,4.476407063841786,,
arima,BHS,1999,2003,4,-1.26491667612372,4.429171713780602,,
arima,BHS,1999,2004,5,0.882373744518318,4.417856005762968,,
arima,BLZ,1999,2000,1,12.2406120663359,7.550143177813233,,
arima,BLZ,1999,2001,2,4.99356206143864,6.639229605619599,,
arima,BLZ,1999,2002,3,5.39907320663811,6.202123264492879,,
arima,BLZ,1999,2003,4,9.66522679614125,5.992375644866267,,
arima,BLZ,1999,2004,5,4.78066505273344,5.891727221817479,,
arima,BOL,1999,2000,1,2.50781081484664,2.0604754567553067,,
arima,BOL,1999,2001,2,1.68379914527159,2.254876973793613,,
arima,BOL,1999,2002,3,2.48556576601922,2.415881849545706,,
arima,BOL,1999,2003,4,2.7113398065361,2.549227362537967,,
arima,BOL,1999,2004,5,4.1732955905708,2.6596651722757763,,
arima,BRA,1999,2000,1,4.38794944745618,2.226948152171944,,
arima,BRA,1999,2001,2,1.38989640095637,2.970892437427902,,
arima,BRA,1999,2002,3,3.05346185909312,3.495354691492351,,
arima,BRA,1999,2003,4,1.14082899824888,3.8650875618022917,,
arima,BRA,1999,2004,5,5.75996463670954,4.125740057436093,,
arima,BRN,1999,2000,1,3.47467627672586,7.539497763277829,,
arima,BRN,1999,2001,2,1.4660608198711,-1.6510904145781682,,
arima,BRN,1999,2002,3,3.9614389000248,2.4692275521329474,,
arima,BRN,1999,2003,4,3.58342909978997,0.6220095266634543,,
arima,BRN,1999,2004,5,0.104538372603315,1.4501530003437346,,
arima,BTN,1999,2000,1,3.35506838174288,6.403224444963847,,
arima,BTN,1999,2001,2,7.32837435673082,6.368950327973305,,
arima,BTN,1999,2002,3,10.4437797168913,6.350286667006164,,
arima,BTN,1999,2003,4,7.78656040877364,6.340123538929297,,
arima,BTN,1999,2004,5,5.15725736177561,6.3345892992917125,,
arima,BWA,1999,2000,1,1.98769583378552,11.65634824742431,,
arima,BWA,1999,2001,2,0.250573949689084,11.018506711885431,,
arima,BWA,1999,2002,3,6.06953087648317,10.636412923211847,,
arima,BWA,1999,2003,4,4.62589474959299,10.407522744055374,,
arima,BWA,1999,2004,5,2.70582170611173,10.27040794222582,,
arima,CAF,1999,2000,1,-2.48943244028874,1.1017846939820743,,
arima,CAF,1999,2001,2,4.46473902640867,1.8113479393804397,,
arima,CAF,1999,2002,3,3.61654219150596,1.296771038068773,,
arima,CAF,1999,2003,4,-5.39748521855877,1.6699433931487742,,
arima,CAF,1999,2004,5,5.99488422798696,1.399317940974407,,
arima,CAN,1999,2000,1,5.13853918994158,4.232767614103566,,
arima,CAN,1999,2001,2,1.87509813099847,3.8098059555824992,,
arima,CAN,1999,2002,3,2.99925533832644,3.6949310502695027,,
arima,CAN,1999,2003,4,1.8063851195103,3.6637314282592905,,
arima,CAN,1999,2004,5,3.09236381038156,3.6552577201772,,
arima,CHE,1999,2000,1,3.63321673470911,2.0357059541405307,,
arima,CHE,1999,2001,2,1.59219781357001,2.5556363218061975,,
arima,CHE,1999,2002,3,0.380410134195273,2.5653643190821915,,
arima,CHE,1999,2003,4,-0.284222357857615,2.5655463317840588,,
arima,CHE,1999,2004,5,2.58692895529093,2.565549737276752,,
arima,CHL,1999,2000,1,4.9716214882971,5.1325808701676365,,
arima,CHL,1999,2001,2,3.15403492459967,3.687279109180019,,
arima,CHL,1999,2002,3,3.20279913520113,4.551758584437683,,
arima,CHL,1999,2003,4,4.72324526861041,4.034686798244676,,
arima,CHL,1999,2004,5,6.67425416822923,4.343963351047896,,
arima,CHN,1999,2000,1,8.57357328926101,7.457298871058664,,
arima,CHN,1999,2001,2,8.32404695347056,7.0270853004829,,
arima,CHN,1999,2002,3,9.23604870383861,6.877993890211018,,
arima,CHN,1999,2003,4,10.1138119025242,6.826325950989318,,
arima,CHN,1999,2004,5,10.1404291872206,6.80842031887712,,
arima,CIV,1999,2000,1,-0.265789462275947,4.410334033871505,,
arima,CIV,1999,2001,2,-2.15401249077306,4.482531627113899,,
arima,CIV,1999,2002,3,-2.73052647441901,4.545177166624822,,
arima,CIV,1999,2003,4,-4.72586658630681,4.599534430411146,,
arima,CIV,1999,2004,5,3.18503822575397,4.646699993185506,,
arima,CMR,1999,2000,1,3.83241779430614,3.744531867915147,,
arima,CMR,1999,2001,2,4.32426119221549,3.6640060434798887,,
arima,CMR,1999,2002,3,4.47702683369155,3.6017285141105035,,
arima,CMR,1999,2003,4,5.45315368881347,3.553563957068646,,
arima,CMR,1999,2004,5,7.04886281858374,3.5163141724588742,,
arima,COG,1999,2000,1,7.5759803952642,0.38160352827431954,,
arima,COG,1999,2001,2,3.80260189913561,2.2329464837907764,,
arima,COG,1999,2002,3,4.58187006108889,3.1866062135003643,,
arima,COG,1999,2003,4,0.813264076303781,3.677853325419753,,
arima,COG,1999,2004,5,3.47663162118089,3.9309034621206385,,
arima,COL,1999,2000,1,2.92486148176778,-1.2852539389544684,,
arima,COL,1999,2001,2,1.67789830787579,0.27269360107710483,,
arima,COL,1999,2002,3,2.50398046659659,1.3591917964746814,,
arima,COL,1999,2003,4,3.91827190322513,2.1169055822535445,,
arima,COL,1999,2004,5,5.33302206759905,2.6453281637096033,,
arima,COM,1999,2000,1,-1.00701887109655,2.440722168639998,,
arima,COM,1999,2001,2,5.41959971808741,2.3753812161396852,,
arima,COM,1999,2002,3,4.59768263263243,2.411262825858722,,
arima,COM,1999,2003,4,1.93442812313498,2.391558645451754,,
arima,COM,1999,2004,5,3.10041210399676,2.4023790832345204,,
arima,CRI,1999,2000,1,3.80207210664838,3.902394162459407,,
arima,CRI,1999,2001,2,3.49117013515725,5.076468289542201,,
arima,CRI,1999,2002,3,3.41687615891895,4.64827038136608,,
arima,CRI,1999,2003,4,4.31718000096654,4.804438926721884,,
arima,CRI,1999,2004,5,4.42459978667458,4.7474825191989485,,
arima,CYP,1999,2000,1,5.96530445494226,5.880969576918,,
arima,CYP,1999,2001,2,3.95256258200938,6.273136900260031,,
arima,CYP,1999,2002,3,3.72297491128981,6.5839923370396916,,
arima,CYP,1999,2003,4,2.62329962315329,6.8303950759318255,,
arima,CYP,1999,2004,5,5.02627226665527,7.0257087251397055,,
arima,DEU,1999,2000,1,2.8765231247659,2.6699699444712572,,
arima,DEU,1999,2001,2,1.63614170690956,2.928276474890993,,
arima,DEU,1999,2002,3,-0.228255715793637,2.920111477847891,,
arima,DEU,1999,2003,4,-0.529801394291297,2.920369571116402,,
arima,DEU,1999,2004,5,1.16208684507278,2.920361412860508,,
arima,DNK,1999,2000,1,3.72400899471576,2.9391100356214386,,
arima,DNK,1999,2001,2,0.95003224600012,2.966689312848149,,
arima,DNK,1999,2002,3,0.456530018779986,2.990869865323792,,
arima,DNK,1999,2003,4,0.441091006625101,3.0120705339715217,,
arima,DNK,1999,2004,5,2.77635180744053,3.030658543966891,,
arima,DOM,1999,2000,1,4.65172550299128,5.469207794823724,,
arima,DOM,1999,2001,2,2.46937023763239,5.465439717453128,,
arima,DOM,1999,2002,3,4.48650367045651,5.465858010476596,,
arima,DOM,1999,2003,4,-1.34935744782766,5.465811575906317,,
arima,DOM,1999,2004,5,2.58556667449577,5.465816730592616,,
arima,DZA,1999,2000,1,3.80000000158476,4.3414148428494785,,
arima,DZA,1999,2001,2,2.99999999863043,4.119824455643321,,
arima,DZA,1999,2002,3,5.40000000000001,4.0864779809220275,,
arima,DZA,1999,2003,4,6.50000000062043,4.081459769661341,,
arima,DZA,1999,2004,5,4.49999999976698,4.080704594055303,,
arima,ECU,1999,2000,1,1.09180164720277,0.7386692934386585,,
arima,ECU,1999,2001,2,4.20627185748789,1.4564235963360428,,
arima,ECU,1999,2002,3,4.92809549611376,2.0025601608676222,,
arima,ECU,1999,2003,4,2.88450036512064,2.418113430160942,,
arima,ECU,1999,2004,5,6.83239736646514,2.7343063585148193,,
arima,EGY,1999,2000,1,6.37000382991766,5.792135458635776,,
arima,EGY,1999,2001,2,3.53525197391507,5.693974237537418,,
arima,EGY,1999,2002,3,2.39020402675627,5.653543923643581,,
arima,EGY,1999,2003,4,3.19345473756772,5.636891621815384,,
arima,EGY,1999,2004,5,4.09207161019908,5.630032927695287,,
arima,ESP,1999,2000,1,5.20064125553942,4.4855568227587925,,
arima,ESP,1999,2001,2,3.91908880808811,4.56423088481823,,
arima,ESP,1999,2002,3,2.75545611564098,4.631276066392185,,
arima,ESP,1999,2003,4,2.9392895953076,4.688411242263601,,
arima,ESP,1999,2004,5,3.1145314799161,4.737101218861796,,
arima,FIN,1999,2000,1,5.75373770498848,4.050313759094416,,
arima,FIN,1999,2001,2,2.64026205699308,3.641756054856508,,
arima,FIN,1999,2002,3,1.68732644358099,3.6057258521511173,,
arima,FIN,1999,2003,4,2.01179992738312,3.6025483927775066,,
arima,FIN,1999,2004,5,4.00537952277651,3.6022681765335545,,
arima,FJI,1999,2000,1,-1.69999776168213,3.01141570342175,,
arima,FJI,1999,2001,2,2.00000027123612,3.8605458940575144,,
arima,FJI,1999,2002,3,3.19999861722759,3.6217750858629887,,
arima,FJI,1999,2003,4,0.999998995078172,3.688916143235099,,
arima,FJI,1999,2004,5,5.30000086613597,3.670036441737534,,
arima,FRA,1999,2000,1,4.14099996402915,3.333060292539654,,
arima,FRA,1999,2001,2,1.89946701186636,3.38693873430892,,
arima,FRA,1999,2002,3,1.06775027069419,3.4324975454735123,,
arima,FRA,1999,2003,4,0.967827182558352,3.4710214004064315,,
arima,FRA,1999,2004,5,2.86825052501032,3.503596600701518,,
arima,GAB,1999,2000,1,-1.88296639760897,0.9865599384378472,,
arima,GAB,1999,2001,2,2.13523342197423,3.847740224698448,,
arima,GAB,1999,2002,3,-0.249033168543434,4.740112574360744,,
arima,GAB,1999,2003,4,2.2473300115045,5.018434221642385,,
arima,GAB,1999,2004,5,0.689543058464849,5.105239846418725,,
arima,GBR,1999,2000,1,4.52438074810904,3.063539889997216,,
arima,GBR,1999,2001,2,2.39102229602824,2.482384635107949,,
arima,GBR,1999,2002,3,1.70902736258567,2.7618347390937474,,
arima,GBR,1999,2003,4,3.21851612669614,2.6274603873853506,,
arima,GBR,1999,2004,5,2.32601853325993,2.6920746642795526,,
arima,GEO,1999,2000,1,1.84038117927339,3.127068711072678,,
arima,GEO,1999,2001,2,4.80729867243699,2.512263721177103,,
arima,GEO,1999,2002,3,5.47402488700408,2.1319472222217444,,
arima,GEO,1999,2003,4,11.0570310020104,1.8966845913796804,,
arima,GEO,1999,2004,5,5.79268292682926,1.7511518426749602,,
arima,GHA,1999,2000,1,3.70000008164408,2.9092899884513583,,
arima,GHA,1999,2001,2,4.00000012807919,2.5259540107517378,,
arima,GHA,1999,2002,3,4.49999955900331,2.5213189275434886,,
arima,GHA,1999,2003,4,5.200000133101,2.5212628827222425,,
arima,GHA,1999,2004,5,5.59999999077445,2.521262205059761,,
arima,GMB,1999,2000,1,5.50000021632955,4.447882137617908,,
arima,GMB,1999,2001,2,5.80000024323377,4.395416137144934,,
arima,GMB,1999,2002,3,-3.25000014970206,4.3492540861743745,,
arima,GMB,1999,2003,4,6.86999962173842,4.3086385460036265,,
arima,GMB,1999,2004,5,7.05000000064635,4.2729030864935265,,
arima,GNB,1999,2000,1,1.10027815777423,3.4569955745214354,,
arima,GNB,1999,2001,2,4.7859716500482,3.379377201231901,,
arima,GNB,1999,2002,3,3.65393603642713,3.3815070342027007,,
arima,GNB,1999,2003,4,-0.285931052286514,3.3814485920028545,,
arima,GNB,1999,2004,5,1.17189152277038,3.3814501956453795,,
arima,GRC,1999,2000,1,4.13782699405849,2.928717952878335,,
arima,GRC,1999,2001,2,4.65041459442163,3.030542063741552,,
arima,GRC,1999,2002,3,4.68313727063017,3.1263258339021434,,
arima,GRC,1999,2003,4,5.79682274294369,3.216427584346116,,
arima,GRC,1999,2004,5,5.37786634595851,3.301184379985469,,
arima,GTM,1999,2000,1,3.6088687174876,4.095475497098794,,
arima,GTM,1999,2001,2,2.33257486608854,4.094275496577843,,
arima,GTM,1999,2002,3,3.83928708556792,4.09336460727952,,
arima,GTM,1999,2003,4,2.56037766801896,4.092673174818189,,
arima,GTM,1999,2004,5,3.13791683609193,4.092148326354756,,
arima,HKG,1999,2000,1,7.66344398397743,7.575798414124462,,
arima,HKG,1999,2001,2,0.560867137855524,6.829916537876082,,
arima,HKG,1999,2002,3,1.6567016736435,7.33926772156059,,
arima,HKG,1999,2003,4,3.05635886663597,6.991439685269204,,
arima,HKG,1999,2004,5,8.70006555836002,7.228966065310484,,
arima,HND,1999,2000,1,9.61221879337278,11.626775474968698,,
arima,HND,1999,2001,2,2.72319327321379,11.136944978830435,,
arima,HND,1999,2002,3,3.75433786119939,10.72453773020503,,
arima,HND,1999,2003,4,4.54703805165397,10.37731610954308,,
arima,HND,1999,2004,5,6.23230296069102,10.084976791412858,,
arima,HTI,1999,2000,1,0.870059259424892,1.7348931864082777,,
arima,HTI,1999,2001,2,-0.342747883252144,1.6279541606137717,,
arima,HTI,1999,2002,3,1.05182013450109,1.5541445802269571,,
arima,HTI,1999,2003,4,3.48077973188326,1.5032010250897871,,
arima,HTI,1999,2004,5,-1.3178567596495,1.4680396571967176,,
arima,HUN,1999,2000,1,4.40937501806403,2.932820625561326,,
arima,HUN,1999,2001,2,4.06202617226026,3.0829724551984814,,
arima,HUN,1999,2002,3,4.73006530805553,3.2157380647755356,,
arima,HUN,1999,2003,4,3.93877761242727,3.3331306208899827,,
arima,HUN,1999,2004,5,4.96312536156307,3.4369301837058748,,
arima,IDN,1999,2000,1,4.9200677470169,3.801831562875183,,
arima,IDN,1999,2001,2,3.64346644721492,4.748121389079651,,
arima,IDN,1999,2002,3,4.49947539085764,5.055997706206058,,
arima,IDN,1999,2003,4,4.78036912167654,5.156165566012297,,
arima,IDN,1999,2004,5,5.03087394501685,5.188755276815038,,
arima,IND,1999,2000,1,3.84099115686554,4.014126665797082,,
arima,IND,1999,2001,2,4.82396626397303,4.400435516876227,,
arima,IND,1999,2002,3,3.80397532120038,4.520564967953781,,
arima,IND,1999,2003,4,7.86038147545045,4.557921308549865,,
arima,IND,1999,2004,5,7.92293661307978,4.569537911890787,,
arima,IRL,1999,2000,1,9.40352476399653,7.609701879062902,,
arima,IRL,1999,2001,2,5.30582133514299,6.561330993796366,,
arima,IRL,1999,2002,3,5.89936506079005,5.928464212127923,,
arima,IRL,1999,2003,4,3.01383869396012,5.546423496415425,,
arima,IRL,1999,2004,5,6.78813990621356,5.315798169427442,,
arima,IRN,1999,2000,1,5.84552747578209,3.39323988457378,,
arima,IRN,1999,2001,2,2.39217271207868,4.272049152781162,,
arima,IRN,1999,2002,3,8.07882927975243,4.529806941691287,,
arima,IRN,1999,2003,4,8.6392983972006,4.605408190047897,,
arima,IRN,1999,2004,5,4.33666597851041,4.627582296899313,,
arima,IRQ,1999,2000,1,16.7961344439661,1.7678532153257294,,
arima,IRQ,1999,2001,2,1.76660876568174,9.43350311124919,,
arima,IRQ,1999,2002,3,-8.20370481187175,8.325087807812217,,
arima,IRQ,1999,2003,4,-36.6567804383165,8.485359213573473,,
arima,IRQ,1999,2004,5,53.3855472887501,8.462184755926561,,
arima,ISL,1999,2000,1,4.90518213950493,3.1028463711137952,,
arima,ISL,1999,2001,2,3.84093935332692,3.8931989995903744,,
arima,ISL,1999,2002,3,0.542286728290463,3.984434838780412,,
arima,ISL,1999,2003,4,2.28136971847135,3.9949668191304424,,
arima,ISL,1999,2004,5,7.62260520494142,3.9961825980510746,,
arima,ISR,1999,2000,1,8.59152200608253,4.709729403617679,,
arima,ISR,1999,2001,2,0.270471415054473,5.751579430602927,,
arima,ISR,1999,2002,3,-0.152880392675172,5.915015769466247,,
arima,ISR,1999,2003,4,1.43455918035305,5.940654235818587,,
arima,ISR,1999,2004,5,4.64944459908543,5.944676174644871,,
arima,ITA,1999,2000,1,3.88209885062652,2.138195300563778,,
arima,ITA,1999,2001,2,2.00643329837733,2.20222411910831,,
arima,ITA,1999,2002,3,0.26992966378873,2.263440652540941,,
arima,ITA,1999,2003,4,0.0665538088732092,2.3219684225465995,,
arima,ITA,1999,2004,5,1.4740217064723,2.377925525468885,,
arima,JPN,1999,2000,1,2.97832688768516,0.7302795948986738,,
arima,JPN,1999,2001,2,0.284608556379041,0.961604145464535,,
arima,JPN,1999,2002,3,0.0849888050363319,1.180627701359497,,
arima,JPN,1999,2003,4,1.38010935830795,1.3880043845499634,,
arima,JPN,1999,2004,5,2.11294823723127,1.584353533185388,,
arima,KEN,1999,2000,1,0.599695390807426,4.084271371542481,,
arima,KEN,1999,2001,2,3.77990649795343,5.25556146631116,,
arima,KEN,1999,2002,3,0.546859530175595,4.394638461418402,,
arima,KEN,1999,2003,4,2.93247554570904,5.0274350876888185,,
arima,KEN,1999,2004,5,5.10429977629738,4.562316177003998,,
arima,KGZ,1999,2000,1,5.44333663288322,2.3176359328741185,,
arima,KGZ,1999,2001,2,5.32162141190466,0.8436605967186045,,
arima,KGZ,1999,2002,3,-0.0173246130360667,0.11349013937129315,,
arima,KGZ,1999,2003,4,7.03029319731168,-0.24821801388272513,,
arima,KGZ,1999,2004,5,7.02681242497607,-0.4273991719451099,,
arima,KHM,1999,2000,1,9.99358032292079,2.9794059549979464,,
arima,KHM,1999,2001,2,7.38971065070517,2.4338810122246595,,
arima,KHM,1999,2002,3,6.26507280509637,2.1508934515819007,,
arima,KHM,1999,2003,4,10.2836813071691,2.004095471875554,,
arima,KHM,1999,2004,5,9.45769481103929,1.927944962655578,,
arima,KOR,1999,2000,1,9.2018583880479,9.909620525940909,,
arima,KOR,1999,2001,2,4.72593560322356,9.125373935423715,,
arima,KOR,1999,2002,3,7.74399895319569,9.145680550261146,,
arima,KOR,1999,2003,4,3.07472661826947,9.145154748031157,,
arima,KOR,1999,2004,5,5.1836368597334,9.145168362707324,,
arima,KWT,1999,2000,1,4.69458187079211,-7.477927050432056,,
arima,KWT,1999,2001,2,0.213332576499354,8.045350213791881,,
arima,KWT,1999,2002,3,3.01428315192251,-2.1000343999729796,,
arima,KWT,1999,2003,4,17.3260204175143,4.530577629255793,,
arima,KWT,1999,2004,5,10.2402980586354,0.19707845146185354,,
arima,LBY,1999,2000,1,3.6792704082,2.4552304015353634,,
arima,LBY,1999,2001,2,-1.76283887062603,3.3211658822066497,,
arima,LBY,1999,2002,3,-0.958897332849631,4.0577931140802885,,
arima,LBY,1999,2003,4,13.0160372478013,4.6844214147444125,,
arima,LBY,1999,2004,5,4.46163899648637,5.217476683682075,,
arima,LKA,1999,2000,1,6.00003315828934,4.519670566705667,,
arima,LKA,1999,2001,2,-1.54540813366026,4.561392886233456,,
arima,LKA,1999,2002,3,3.96467568513113,4.570879520643323,,
arima,LKA,1999,2003,4,5.9402690780223,4.573036549146173,,
arima,LKA,1999,2004,5,5.44506127885352,4.573527004639775,,
arima,LUX,1999,2000,1,6.93809504692074,4.7775618708194765,,
arima,LUX,1999,2001,2,3.07427520210337,4.118188396634378,,
arima,LUX,1999,2002,3,3.22528846998354,3.957670386185055,,
arima,LUX,1999,2003,4,2.6192502126754,3.9185938496130426,,
arima,LUX,1999,2004,5,4.23067892192488,3.9090810497335178,,
arima,MAC,1999,2000,1,5.74714593475937,-0.13013302873604893,,
arima,MAC,1999,2001,2,2.88824010651439,0.7616306294574535,,
arima,MAC,1999,2002,3,8.90480904902596,1.4771105016365924,,
arima,MAC,1999,2003,4,11.6433551416587,2.0511543559583596,,
arima,MAC,1999,2004,5,26.6368742306114,2.511721255878201,,
arima,MAR,1999,2000,1,2.58218091499747,6.55859983737886,,
arima,MAR,1999,2001,2,7.72182519577728,3.9221728333416586,,
arima,MAR,1999,2002,3,3.73019737485745,5.559767916378173,,
arima,MAR,1999,2003,4,6.17110214953244,4.542589116480124,,
arima,MAR,1999,2004,5,4.57138016516208,5.174401413475745,,
arima,MDG,1999,2000,1,4.45685893956946,1.2305201772248529,,
arima,MDG,1999,2001,2,5.98023576982733,1.7376139260098677,,
arima,MDG,1999,2002,3,-12.4079711055149,1.35441952912031,,
arima,MDG,1999,2003,4,9.78489212474175,1.6439871803867125,,
arima,MDG,1999,2004,5,5.25700362208742,1.425170242194092,,
arima,MEX,1999,2000,1,5.02928399378261,4.155760999371469,,
arima,MEX,1999,2001,2,-0.450845253215945,4.4433053298424365,,
arima,MEX,1999,2002,3,-0.236588001922641,4.581528331626982,,
arima,MEX,1999,2003,4,1.18554486709559,4.647972341116016,,
arima,MEX,1999,2004,5,3.56544102622887,4.679912078641469,,
arima,MLI,1999,2000,1,-0.736019992224286,2.8315366633127335,,
arima,MLI,1999,2001,2,15.806031742271,3.1922216491239683,,
arima,MLI,1999,2002,3,3.03627540738884,3.1502733665560427,,
arima,MLI,1999,2003,4,9.79712256086644,3.1551520237766666,,
arima,MLI,1999,2004,5,1.47732490290102,3.1545846275730725,,
arima,MLT,1999,2000,1,19.6812693530689,5.41236180407401,,
arima,MLT,1999,2001,2,-0.757203651807174,5.665587383884186,,
arima,MLT,1999,2002,3,2.74113503379645,5.8087880714216285,,
arima,MLT,1999,2003,4,3.69331066307235,5.889768977562976,,
arima,MLT,1999,2004,5,0.407354423655889,5.935564198746945,,
arima,MNG,1999,2000,1,1.14606213709108,3.0955137224396987,,
arima,MNG,1999,2001,2,2.95271054338117,3.08916399058183,,
arima,MNG,1999,2002,3,4.73297846590111,3.0852890940479907,,
arima,MNG,1999,2003,4,7.00463457384886,3.0829244551177104,,
arima,MNG,1999,2004,5,10.6254059599309,3.0814814443890968,,
arima,MRT,1999,2000,1,-3.91802587923293,3.445912906293135,,
arima,MRT,1999,2001,2,-0.799493815789347,3.413749288386553,,
arima,MRT,1999,2002,3,1.38148396199058,3.4071555369747344,,
arima,MRT,1999,2003,4,6.92826955106302,3.405803774937045,,
arima,MRT,1999,2004,5,4.7327579245203,3.4055266549043934,,
arima,MUS,1999,2000,1,8.20279174865273,5.639473390637921,,
arima,MUS,1999,2001,2,3.3475407273143,4.49285573007166,,
arima,MUS,1999,2002,3,1.61491865862438,5.527611808829972,,
arima,MUS,1999,2003,4,5.9254454894774,4.593804333722272,,
arima,MUS,1999,2004,5,4.33001985464323,5.436511536383404,,
arima,MYS,1999,2000,1,8.85886816969386,8.854069785899535,,
arima,MYS,1999,2001,2,0.517675319192861,6.030623439533441,,
arima,MYS,1999,2002,3,5.39098830692797,7.512275624545424,,
arima,MYS,1999,2003,4,5.7884992858875,6.7347530765514705,,
arima,MYS,1999,2004,5,6.78343772370305,7.142771448713572,,
arima,NER,1999,2000,1,-1.20847774100575,-0.1113721362408,,
arima,NER,1999,2001,2,7.26813490213235,2.9819998088781428,,
arima,NER,1999,2002,3,4.91847057594622,0.563551472518528,,
arima,NER,1999,2003,4,2.1706103837418,2.454333589706086,,
arima,NER,1999,2004,5,0.363801578722132,0.9760894771782815,,
arima,NIC,1999,2000,1,4.10159025073438,4.114390175355632,,
arima,NIC,1999,2001,2,2.96084349057273,2.3118028885772817,,
arima,NIC,1999,2002,3,0.753938876079573,2.5816252869188743,,
arima,NIC,1999,2003,4,2.52073289551447,2.541236603840493,,
arima,NIC,1999,2004,5,5.31217056950739,2.5472822313748718,,
arima,NLD,1999,2000,1,4.21970034558892,4.240628349093621,,
arima,NLD,1999,2001,2,2.32358454925847,4.068771844986755,,
arima,NLD,1999,2002,3,0.24582951723049,3.937366878576797,,
arima,NLD,1999,2003,4,0.0978549395212411,3.8368919778045516,,
arima,NLD,1999,2004,5,2.01628331561487,3.7600668321422677,,
arima,NOR,1999,2000,1,3.443416131481,3.2354193461018186,,
arima,NOR,1999,2001,2,2.1634350595868,3.642536111041151,,
arima,NOR,1999,2002,3,1.45747886087304,3.766203197043639,,
arima,NOR,1999,2003,4,1.09635781210122,3.8037687052157865,,
arima,NOR,1999,2004,5,4.33015597691212,3.815179723699745,,
arima,NPL,1999,2000,1,6.19999998192236,3.310148429489293,,
arima,NPL,1999,2001,2,4.79989214255407,3.6033688869673672,,
arima,NPL,1999,2002,3,0.120143177369414,3.528906340545189,,
arima,NPL,1999,2003,4,3.94503776051116,3.5478159039070483,,
arima,NPL,1999,2004,5,4.68260325152944,3.5430138711574717,,
arima,NZL,1999,2000,1,2.86879087314065,4.651632280360644,,
arima,NZL,1999,2001,2,3.41557461751114,1.5579242828238178,,
arima,NZL,1999,2002,3,4.71514593471419,3.418607277597953,,
arima,NZL,1999,2003,4,4.72587484712128,2.2995161384865175,,
arima,NZL,1999,2004,5,4.09053577279863,2.9725834912570264,,
arima,OMN,1999,2000,1,6.19241063695442,6.309674013489537,,
arima,OMN,1999,2001,2,4.61316649389876,9.208224693728676,,
arima,OMN,1999,2002,3,-0.784165786429256,9.886054433465011,,
arima,OMN,1999,2003,4,-2.19466567976842,10.044565774737512,,
arima,OMN,1999,2004,5,1.99251510973346,10.081633852219301,,
arima,PAK,1999,2000,1,4.2600880111325,4.762054510257675,,
arima,PAK,1999,2001,2,3.65135017083765,4.949892091270579,,
arima,PAK,1999,2002,3,2.59481668445784,5.092148922548893,,
arima,PAK,1999,2003,4,5.40131087314342,5.199885648800476,,
arima,PAK,1999,2004,5,7.83125556961251,5.281478933840685,,
arima,PAN,1999,2000,1,4.20900547865375,5.079661622735033,,
arima,PAN,1999,2001,2,0.949908149985234,5.213576495358643,,
arima,PAN,1999,2002,3,2.50884372716125,5.258542474206098,,
arima,PAN,1999,2003,4,5.09686030493801,5.273641164994482,,
arima,PAN,1999,2004,5,8.17565333965649,5.278711008226331,,
arima,PER,1999,2000,1,2.69437139806912,5.555766095679521,,
arima,PER,1999,2001,2,0.617892325624297,2.175539414306385,,
arima,PER,1999,2002,3,5.45352893818767,3.419980050145228,,
arima,PER,1999,2003,4,4.16502313666112,2.9618354811254104,,
arima,PER,1999,2004,5,4.95820320611745,3.1305027843920454,,
arima,PHL,1999,2000,1,4.38250500083399,4.741782497889023,,
arima,PHL,1999,2001,2,3.04923134463486,4.161525747402442,,
arima,PHL,1999,2002,3,3.71625500158383,4.017345470115112,,
arima,PHL,1999,2003,4,5.08691113513073,3.9815200319082846,,
arima,PHL,1999,2004,5,6.56922851180626,3.972618245569273,,
arima,PRT,1999,2000,1,3.81617714108242,4.232918789730365,,
arima,PRT,1999,2001,2,1.94367213427915,4.383377846286951,,
arima,PRT,1999,2002,3,0.770924781247714,4.34866583252198,,
arima,PRT,1999,2003,4,-0.930521045062918,4.356674150048326,,
arima,PRT,1999,2004,5,1.78873552917291,4.354826572145269,,
arima,PRY,1999,2000,1,-2.31414056819045,1.3034224262760667,,
arima,PRY,1999,2001,2,-0.834054716746095,2.961703118982473,,
arima,PRY,1999,2002,3,-0.0214043949985694,3.9122289552816056,,
arima,PRY,1999,2003,4,4.32074548551591,4.457069988193593,,
arima,PRY,1999,2004,5,4.05741836363771,4.769372652475074,,
arima,QAT,1999,2000,1,8.02812548837973,5.971886091978991,,
arima,QAT,1999,2001,2,3.89814748805541,5.544678764226552,,
arima,QAT,1999,2002,3,7.18252331136711,5.286083074238726,,
arima,QAT,1999,2003,4,3.7199194981967,5.129550808670867,,
arima,QAT,1999,2004,5,19.2185032411244,5.034799228839973,,
arima,RUS,1999,2000,1,10.0000668136515,6.39991469144101,,
arima,RUS,1999,2001,2,5.10005122572568,6.39991469144101,,
arima,RUS,1999,2002,3,4.69999190914258,6.39991469144101,,
arima,RUS,1999,2003,4,7.29995234528189,6.39991469144101,,
arima,RUS,1999,2004,5,7.19994786954857,6.39991469144101,,
arima,RWA,1999,2000,1,8.37089593573039,3.858021835971755,,
arima,RWA,1999,2001,2,8.48456034086699,3.758138901920696,,
arima,RWA,1999,2002,3,13.1920736288433,3.6803113989330685,,
arima,RWA,1999,2003,4,2.2023875095978,3.619669205360813,,
arima,RWA,1999,2004,5,7.44766737037035,3.57241758478859,,
arima,SAU,1999,2000,1,4.71813422138024,3.068451155802562,,
arima,SAU,1999,2001,2,0.344593196175438,3.6299865564946745,,
arima,SAU,1999,2002,3,-0.688390130317757,4.09170802828303,,
arima,SAU,1999,2003,4,8.76873381743964,4.471357676813905,,
arima,SAU,1999,2004,5,8.63100545880309,4.783523916498087,,
arima,SDN,1999,2000,1,6.34586743997545,3.539013795347802,,
arima,SDN,1999,2001,2,6.50036053396883,3.5465353869937437,,
arima,SDN,1999,2002,3,6.0064715363132,3.5469843132424335,,
arima,SDN,1999,2003,4,6.28880816146516,3.5470111074086486,,
arima,SDN,1999,2004,5,5.14088851762675,3.547012706618642,,
arima,SEN,1999,2000,1,3.88721095816793,-0.4475213205946451,,
arima,SEN,1999,2001,2,4.31085146618369,1.2587049313342145,,
arima,SEN,1999,2002,3,0.0686965747419066,1.9912272272039209,,
arima,SEN,1999,2003,4,5.59395094456143,2.30571594951705,,
arima,SEN,1999,2004,5,4.64329393683312,2.4407332138649136,,
arima,SGP,1999,2000,1,9.03831632555163,8.257701175352572,,
arima,SGP,1999,2001,2,-1.07086275100448,8.28104354971134,,
arima,SGP,1999,2002,3,3.92336076702013,8.284512645505714,,
arima,SGP,1999,2003,4,4.54825542643229,8.285028215406427,,
arima,SGP,1999,2004,5,9.93998268434957,8.285104838347468,,
arima,SLB,1999,2000,1,-14.2769995149354,1.4643908034225808,,
arima,SLB,1999,2001,2,-7.95660550454917,1.874735065025971,,
arima,SLB,1999,2002,3,-2.7999838935951,2.130139250198564,,
arima,SLB,1999,2003,4,6.52346760921694,2.289106497720899,,
arima,SLB,1999,2004,5,7.68364102152745,2.3880500047262774,,
arima,SLV,1999,2000,1,1.12790697674419,2.255721911784274,,
arima,SLV,1999,2001,2,0.879613659882722,2.3376800422566952,,
arima,SLV,1999,2002,3,1.57291844759789,2.384146200287169,,
arima,SLV,1999,2003,4,1.56539303147618,2.4104901862915784,,
arima,SLV,1999,2004,5,0.889404485692197,2.425425907857914,,
arima,SWE,1999,2000,1,4.63112136551369,3.30192265367406,,
arima,SWE,1999,2001,2,1.36080642694121,2.7982868065458444,,
arima,SWE,1999,2002,3,2.27772867861897,2.7576672703777736,,
arima,SWE,1999,2003,4,1.88102769675844,2.754391199526349,,
arima,SWE,1999,2004,5,4.17958419343711,2.7541269759227327,,
arima,SYC,1999,2000,1,4.25319834931828,6.530484917988281,,
arima,SYC,1999,2001,2,-2.27116288552982,6.220232430293999,,
arima,SYC,1999,2002,3,1.21283290259314,5.99139410850737,,
arima,SYC,1999,2003,4,-5.88712848764477,5.8226058486378065,,
arima,SYC,1999,2004,5,-2.8504539768538,5.698109757041928,,
arima,TCD,1999,2000,1,-0.879681024156014,0.6754290121719453,,
arima,TCD,1999,2001,2,11.6581346550771,0.8337896753791723,,
arima,TCD,1999,2002,3,8.4912098197177,0.9717356553701813,,
arima,TCD,1999,2003,4,14.7216670123589,1.0918986618282864,,
arima,TCD,1999,2004,5,33.6293718498522,1.196571143925929,,
arima,TGO,1999,2000,1,-0.783479610048047,4.281018492464674,,
arima,TGO,1999,2001,2,0.823438752111855,4.300905152716192,,
arima,TGO,1999,2002,3,3.82662257675142,4.317478186839848,,
arima,TGO,1999,2003,4,6.72017142336034,4.331289729682639,,
arima,TGO,1999,2004,5,-0.978665332738743,4.342799916307185,,
arima,THA,1999,2000,1,4.45524704335014,9.746399398398404,,
arima,THA,1999,2001,2,3.44424900968372,7.135696988918161,,
arima,THA,1999,2002,3,6.14903605210036,6.978935927530338,,
arima,THA,1999,2003,4,7.18924330340971,6.969523123421298,,
arima,THA,1999,2004,5,6.28934214285795,6.968957926423964,,
arima,TON,1999,2000,1,3.75409745006452,2.141253411328272,,
arima,TON,1999,2001,2,1.49248125545273,2.530971206767063,,
arima,TON,1999,2002,3,4.4292235994526,2.1861957611987797,,
arima,TON,1999,2003,4,0.0518054450729011,2.491211619489188,,
arima,TON,1999,2004,5,-1.96794740326561,2.221370263312306,,
arima,TUN,1999,2000,1,4.7099729138049,4.792998940199027,,
arima,TUN,1999,2001,2,3.79627166202512,4.547792284388472,,
arima,TUN,1999,2002,3,1.32255714828946,4.346224173491986,,
arima,TUN,1999,2003,4,4.70239953285241,4.180528412925976,,
arima,TUN,1999,2004,5,6.23579072222647,4.044320929770826,,
arima,TUR,1999,2000,1,6.98528697817062,4.538647645451377,,
arima,TUR,1999,2001,2,-5.45940838563062,4.566592387004679,,
arima,TUR,1999,2002,3,6.43550883793114,4.545792365340648,,
arima,TUR,1999,2003,4,5.79909321038525,4.561274380101777,,
arima,TUR,1999,2004,5,9.92540551918624,4.54975070070685,,
arima,TZA,1999,2000,1,4.52078463603256,0.36362055268051785,,
arima,TZA,1999,2001,2,6.07080828734129,0.7696291767052135,,
arima,TZA,1999,2002,3,7.09319498355502,1.0881079897003356,,
arima,TZA,1999,2003,4,6.67278983053497,1.33792720122677,,
arima,TZA,1999,2004,5,7.50381465859829,1.5338888661826275,,
arima,UGA,1999,2000,1,3.141907338187,7.225258317584616,,
arima,UGA,1999,2001,2,5.18366112490236,6.198426557614218,,
arima,UGA,1999,2002,3,8.73268576440127,5.793283964674361,,
arima,UGA,1999,2003,4,6.47325867166543,5.633432539141162,,
arima,UGA,1999,2004,5,6.80723334361883,5.5703622061515405,,
arima,UKR,1999,2000,1,5.90000000024899,-1.6688421056211284,,
arima,UKR,1999,2001,2,8.80000000367222,-3.022317225516121,,
arima,UKR,1999,2002,3,5.33964720719075,-3.8480188569645932,,
arima,UKR,1999,2003,4,9.51660986436364,-4.3517467601635555,,
arima,UKR,1999,2004,5,11.7953525281136,-4.659051228020911,,
arima,URY,1999,2000,1,-1.92993063549235,0.0797617965301245,,
arima,URY,1999,2001,2,-3.84412995940374,1.8040371947695193,,
arima,URY,1999,2002,3,-7.73200721540044,2.052898261250042,,
arima,URY,1999,2003,4,0.805283915893824,2.0888158591425015,,
arima,URY,1999,2004,5,5.00416035564457,2.093999771019956,,
arima,USA,1999,2000,1,4.07758575997799,3.1294764428175275,,
arima,USA,1999,2001,2,0.955538337599847,3.7633502284291853,,
arima,USA,1999,2002,3,1.70044733078285,3.33629118367621,,
arima,USA,1999,2003,4,2.79560596378604,3.6240131747810107,,
arima,USA,1999,2004,5,3.84777169267127,3.4301665739832314,,
arima,VNM,1999,2000,1,6.78731640463151,5.560235511319644,,
arima,VNM,1999,2001,2,6.19289331233377,6.114461698515318,,
arima,VNM,1999,2002,3,6.32082099160833,6.28717521502809,,
arima,VNM,1999,2003,4,6.89906349055258,6.340997931232,,
arima,VNM,1999,2004,5,7.53641060890386,6.35777070523404,,
arima,VUT,1999,2000,1,5.92480905652918,1.9855020014134452,,
arima,VUT,1999,2001,2,-3.39758248938266,2.191606254345469,,
arima,VUT,1999,2002,3,-5.19831875936025,2.3141207230169636,,
arima,VUT,1999,2003,4,4.28833511695457,2.3869469496490225,,
arima,VUT,1999,2004,5,3.98739280216959,2.4302370144305545,,
arima,ZAF,1999,2000,1,4.20000000067826,2.863090352974055,,
arima,ZAF,1999,2001,2,2.70000000019104,2.9973275857245185,,
arima,ZAF,1999,2002,3,3.70037440406668,3.0540697883763035,,
arima,ZAF,1999,2003,4,2.94907546754213,3.0780547700077516,,
arima,ZAF,1999,2004,5,4.55455990721774,3.08819324396498,,
arima,ABW,2004,2005,1,-0.383137672063768,8.520018585066135,,
arima,ABW,2004,2006,2,1.12741146411624,7.084031822825993,,
arima,ABW,2004,2007,3,3.0895443848509,6.802400283587751,,
arima,ABW,2004,2008,4,1.83575517191368,6.747165565567115,,
arima,ABW,2004,2009,5,-11.6777413693852,6.736332708980557,,
arima,ALB,2004,2005,1,5.13082193056189,4.568200784945062,,
arima,ALB,2004,2006,2,6.0189812403864,2.1945098683205195,,
arima,ALB,2004,2007,3,6.50009261158209,2.6048374226498523,,
arima,ALB,2004,2008,4,6.90706230713707,2.5339062408929127,,
arima,ALB,2004,2009,5,2.69075152362146,2.5461677439100803,,
arima,AUS,2004,2005,1,3.15548121323168,3.8178082188266163,,
arima,AUS,2004,2006,2,2.7709261737475,3.696928274538886,,
arima,AUS,2004,2007,3,3.78947119882653,3.67782031354624,,
arima,AUS,2004,2008,4,3.62398503565633,3.6747998441420897,,
arima,AUS,2004,2009,5,1.95484826298522,3.6743223868443216,,
arima,AUT,2004,2005,1,2.32036514266782,2.463110134266678,,
arima,AUT,2004,2006,2,3.26933601506059,2.5446881184066426,,
arima,AUT,2004,2007,3,3.77522468729185,2.6172845761405155,,
arima,AUT,2004,2008,4,1.45330562142114,2.681888350443933,,
arima,AUT,2004,2009,5,-3.58626472551299,2.739379415222145,,
arima,BEL,2004,2005,1,2.32173792911834,2.632918675811302,,
arima,BEL,2004,2006,2,2.55234087322462,2.6843409199422386,,
arima,BEL,2004,2007,3,3.67692462515802,2.7308938203440456,,
arima,BEL,2004,2008,4,0.446905130727231,2.7730384714079372,,
arima,BEL,2004,2009,5,-1.90644105515335,2.811192304960019,,
arima,BEN,2004,2005,1,1.71316456361184,3.1195567490400866,,
arima,BEN,2004,2006,2,3.94373882815798,3.245601895895027,,
arima,BEN,2004,2007,3,5.98634932177609,3.3320230497658057,,
arima,BEN,2004,2008,4,4.89657708429647,3.3912765476014033,,
arima,BEN,2004,2009,5,2.31929213912838,3.4319029087236235,,
arima,BFA,2004,2005,1,8.66187322841225,3.839380252286639,,
arima,BFA,2004,2006,2,6.25316468817478,3.9886171884959722,,
arima,BFA,2004,2007,3,4.11137901761516,3.9928127567666443,,
arima,BFA,2004,2008,4,5.79999174105387,3.992930708753337,,
arima,BFA,2004,2009,5,2.96195085866692,3.9929340247930885,,
arima,BGD,2004,2005,1,6.53594493875502,3.499683639843391,,
arima,BGD,2004,2006,2,6.67190498576788,3.546343459044301,,
arima,BGD,2004,2007,3,7.05859935449848,3.5583346959094353,,
arima,BGD,2004,2008,4,6.01378975738535,3.561416357262143,,
arima,BGD,2004,2009,5,5.04512479919337,3.5622083219943534,,
arima,BGR,2004,2005,1,7.05634916258309,2.770302148230731,,
arima,BGR,2004,2006,2,6.80259262432862,1.9773805668305928,,
arima,BGR,2004,2007,3,6.65438512368812,1.6008305412586226,,
arima,BGR,2004,2008,4,6.12955885899744,1.422010939063057,,
arima,BGR,2004,2009,5,-3.34714308501542,1.3370914118878594,,
arima,BHR,2004,2005,1,6.76899737789502,5.2945695147785585,,
arima,BHR,2004,2006,2,6.4669995195042,4.79629386465179,,
arima,BHR,2004,2007,3,8.29396129093843,5.24963122744012,,
arima,BHR,2004,2008,4,6.24501094995797,4.837179275498274,,
arima,BHR,2004,2009,5,2.53988570158225,5.212433173862855,,
arima,BHS,2004,2005,1,3.39608420536011,3.105952169779573,,
arima,BHS,2004,2006,2,2.51659221712706,3.8298019736077498,,
arima,BHS,2004,2007,3,1.44609991235758,4.00630781348281,,
arima,BHS,2004,2008,4,-2.32364807041851,4.0493475592218235,,
arima,BHS,2004,2009,5,-4.17542805647342,4.059842507800241,,
arima,BLZ,2004,2005,1,2.2191905367057,5.306669755223886,,
arima,BLZ,2004,2006,2,4.51145460193301,5.640990143886961,,
arima,BLZ,2004,2007,3,3.33939738340764,5.782072541339679,,
arima,BLZ,2004,2008,4,-1.62747776449082,5.841608972697044,,
arima,BLZ,2004,2009,5,-0.446709636828217,5.86673320309551,,
arima,BOL,2004,2005,1,4.42143313550196,3.6252675273807418,,
arima,BOL,2004,2006,2,4.79700881067477,3.5723292094033043,,
arima,BOL,2004,2007,3,4.56438425143126,3.528482006645274,,
arima,BOL,2004,2008,4,6.14849787777658,3.492164698820661,,
arima,BOL,2004,2009,5,3.35699958346049,3.462084174530292,,
arima,BRA,2004,2005,1,3.20213206130431,4.660104963249382,,
arima,BRA,2004,2006,2,3.96198871122617,4.685731905205428,,
arima,BRA,2004,2007,3,6.06987060678338,4.704014336913541,,
arima,BRA,2004,2008,4,5.09419544658736,4.717057145912568,,
arima,BRA,2004,2009,5,-0.125812002161169,4.726361973043939,,
arima,BRN,2004,2005,1,-0.0039253166074644,-0.4240081414725372,,
arima,BRN,2004,2006,2,4.09841257308588,1.945570174473095,,
arima,BRN,2004,2007,3,-3.76362326254647,0.9152644524955829,,
arima,BRN,2004,2008,4,-3.90071101715114,1.3632470634083502,,
arima,BRN,2004,2009,5,-1.90025367202547,1.1684617531850607,,
arima,BTN,2004,2005,1,6.93507146766659,6.414538048273911,,
arima,BTN,2004,2006,2,5.6408051539139,6.407488380403922,,
arima,BTN,2004,2007,3,16.1047836542012,6.4037863942575495,,
arima,BTN,2004,2008,4,4.52944877696235,6.401842373392924,,
arima,BTN,2004,2009,5,7.66749238553135,6.4008215113549065,,
arima,BWA,2004,2005,1,4.55664565323181,4.39120092583313,,
arima,BWA,2004,2006,2,8.36387109282306,5.858675185290234,,
arima,BWA,2004,2007,3,5.79255577727118,6.847848360737538,,
arima,BWA,2004,2008,4,3.25207295796832,7.514615470769498,,
arima,BWA,2004,2009,5,-14.1442346163423,7.964059905834504,,
arima,CAF,2004,2005,1,0.908210514871953,1.2871892336323971,,
arima,CAF,2004,2006,2,4.77108543044105,1.3214509284473224,,
arima,CAF,2004,2007,3,4.60753485452025,1.347377038822714,,
arima,CAF,2004,2008,4,2.05413096200485,1.3669955428934517,,
arima,CAF,2004,2009,5,8.58726042640994,1.3818410286373866,,
arima,CAN,2004,2005,1,3.21045441502793,3.452549423695633,,
arima,CAN,2004,2006,2,2.63794375302722,3.528128649082035,,
arima,CAN,2004,2007,3,2.04990459443619,3.5486708836286405,,
arima,CAN,2004,2008,4,0.995406371264522,3.554254208914264,,
arima,CAN,2004,2009,5,-2.91508627059555,3.5557717420324044,,
arima,CHE,2004,2005,1,2.95208487460334,3.341571654144433,,
arima,CHE,2004,2006,2,4.13432251467916,2.5118127487122464,,
arima,CHE,2004,2007,3,3.98319384807056,2.4872402005357745,,
arima,CHE,2004,2008,4,2.53159615417233,2.48651250708177,,
arima,CHE,2004,2009,5,-1.93490944903913,2.4864909571082303,,
arima,CHL,2004,2005,1,5.83704571917758,4.455472266668466,,
arima,CHL,2004,2006,2,6.04999082563968,4.134537490364809,,
arima,CHL,2004,2007,3,5.16823098528431,4.3253336797726885,,
arima,CHL,2004,2008,4,3.78939280635238,4.211905068788742,,
arima,CHL,2004,2009,5,-1.11803723642878,4.27933854232758,,
arima,CHN,2004,2005,1,11.4535130030645,8.85288258215079,,
arima,CHN,2004,2006,2,12.6752842281595,7.716686644293678,,
arima,CHN,2004,2007,3,14.1507710506103,7.31745264697018,,
arima,CHN,2004,2008,4,9.66877608164454,7.177170694440489,,
arima,CHN,2004,2009,5,9.40610014336416,7.12787873449351,,
arima,CIV,2004,2005,1,0.996065564854788,1.4891369772315928,,
arima,CIV,2004,2006,2,2.81557859252327,1.9090523004054694,,
arima,CIV,2004,2007,3,1.10142976793477,2.2586603288490315,,
arima,CIV,2004,2008,4,4.7826659787672,2.549732758948429,,
arima,CIV,2004,2009,5,3.60332156667053,2.7920703275138665,,
arima,CMR,2004,2005,1,2.22827020924117,4.714491360090727,,
arima,CMR,2004,2006,2,3.80958327566137,4.472548776242574,,
arima,CMR,2004,2007,3,4.32758900972871,4.284836230288343,,
arima,CMR,2004,2008,4,2.8476778892105,4.139198371304687,,
arima,CMR,2004,2009,5,2.57925177738754,4.0262044003289,,
arima,COG,2004,2005,1,7.75575897806648,3.891048633075181,,
arima,COG,2004,2006,2,7.98623836334291,4.1047157474298155,,
arima,COG,2004,2007,3,-6.61399480441001,4.214196290593509,,
arima,COG,2004,2008,4,6.30637595585259,4.2702928469944315,,
arima,COG,2004,2009,5,11.6372888615758,4.299036069754451,,
arima,COL,2004,2005,1,4.82876110773741,4.645555091818138,,
arima,COL,2004,2006,2,6.71686869844402,4.457082459235152,,
arima,COL,2004,2007,3,6.73819469090975,4.344002169696501,,
arima,COL,2004,2008,4,3.28344618616541,4.2761559699225655,,
arima,COL,2004,2009,5,1.13964864548062,4.235449434393299,,
arima,COM,2004,2005,1,5.66520240193151,2.0889727113037835,,
arima,COM,2004,2006,2,-1.75444679449394,2.678791475841734,,
arima,COM,2004,2007,3,0.803599788247752,2.3767525847475657,,
arima,COM,2004,2008,4,3.96461118871815,2.531422963545806,,
arima,COM,2004,2009,5,3.24074074074075,2.4522181764042306,,
arima,CRI,2004,2005,1,3.97666631433462,4.803916651025022,,
arima,CRI,2004,2006,2,7.3266951372695,4.636356303729126,,
arima,CRI,2004,2007,3,8.21513209207497,4.695900682250707,,
arima,CRI,2004,2008,4,4.73817511214847,4.674740944456298,,
arima,CRI,2004,2009,5,-0.87345608994562,4.682260285738294,,
arima,CYP,2004,2005,1,4.85298762175586,5.125802066019986,,
arima,CYP,2004,2006,2,4.71378358593959,5.497528516893659,,
arima,CYP,2004,2007,3,5.09822614854798,5.810093975328863,,
arima,CYP,2004,2008,4,3.64698922103939,6.072914029100099,,
arima,CYP,2004,2009,5,-2.01508203683694,6.293905756753316,,
arima,DEU,2004,2005,1,0.885485292551564,2.4180026215353676,,
arima,DEU,2004,2006,2,3.86668241523209,2.685906947831173,,
arima,DEU,2004,2007,3,2.8891174138025,2.7013402883347872,,
arima,DEU,2004,2008,4,0.887902330743628,2.7022293669188993,,
arima,DEU,2004,2009,5,-5.54455451920674,2.7022805846529043,,
arima,DNK,2004,2005,1,2.35960882992528,2.404990023448481,,
arima,DNK,2004,2006,2,3.81648769908172,2.465888654151102,,
arima,DNK,2004,2007,3,0.987173815945127,2.5203044853947394,,
arima,DNK,2004,2008,4,-0.417178439991005,2.5689276261086187,,
arima,DNK,2004,2009,5,-4.97447905669058,2.612374721537453,,
arima,DOM,2004,2005,1,9.43178931977285,5.057818921298538,,
arima,DOM,2004,2006,2,9.17120650955299,5.130198895932935,,
arima,DOM,2004,2007,3,7.41840577774235,5.130693292005244,,
arima,DOM,2004,2008,4,3.26808671288212,5.130696669009416,,
arima,DOM,2004,2009,5,1.00345293018719,5.130696692076261,,
arima,DZA,2004,2005,1,5.39999999969525,3.7687278737249685,,
arima,DZA,2004,2006,2,2.89999999905852,4.073207825244192,,
arima,DZA,2004,2007,3,3.10000000128674,4.119835432850694,,
arima,DZA,2004,2008,4,2.49999999929371,4.126975915435041,,
arima,DZA,2004,2009,5,1.19999999969519,4.128069398334007,,
arima,ECU,2004,2005,1,5.39862243994342,4.830700930284116,,
arima,ECU,2004,2006,2,4.34113198577639,4.604781898299052,,
arima,ECU,2004,2007,3,1.90242859700484,4.447003955849876,,
arima,ECU,2004,2008,4,6.56492068224719,4.33681457116297,,
arima,ECU,2004,2009,5,1.0910129698311,4.259860211705595,,
arima,EGY,2004,2005,1,4.4717444710621,4.853860571058812,,
arima,EGY,2004,2006,2,6.84383819369884,5.172343305713719,,
arima,EGY,2004,2007,3,7.08782742675582,5.30711722946039,,
arima,EGY,2004,2008,4,7.15628356711522,5.364150181471918,,
arima,EGY,2004,2009,5,4.67359980000663,5.388285099597945,,
arima,ESP,2004,2005,1,3.5512255846125,3.3840544253430718,,
arima,ESP,2004,2006,2,4.04343515605099,3.5939193982571442,,
arima,ESP,2004,2007,3,3.53350013165972,3.771218780501045,,
arima,ESP,2004,2008,4,0.767165748290694,3.921005905563308,,
arima,ESP,2004,2009,5,-3.76813306940053,4.047549960880736,,
arima,FIN,2004,2005,1,2.77730918518017,4.5611968372446405,,
arima,FIN,2004,2006,2,4.01957326515895,3.6647583986064105,,
arima,FIN,2004,2007,3,5.31280176694145,3.5789082680557374,,
arima,FIN,2004,2008,4,0.784431235717051,3.5706865713971654,,
arima,FIN,2004,2009,5,-8.07603116552393,3.569899195821706,,
arima,FJI,2004,2005,1,0.699999592969263,3.1916682380015846,,
arima,FJI,2004,2006,2,1.85248357237371,3.5640527170970993,,
arima,FJI,2004,2007,3,-0.8506533546566,3.464586330282754,,
arima,FJI,2004,2008,4,1.03279368777636,3.491154467950391,,
arima,FJI,2004,2009,5,-1.38603752085589,3.4840579405532113,,
arima,FRA,2004,2005,1,1.88856584109286,2.605285815350549,,
arima,FRA,2004,2006,2,2.71406448755236,2.7562993987068776,,
arima,FRA,2004,2007,3,2.53048188351066,2.8799881305414528,,
arima,FRA,2004,2008,4,0.380171435849121,2.9812962515913757,,
arima,FRA,2004,2009,5,-2.82455153714783,3.0642733768188566,,
arima,GAB,2004,2005,1,2.67620333310926,3.4606876762568004,,
arima,GAB,2004,2006,2,-2.80657835569052,4.301398022026036,,
arima,GAB,2004,2007,3,6.00810802487668,4.58693001337056,,
arima,GAB,2004,2008,4,-3.30843064878751,4.683905765472876,,
arima,GAB,2004,2009,5,0.130331119816617,4.716841817407115,,
arima,GBR,2004,2005,1,2.7906547174688,2.339823844734558,,
arima,GBR,2004,2006,2,2.18982132415704,2.846175517097985,,
arima,GBR,2004,2007,3,2.93091133582351,2.5973403267357034,,
arima,GBR,2004,2008,4,-0.0494116727402769,2.719624808731433,,
arima,GBR,2004,2009,5,-4.58740819226323,2.659530838440523,,
arima,GEO,2004,2005,1,9.59113832853026,2.821473499043983,,
arima,GEO,2004,2006,2,9.42148081189909,2.4946641070323956,,
arima,GEO,2004,2007,3,12.5755698246405,2.2895619140322725,,
arima,GEO,2004,2008,4,2.42161440960641,2.1608418998535854,,
arima,GEO,2004,2009,5,-3.65075229596822,2.080058550793288,,
arima,GHA,2004,2005,1,5.90000381855104,3.4530953903531048,,
arima,GHA,2004,2006,2,6.39991260618034,2.795134748149548,,
arima,GHA,2004,2007,3,4.34681910440079,2.7654262714081854,,
arima,GHA,2004,2008,4,9.14979893831817,2.764084863528018,,
arima,GHA,2004,2009,5,4.84448705175076,2.764024295794551,,
arima,GMB,2004,2005,1,-2.35172936176019,4.236302819485315,,
arima,GMB,2004,2006,2,-0.555580977246521,4.201634955299679,,
arima,GMB,2004,2007,3,3.04324950829739,4.172055027533553,,
arima,GMB,2004,2008,4,6.25590553394287,4.146816318798455,,
arima,GMB,2004,2009,5,6.6657243078367,4.1252817016874355,,
arima,GNB,2004,2005,1,6.55977111846077,8.329952082288038,,
arima,GNB,2004,2006,2,2.66650493269572,3.3038402536329783,,
arima,GNB,2004,2007,3,2.55982647078751,3.3150175846133196,,
arima,GNB,2004,2008,4,4.52457514610252,3.31499272787871,,
arima,GNB,2004,2009,5,2.44795106098685,3.3149927831564194,,
arima,GRC,2004,2005,1,1.18350635493289,4.77921864610045,,
arima,GRC,2004,2006,2,6.44339762487436,4.794587451891117,,
arima,GRC,2004,2007,3,3.50686976639459,4.808907502640783,,
arima,GRC,2004,2008,4,0.0574740238200775,4.822250364556411,,
arima,GRC,2004,2009,5,-4.11927606715011,4.834682720224125,,
arima,GTM,2004,2005,1,3.27602692588886,3.343166933204696,,
arima,GTM,2004,2006,2,5.35139778711536,3.482985856603842,,
arima,GTM,2004,2007,3,6.33771869016203,3.589579296426805,,
arima,GTM,2004,2008,4,3.29352400028485,3.670842698669259,,
arima,GTM,2004,2009,5,0.476898106596394,3.7327952968308975,,
arima,HKG,2004,2005,1,7.38815395153696,8.111065733977599,,
arima,HKG,2004,2006,2,7.03264766297669,6.391767341432296,,
arima,HKG,2004,2007,3,6.46482809096842,7.005490434756904,,
arima,HKG,2004,2008,4,2.12793685154209,6.7864150043877105,,
arima,HKG,2004,2009,5,-2.45909150468412,6.864616468066481,,
arima,HND,2004,2005,1,6.05059922215973,6.291544193363597,,
arima,HND,2004,2006,2,6.56724355177587,6.566520013818989,,
arima,HND,2004,2007,3,6.18832716678008,6.789790896392779,,
arima,HND,2004,2008,4,4.23160011009342,6.971079152657354,,
arima,HND,2004,2009,5,-2.43162787988011,7.118278964296869,,
arima,HTI,2004,2005,1,3.07217337664731,1.0633344943126615,,
arima,HTI,2004,2006,2,1.76875060288195,1.1290760726730429,,
arima,HTI,2004,2007,3,4.70652994008303,1.1748532952346706,,
arima,HTI,2004,2008,4,2.6580323082747,1.2067289233793044,,
arima,HTI,2004,2009,5,5.89037894844316,1.228924583420651,,
arima,HUN,2004,2005,1,4.30028318461673,4.24150532647891,,
arima,HUN,2004,2006,2,3.93393162712054,4.261232827938663,,
arima,HUN,2004,2007,3,0.332354337878925,4.2784678627089745,,
arima,HUN,2004,2008,4,0.993437085479655,4.293525340927383,,
arima,HUN,2004,2009,5,-6.7401660845502,4.306680385481654,,
arima,IDN,2004,2005,1,5.69257130383384,5.14092300589987,,
arima,IDN,2004,2006,2,5.50095178520348,5.170420451547151,,
arima,IDN,2004,2007,3,6.34502222667214,5.17747101089707,,
arima,IDN,2004,2008,4,6.01370360009123,5.179156254688724,,
arima,IDN,2004,2009,5,4.62887118256153,5.179559066224144,,
arima,IND,2004,2005,1,7.92343062131789,4.310705904652396,,
arima,IND,2004,2006,2,8.06073257305057,4.581789171512034,,
arima,IND,2004,2007,3,7.66081506510766,4.665215190637072,,
arima,IND,2004,2008,4,3.08669805950082,4.6908895922616285,,
arima,IND,2004,2009,5,7.8618888330338,4.698790902976109,,
arima,IRL,2004,2005,1,5.73978202625278,5.533152554969473,,
arima,IRL,2004,2006,2,4.98785364537615,5.303967088936635,,
arima,IRL,2004,2007,3,5.31011830898613,5.168263804758544,,
arima,IRL,2004,2008,4,-4.48407081043062,5.0879123686248,,
arima,IRL,2004,2009,5,-5.09578277913846,5.040335382350231,,
arima,IRN,2004,2005,1,3.18980408728824,4.139550734616315,,
arima,IRN,2004,2006,2,4.99979526181222,4.6009404990199885,,
arima,IRN,2004,2007,3,8.15577352358517,4.735829238598297,,
arima,IRN,2004,2008,4,0.250856553493634,4.775264383174036,,
arima,IRN,2004,2009,5,1.00738545790475,4.786793370935142,,
arima,IRQ,2004,2005,1,1.67522863586828,-2.8855910337385637,,
arima,IRQ,2004,2006,2,5.63829915220637,8.455369806706798,,
arima,IRQ,2004,2007,3,1.88853936243953,7.997079188202678,,
arima,IRQ,2004,2008,4,8.22810710383277,8.015598808714888,,
arima,IRQ,2004,2009,5,3.37929909442771,8.014850426945618,,
arima,ISL,2004,2005,1,7.02934061160924,6.125295493118138,,
arima,ISL,2004,2006,2,5.67161248703039,4.232503230291297,,
arima,ISL,2004,2007,3,8.74132941862472,4.069875494311112,,
arima,ISL,2004,2008,4,1.69961072411662,4.055902603027976,,
arima,ISL,2004,2009,5,-8.32146414938261,4.054702059408318,,
arima,ISR,2004,2005,1,4.35256427740218,5.591018028048941,,
arima,ISR,2004,2006,2,5.59106550120008,5.6318417948810495,,
arima,ISR,2004,2007,3,6.31307137087018,5.640614547167948,,
arima,ISR,2004,2008,4,3.2158134842205,5.642499752494633,,
arima,ISR,2004,2009,5,1.22017480850096,5.6429048704106,,
arima,ITA,2004,2005,1,0.762410677306491,1.7204115649948544,,
arima,ITA,2004,2006,2,1.79947992234244,1.7750286268786275,,
arima,ITA,2004,2007,3,1.46229205289291,1.8278793747597495,,
arima,ITA,2004,2008,4,-1.02313851177097,1.879020931175544,,
arima,ITA,2004,2009,5,-5.30515401233991,1.9285085713223376,,
arima,JPN,2004,2005,1,1.8482813374834,1.8268407271102949,,
arima,JPN,2004,2006,2,1.54630843078741,1.9852011144323054,,
arima,JPN,2004,2007,3,1.72837912865577,2.1359753107340493,,
arima,JPN,2004,2008,4,-1.16662209355141,2.279526729462344,,
arima,JPN,2004,2009,5,-5.9359411383964,2.416201374888179,,
arima,KEN,2004,2005,1,5.90666607980057,3.9618048801267425,,
arima,KEN,2004,2006,2,6.47249430015484,4.920531502831315,,
arima,KEN,2004,2007,3,6.85072976998784,4.221334460572344,,
arima,KEN,2004,2008,4,0.232282744812977,4.731257198009811,,
arima,KEN,2004,2009,5,3.30693981631089,4.359371760228722,,
arima,KGZ,2004,2005,1,-0.175515404044219,4.456249714140401,,
arima,KGZ,2004,2006,2,3.10289874199981,2.8143281068392176,,
arima,KGZ,2004,2007,3,8.54287477507607,1.9429991125583665,,
arima,KGZ,2004,2008,4,8.40161604861429,1.4806054069767738,,
arima,KGZ,2004,2009,5,2.88629457537731,1.2352239949442927,,
arima,KHM,2004,2005,1,13.3033338358455,4.785552859756901,,
arima,KHM,2004,2006,2,10.9433600681694,4.111147783161408,,
arima,KHM,2004,2007,3,10.398458101201,3.6880304254959047,,
arima,KHM,2004,2008,4,7.47636606631011,3.4225693479168315,,
arima,KHM,2004,2009,5,4.07477850599065,3.2560207948197673,,
arima,KOR,2004,2005,1,4.35823667337156,7.994288027126635,,
arima,KOR,2004,2006,2,5.24500550580342,8.54271587567955,,
arima,KOR,2004,2007,3,5.8419633918717,8.686660465765755,,
arima,KOR,2004,2008,4,3.00440451679569,8.724441269694218,,
arima,KOR,2004,2009,5,0.81986175641795,8.73435750999631,,
arima,KWT,2004,2005,1,10.6090449840228,6.71549082677678,,
arima,KWT,2004,2006,2,7.51477300024021,0.4739661856685169,,
arima,KWT,2004,2007,3,5.99157551059315,4.505593302601729,,
arima,KWT,2004,2008,4,2.47975694278544,1.9014191392990438,,
arima,KWT,2004,2009,5,-7.07605643073411,3.583549672732894,,
arima,LBY,2004,2005,1,11.8707565226151,6.249052778214814,,
arima,LBY,2004,2006,2,6.50052541959279,6.552564796296337,,
arima,LBY,2004,2007,3,6.22998278561838,6.813030142172201,,
arima,LBY,2004,2008,4,-0.162048238799883,7.036554063337032,,
arima,LBY,2004,2009,5,-4.4001817631021,7.228375908830115,,
arima,LKA,2004,2005,1,6.24174804376447,4.611538849358692,,
arima,LKA,2004,2006,2,7.66829190107919,4.518049443955933,,
arima,LKA,2004,2007,3,6.79682611892866,4.510413867874158,,
arima,LKA,2004,2008,4,5.95008814473897,4.509790246172325,,
arima,LKA,2004,2009,5,3.53891205317842,4.509739313011182,,
arima,LUX,2004,2005,1,2.48250499371829,3.9598594257218798,,
arima,LUX,2004,2006,2,6.01662739677904,3.909993931998664,,
arima,LUX,2004,2007,3,8.09852098069817,3.8984472156706187,,
arima,LUX,2004,2008,4,-0.302272983306707,3.8957734898533154,,
arima,LUX,2004,2009,5,-3.23895268839308,3.8951543692701973,,
arima,MAC,2004,2005,1,8.07794929953978,19.249048975841973,,
arima,MAC,2004,2006,2,13.3921711919351,15.524127242436018,,
arima,MAC,2004,2007,3,14.4817728129028,13.034442603358874,,
arima,MAC,2004,2008,4,3.39251560752048,11.370372846814234,,
arima,MAC,2004,2009,5,1.29837946885112,10.258132319968643,,
arima,MAR,2004,2005,1,3.19224973015831,5.1534576717728235,,
arima,MAR,2004,2006,2,7.7908200104027,4.773416004571866,,
arima,MAR,2004,2007,3,3.44106776690418,4.988769281663838,,
arima,MAR,2004,2008,4,5.68453936284732,4.86673783628096,,
arima,MAR,2004,2009,5,3.74576940136258,4.935887810979856,,
arima,MDG,2004,2005,1,4.75584509499119,0.5856321688487627,,
arima,MDG,2004,2006,2,5.3985084485368,0.7295560716024379,,
arima,MDG,2004,2007,3,5.71056419885052,0.8499340088593209,,
arima,MDG,2004,2008,4,6.71263253913001,0.9506181030297177,,
arima,MDG,2004,2009,5,-3.9787086116544,1.034830268895965,,
arima,MEX,2004,2005,1,2.11324711473297,3.861011968188831,,
arima,MEX,2004,2006,2,4.80501351664901,4.115343768525558,,
arima,MEX,2004,2007,3,2.0778639395329,4.246928635695444,,
arima,MEX,2004,2008,4,0.943331872912935,4.3150073314982995,,
arima,MEX,2004,2009,5,-6.29525056697287,4.35022953388297,,
arima,MLI,2004,2005,1,2.53837834888921,4.11320018318034,,
arima,MLI,2004,2006,2,3.68960265255278,3.35890696029158,,
arima,MLI,2004,2007,3,1.76004607852802,3.600091940512297,,
arima,MLI,2004,2008,4,3.63871070923719,3.5229731319125195,,
arima,MLI,2004,2009,5,5.45473562683669,3.5476318425602824,,
arima,MLT,2004,2005,1,2.88123652429068,3.4760115639515954,,
arima,MLT,2004,2006,2,2.33618870316785,4.481053022965222,,
arima,MLT,2004,2007,3,5.03640177981643,5.075772224929674,,
arima,MLT,2004,2008,4,4.41059689827608,5.427688980216918,,
arima,MLT,2004,2009,5,-1.39524956144803,5.635930789532679,,
arima,MNG,2004,2005,1,7.25366543796015,9.572435946130312,,
arima,MNG,2004,2006,2,8.55623481664365,7.769767641147153,,
arima,MNG,2004,2007,3,10.2480163590057,6.576396791766511,,
arima,MNG,2004,2008,4,8.90036794067551,5.786382355824687,,
arima,MNG,2004,2009,5,-1.26859893608282,5.2633908571464705,,
arima,MRT,2004,2005,1,8.56628724906668,3.052065473137839,,
arima,MRT,2004,2006,2,18.3331987597713,3.1625637526879595,,
arima,MRT,2004,2007,3,-1.96942275160761,3.188169758789543,,
arima,MRT,2004,2008,4,-0.331079195278377,3.194103494148535,,
arima,MRT,2004,2009,5,0.0978758719728035,3.1954785315194894,,
arima,MUS,2004,2005,1,1.77754302034465,5.152622666458635,,
arima,MUS,2004,2006,2,4.86554460775534,4.8466611569597795,,
arima,MUS,2004,2007,3,5.76380219453068,5.12209991493571,,
arima,MUS,2004,2008,4,5.4630565042284,4.874138955664763,,
arima,MUS,2004,2009,5,3.36352090607312,5.097363304243698,,
arima,MYS,2004,2005,1,5.33213916141486,6.9234721862226944,,
arima,MYS,2004,2006,2,5.5848470671515,6.730877007924976,,
arima,MYS,2004,2007,3,6.29878592740947,6.842257994823779,,
arima,MYS,2004,2008,4,4.83176988913097,6.777844522211426,,
arima,MYS,2004,2009,5,-1.51352871598714,6.8150959020878865,,
arima,NER,2004,2005,1,7.33186884258517,2.2402998209997564,,
arima,NER,2004,2006,2,5.93104997350342,1.4099394513817738,,
arima,NER,2004,2007,3,3.14272408386731,2.05581559371239,,
arima,NER,2004,2008,4,7.73141422777337,1.5534361371593322,,
arima,NER,2004,2009,5,1.96260090694645,1.94420009610636,,
arima,NIC,2004,2005,1,4.28239833770654,3.437847110302555,,
arima,NIC,2004,2006,2,4.15294559846254,2.472209396432769,,
arima,NIC,2004,2007,3,5.0763520180987,2.6171581273683473,,
arima,NIC,2004,2008,4,3.43571693608081,2.595400345647461,,
arima,NIC,2004,2009,5,-3.2926651586197,2.5986663353691934,,
arima,NLD,2004,2005,1,2.03401576512488,2.2888967756817005,,
arima,NLD,2004,2006,2,3.53729585853395,2.5832505856593206,,
arima,NLD,2004,2007,3,3.88542348324803,2.7793748768128683,,
arima,NLD,2004,2008,4,2.11674514240192,2.9100500584366644,,
arima,NLD,2004,2009,5,-3.66528147002826,2.9971173104938966,,
arima,NOR,2004,2005,1,2.96973597025936,4.017265078746693,,
arima,NOR,2004,2006,2,2.84726376691944,3.80977597460265,,
arima,NOR,2004,2007,3,3.42030119916608,3.7399675683514806,,
arima,NOR,2004,2008,4,0.822805797014865,3.7164809683999707,,
arima,NOR,2004,2009,5,-1.61327151945869,3.708579049320232,,
arima,NPL,2004,2005,1,3.47918104829496,3.303008373844097,,
arima,NPL,2004,2006,2,3.36461478056277,3.647946481152502,,
arima,NPL,2004,2007,3,3.41156027980276,3.577476908289348,,
arima,NPL,2004,2008,4,6.10463914373472,3.59187358002349,,
arima,NPL,2004,2009,5,4.5330787246486,3.5889323935141983,,
arima,NZL,2004,2005,1,3.35295444152619,2.0076546564311886,,
arima,NZL,2004,2006,2,2.7744428588158,3.3209747803543266,,
arima,NZL,2004,2007,3,3.06312221869514,2.5035939113501673,,
arima,NZL,2004,2008,4,-1.02561134479848,3.012313356703839,,
arima,NZL,2004,2009,5,-0.040259885205117,2.6956978303382098,,
arima,OMN,2004,2005,1,2.77944360306151,6.594724826678037,,
arima,OMN,2004,2006,2,4.66981481939328,8.545594932687441,,
arima,OMN,2004,2007,3,4.98065467051528,9.037098432949183,,
arima,OMN,2004,2008,4,8.95005895005896,9.160928148738767,,
arima,OMN,2004,2009,5,5.98196694904402,9.192125888946851,,
arima,PAK,2004,2005,1,7.2765744364722,5.49855409475855,,
arima,PAK,2004,2006,2,6.05163767569996,5.50362932610208,,
arima,PAK,2004,2007,3,4.4448143398844,5.507500048573781,,
arima,PAK,2004,2008,4,2.1204410433083,5.510452129265046,,
arima,PAK,2004,2009,5,3.47255059567348,5.512703590192934,,
arima,PAN,2004,2005,1,8.27618334503531,6.611858632260956,,
arima,PAN,2004,2006,2,9.85723870564752,5.679651932948524,,
arima,PAN,2004,2007,3,13.1530653782933,5.368954290666562,,
arima,PAN,2004,2008,4,10.1974325907958,5.2654010497482435,,
arima,PAN,2004,2009,5,1.61186405976055,5.230887515542034,,
arima,PER,2004,2005,1,6.28506032509601,3.9588432385472516,,
arima,PER,2004,2006,2,7.5288990440594,2.797420420459055,,
arima,PER,2004,2007,3,8.5183877690955,3.2344026547197977,,
arima,PER,2004,2008,4,9.1265683014642,3.0699892558390727,,
arima,PER,2004,2009,5,1.0958236592427,3.1318493581776563,,
arima,PHL,2004,2005,1,4.94250511877678,5.418623616041187,,
arima,PHL,2004,2006,2,5.31641682136939,4.389910355339954,,
arima,PHL,2004,2007,3,6.51929155018938,4.13684931570133,,
arima,PHL,2004,2008,4,4.34448730509183,4.074596895878018,,
arima,PHL,2004,2009,5,1.44832306275669,4.059282947198316,,
arima,PRT,2004,2005,1,0.781847569123585,4.274687673861684,,
arima,PRT,2004,2006,2,1.62503532956156,3.9956530830255526,,
arima,PRT,2004,2007,3,2.50657937751231,4.044758577877102,,
arima,PRT,2004,2008,4,0.319247344434558,4.036116819099489,,
arima,PRT,2004,2009,5,-3.12207827545093,4.037637626393993,,
arima,PRY,2004,2005,1,2.13349066459601,4.357439829384139,,
arima,PRY,2004,2006,2,4.80711719268376,4.555944491891939,,
arima,PRY,2004,2007,3,5.42162287218235,4.683736363857896,,
arima,PRY,2004,2008,4,6.4962921197091,4.766005275500825,,
arima,PRY,2004,2009,5,-0.261137328080281,4.818967750490744,,
arima,QAT,2004,2005,1,7.49272803754515,7.519873819328539,,
arima,QAT,2004,2006,2,26.17039955781,7.106018054093277,,
arima,QAT,2004,2007,3,17.9852165615129,6.783237563798784,,
arima,QAT,2004,2008,4,17.6630346842674,6.531489844746166,,
arima,QAT,2004,2009,5,11.9575512911227,6.335143051944738,,
arima,RUS,2004,2005,1,6.39996544799469,5.342889196657402,,
arima,RUS,2004,2006,2,8.20006825456321,4.327667873545952,,
arima,RUS,2004,2007,3,8.49997776916511,3.5021247266973186,,
arima,RUS,2004,2008,4,5.19996926404957,2.8308213647663294,,
arima,RUS,2004,2009,5,-7.79999391271275,2.2849405038323862,,
arima,RWA,2004,2005,1,9.37789916585375,1.31789584310344,,
arima,RWA,2004,2006,2,9.22707576994632,1.823628198299615,,
arima,RWA,2004,2007,3,7.63329819042882,2.2220688236592947,,
arima,RWA,2004,2008,4,11.161247324054,2.535979789224137,,
arima,RWA,2004,2009,5,6.24825750704265,2.783294164390819,,
arima,SAU,2004,2005,1,5.94489623934835,6.369507758119397,,
arima,SAU,2004,2006,2,3.31348473625901,6.374047160287922,,
arima,SAU,2004,2007,3,2.21365396372528,6.377768102015895,,
arima,SAU,2004,2008,4,6.2379875365458,6.380818152843947,,
arima,SAU,2004,2009,5,-1.06671711240203,6.38331827532202,,
arima,SDN,2004,2005,1,5.64351551343631,4.071236810395235,,
arima,SDN,2004,2006,2,6.5314117467792,3.8507245668307175,,
arima,SDN,2004,2007,3,5.73527423664484,3.8360836568114656,,
arima,SDN,2004,2008,4,3.84674473121058,3.8351115736167785,,
arima,SDN,2004,2009,5,-2.76770436599138,3.835047032154796,,
arima,SEN,2004,2005,1,4.31023852639633,1.3074529751648585,,
arima,SEN,2004,2006,2,2.33077098330239,2.4768034575506546,,
arima,SEN,2004,2007,3,2.82711920133374,2.649667785557953,,
arima,SEN,2004,2008,4,3.70316906391386,2.675222207732943,,
arima,SEN,2004,2009,5,2.75210448455053,2.678999901489807,,
arima,SGP,2004,2005,1,7.36632239250758,9.087942858830896,,
arima,SGP,2004,2006,2,9.00676607871758,8.044131649747579,,
arima,SGP,2004,2007,3,9.02151951268893,7.979931750269537,,
arima,SGP,2004,2008,4,1.86348345462035,7.975983117550206,,
arima,SGP,2004,2009,5,0.127953382778088,7.97574025579374,,
arima,SLB,2004,2005,1,7.35907917681935,4.206029504959499,,
arima,SLB,2004,2006,2,4.13726239664898,2.5106400221456027,,
arima,SLB,2004,2007,3,3.63973499569106,2.07523968139238,,
arima,SLB,2004,2008,4,6.22590636247851,1.963422627759736,,
arima,SLB,2004,2009,5,2.86486309630651,1.9347064042917985,,
arima,SLV,2004,2005,1,2.68083009363194,1.402587630883402,,
arima,SLV,2004,2006,2,4.3369986028604,1.769500039316768,,
arima,SLV,2004,2007,3,1.84760220587859,1.9785837697467135,,
arima,SLV,2004,2008,4,2.15440298282768,2.0977293895886797,,
arima,SLV,2004,2009,5,-2.10876837627522,2.165624097122046,,
arima,SWE,2004,2005,1,2.79313782840156,3.9287492376769615,,
arima,SWE,2004,2006,2,4.67607488877992,2.927466314647987,,
arima,SWE,2004,2007,3,3.22486814096095,2.8011296766041536,,
arima,SWE,2004,2008,4,-0.923113250067971,2.78518918092094,,
arima,SWE,2004,2009,5,-4.25561384207619,2.7831778926156554,,
arima,SYC,2004,2005,1,9.0057617374238,4.606854769750968,,
arima,SYC,2004,2006,2,9.40612855732827,4.4806616552860845,,
arima,SYC,2004,2007,3,8.87606645570879,4.568785518447835,,
arima,SYC,2004,2008,4,-2.72594626154864,4.507246382247881,,
arima,SYC,2004,2009,5,-2.47937594726137,4.550220727088907,,
arima,TCD,2004,2005,1,17.3325337352162,9.389007756614497,,
arima,TCD,2004,2006,2,-0.54282957080251,6.687006101032224,,
arima,TCD,2004,2007,3,4.20017418353298,5.223633851255863,,
arima,TCD,2004,2008,4,3.08119033854541,4.431088688675622,,
arima,TCD,2004,2009,5,-1.40828262637592,4.001855569880776,,
arima,TGO,2004,2005,1,-4.66629938413338,3.69735571920229,,
arima,TGO,2004,2006,2,2.65013209943473,3.7564575449752864,,
arima,TGO,2004,2007,3,-1.1751368996605,3.8071321483453877,,
arima,TGO,2004,2008,4,4.03561315398862,3.8505811517074866,,
arima,TGO,2004,2009,5,5.45381096920332,3.8878348402933063,,
arima,THA,2004,2005,1,4.18763842884337,6.221203396200592,,
arima,THA,2004,2006,2,4.96781089246107,6.669522840185698,,
arima,THA,2004,2007,3,5.43515169050809,6.722772070154659,,
arima,THA,2004,2008,4,1.72569884866334,6.729096757897583,,
arima,THA,2004,2009,5,-0.690618232300579,6.729847973925849,,
arima,TON,2004,2005,1,-0.657650703495165,2.248042581575122,,
arima,TON,2004,2006,2,-2.16566342680382,2.1205552539590977,,
arima,TON,2004,2007,3,-2.46430779100223,2.224006852749679,,
arima,TON,2004,2008,4,4.86284132376997,2.1400594244644053,,
arima,TON,2004,2009,5,-5.12917819150532,2.208179886575164,,
arima,TUN,2004,2005,1,3.4865455430439,4.468468513817908,,
arima,TUN,2004,2006,2,5.24409983246916,4.286221433569038,,
arima,TUN,2004,2007,3,6.70952097453554,4.137325425031374,,
arima,TUN,2004,2008,4,4.23778147502819,4.015677268428956,,
arima,TUN,2004,2009,5,3.04345012371552,3.916290628383308,,
arima,TUR,2004,2005,1,9.11157745861635,4.101376104236985,,
arima,TUR,2004,2006,2,7.06762607623939,4.668473783418973,,
arima,TUR,2004,2007,3,5.10818513903604,4.569071633297631,,
arima,TUR,2004,2008,4,0.920118221365883,4.586495064589042,,
arima,TUR,2004,2009,5,-4.88269401706633,4.5834410465663336,,
arima,TZA,2004,2005,1,7.47631925974784,2.856470424052916,,
arima,TZA,2004,2006,2,6.53222138847813,3.101405346940368,,
arima,TZA,2004,2007,3,6.76853520293716,2.8796062171014456,,
arima,TZA,2004,2008,4,5.68641685905224,3.080454889137929,,
arima,TZA,2004,2009,5,5.26910524873463,2.898577759646415,,
arima,UGA,2004,2005,1,6.33256511623156,6.230192685491278,,
arima,UGA,2004,2006,2,10.7847443857453,5.772142428743299,,
arima,UGA,2004,2007,3,8.41242596551071,5.62446288421922,,
arima,UGA,2004,2008,4,8.70875190154499,5.57684966372748,,
arima,UGA,2004,2009,5,6.80151734860395,5.561498730916163,,
arima,UKR,2004,2005,1,3.07123039245209,10.12420494046634,,
arima,UKR,2004,2006,2,7.57142076322967,8.40593795619511,,
arima,UKR,2004,2007,3,8.21584445165715,7.00665916168417,,
arima,UKR,2004,2008,4,2.24349159628288,5.86714989875177,,
arima,UKR,2004,2009,5,-15.1364679101502,4.939185174779395,,
arima,URY,2004,2005,1,7.4601321302473,3.1572860120222073,,
arima,URY,2004,2006,2,4.09857735445401,2.0209469202186803,,
arima,URY,2004,2007,3,6.54151084504817,1.8223673318952018,,
arima,URY,2004,2008,4,7.17614466455107,1.7876647917967747,,
arima,URY,2004,2009,5,4.24349419462426,1.7816003906191409,,
arima,USA,2004,2005,1,3.48354993710312,3.643060938197883,,
arima,USA,2004,2006,2,2.78453963674239,3.3537109168366186,,
arima,USA,2004,2007,3,2.0038583039496,3.447896789327155,,
arima,USA,2004,2008,4,0.113587247501258,3.417238493415962,,
arima,USA,2004,2009,5,-2.5765002366652,3.4272180273240087,,
arima,VNM,2004,2005,1,7.54724772895918,7.346552092756673,,
arima,VNM,2004,2006,2,6.97795481056711,6.911445229838092,,
arima,VNM,2004,2007,3,7.12950448605439,6.6956831376789,,
arima,VNM,2004,2008,4,5.66177120891362,6.588690386287564,,
arima,VNM,2004,2009,5,5.39789754014181,6.535634500817924,,
arima,VUT,2004,2005,1,5.30532647259227,3.1107747558114713,,
arima,VUT,2004,2006,2,8.46069747205426,2.810481137635429,,
arima,VUT,2004,2007,3,2.87589228775376,2.620883080341912,,
arima,VUT,2004,2008,4,5.60099182147225,2.501175496984605,,
arima,VUT,2004,2009,5,3.03730354099639,2.4255950521329868,,
arima,ZAF,2004,2005,1,5.27705197295467,3.8981349930555456,,
arima,ZAF,2004,2006,2,5.60380645895889,3.488040102970655,,
arima,ZAF,2004,2007,3,5.36047405394162,3.31568467474357,,
arima,ZAF,2004,2008,4,3.1910438863288,3.2432468210722094,,
arima,ZAF,2004,2009,5,-1.53808913525583,3.2128025078382803,,
arima,ABW,2009,2010,1,-2.73345679250639,-8.000225589658575,,
arima,ABW,2009,2011,2,3.36923718421511,-0.38361060305793515,,
arima,ABW,2009,2012,3,-1.04079988436683,2.4883399309075793,,
arima,ABW,2009,2013,4,6.43146080719245,3.571248793184994,,
arima,ABW,2009,2014,5,1.42609951155575,3.9795746296261045,,
arima,ALB,2009,2010,1,2.97315442681247,0.9217662586022151,,
arima,ALB,2009,2011,2,2.46351683915714,3.2108432926129535,,
arima,ALB,2009,2012,3,0.984129880204108,2.8865994023982453,,
arima,ALB,2009,2013,4,1.7072283175406,2.932528001034072,,
arima,ALB,2009,2014,5,2.24022695382642,2.9260222927190935,,
arima,AUS,2009,2010,1,2.21004795300735,3.203246371937529,,
arima,AUS,2009,2011,2,2.39473494330615,3.541327443486265,,
arima,AUS,2009,2012,3,3.95247138119184,3.5906936970184473,,
arima,AUS,2009,2013,4,2.65445302592404,3.5979021070505137,,
arima,AUS,2009,2014,5,2.60118978187332,3.5989546717373706,,
arima,AUT,2009,2010,1,1.80898243043663,1.298584040763267,,
arima,AUT,2009,2011,2,2.92746800169145,1.4410681684012006,,
arima,AUT,2009,2012,3,0.628246239479637,1.5708577940717163,,
arima,AUT,2009,2013,4,-0.250726423318454,1.6890839236129542,,
arima,AUT,2009,2014,5,0.755798850316665,1.7967767968614268,,
arima,BEL,2009,2010,1,2.71031150254662,1.5291907554074107,,
arima,BEL,2009,2011,2,1.93115502411325,1.6350740734501266,,
arima,BEL,2009,2012,3,0.215803612089744,1.7327042874235596,,
arima,BEL,2009,2013,4,0.305494549070232,1.8227246877726782,,
arima,BEL,2009,2014,5,1.76554038149924,1.905728423493474,,
arima,BEN,2009,2010,1,2.11406472648392,3.43208604562562,,
arima,BEN,2009,2011,2,2.96375291904201,3.4792729159445885,,
arima,BEN,2009,2012,3,4.811223315688,3.50934686538853,,
arima,BEN,2009,2013,4,7.19143372144946,3.528514113164088,,
arima,BEN,2009,2014,5,6.35767909791932,3.5407301138584573,,
arima,BFA,2009,2010,1,8.44628157707625,4.282156448408319,,
arima,BFA,2009,2011,2,6.62256261306693,4.147720895725596,,
arima,BFA,2009,2012,3,6.45267237953146,4.160254794882807,,
arima,BFA,2009,2013,4,5.79258484509867,4.159086215404029,,
arima,BFA,2009,2014,5,4.32684561452976,4.159195166176737,,
arima,BGD,2009,2010,1,5.57178818533122,3.865746705443942,,
arima,BGD,2009,2011,2,6.46437912497728,3.832847112877751,,
arima,BGD,2009,2012,3,6.52145877906443,3.84700336058521,,
arima,BGD,2009,2013,4,6.01360565834344,3.8409121195234324,,
arima,BGD,2009,2014,5,6.0610593588495,3.843533097796731,,
arima,BGR,2009,2010,1,1.55536266288017,0.7672275000653519,,
arima,BGR,2009,2011,2,2.09017598337418,1.189375618883132,,
arima,BGR,2009,2012,3,0.748814556346105,1.4179720628232844,,
arima,BGR,2009,2013,4,-0.542753400392826,1.5417587904022827,,
arima,BGR,2009,2014,5,0.949449772002041,1.6087902527496534,,
arima,BHR,2009,2010,1,4.3342989754845,5.000754693286102,,
arima,BHR,2009,2011,2,1.92815791170796,5.264247537687776,,
arima,BHR,2009,2012,3,3.80302899043062,5.126918370206699,,
arima,BHR,2009,2013,4,5.29262224906203,5.1984926108046565,,
arima,BHR,2009,2014,5,4.30885692657077,5.161189013825666,,
arima,BHS,2009,2010,1,1.53866248693835,0.5867885847566456,,
arima,BHS,2009,2011,2,0.613170735890648,2.8061599416896037,,
arima,BHS,2009,2012,3,4.52003886739061,3.4036180051947644,,
arima,BHS,2009,2013,4,-2.86320081549439,3.5644546026989463,,
arima,BHS,2009,2014,5,1.8469701294558,3.607752053477262,,
arima,BLZ,2009,2010,1,1.41741099233461,2.588229343177559,,
arima,BLZ,2009,2011,2,-0.13007112300869,4.108987142300753,,
arima,BLZ,2009,2012,3,3.94389321816617,4.798673258712238,,
arima,BLZ,2009,2013,4,4.06646561608865,5.11145609595628,,
arima,BLZ,2009,2014,5,3.89226067249989,5.25330773099204,,
arima,BOL,2009,2010,1,4.12672258996274,3.8897616112032023,,
arima,BOL,2009,2011,2,5.20409245282328,3.8151882582598433,,
arima,BOL,2009,2012,3,5.12227560125973,3.753443546899107,,
arima,BOL,2009,2013,4,6.79601141268498,3.7023206024350666,,
arima,BOL,2009,2014,5,5.46056949136766,3.659992192550632,,
arima,BRA,2009,2010,1,7.52822581815364,2.654729935113859,,
arima,BRA,2009,2011,2,3.97442307944702,3.1850163382372476,,
arima,BRA,2009,2012,3,1.92117598576537,3.56436826413065,,
arima,BRA,2009,2013,4,3.00482266944432,3.835745925016194,,
arima,BRA,2009,2014,5,0.503955740242247,4.029881844200649,,
arima,BRN,2009,2010,1,2.74136439456163,0.0873985113869501,,
arima,BRN,2009,2011,2,3.74440625524871,1.2849896940075354,,
arima,BRN,2009,2012,3,0.913135189664487,0.749624287571358,,
arima,BRN,2009,2013,4,-2.12478292664558,0.9889514658004062,,
arima,BRN,2009,2014,5,-2.50788727590711,0.8819637942951372,,
arima,BTN,2009,2010,1,11.9318738376229,6.731764200127777,,
arima,BTN,2009,2011,2,8.4892584842808,6.690403058707194,,
arima,BTN,2009,2012,3,5.16482012683895,6.667193496052315,,
arima,BTN,2009,2013,4,1.73634039505693,6.654169585683084,,
arima,BTN,2009,2014,5,5.88108550658288,6.646861294534819,,
arima,BWA,2009,2010,1,10.119723322694,-10.63325398824237,,
arima,BWA,2009,2011,2,6.83841052493574,-5.855605548304763,,
arima,BWA,2009,2012,3,-0.170857099335691,-2.3620264092946543,,
arima,BWA,2009,2013,4,11.1029068737822,0.19259755560428005,,
arima,BWA,2009,2014,5,5.69714422072884,2.0606255413350096,,
arima,CAF,2009,2010,1,4.63081843223307,0.4374988525014567,,
arima,CAF,2009,2011,2,4.19461533741989,2.0805116694588524,,
arima,CAF,2009,2012,3,5.05376125356918,1.6494365185682178,,
arima,CAF,2009,2013,4,-36.3919770983887,1.7625371491886799,,
arima,CAF,2009,2014,5,0.0810705153264877,1.732863082798359,,
arima,CAN,2009,2010,1,3.09080633744851,0.45872730300466635,,
arima,CAN,2009,2011,2,3.1371944343876,2.0806538017713585,,
arima,CAN,2009,2012,3,1.75566133205234,2.7522600839424713,,
arima,CAN,2009,2013,4,2.32581356612762,3.030358381611746,,
arima,CAN,2009,2014,5,2.87346675579731,3.1455131459723984,,
arima,CHE,2009,2010,1,3.26063082122047,-0.22637485423352466,,
arima,CHE,2009,2011,2,1.40766067483813,2.1629955775809444,,
arima,CHE,2009,2012,3,1.12413575027705,2.377181957407495,,
arima,CHE,2009,2013,4,1.83612392927999,2.3963819126309995,,
arima,CHE,2009,2014,5,2.54342347675991,2.3981030224461195,,
arima,CHL,2009,2010,1,5.85165102224047,2.344776237009735,,
arima,CHL,2009,2011,2,6.22389678509138,5.283671224899023,,
arima,CHL,2009,2012,3,6.15534001855494,3.5551501144516298,,
arima,CHL,2009,2013,4,3.30850824710085,4.571785700811289,,
arima,CHL,2009,2014,5,1.79264947139259,3.9738480133824474,,
arima,CHN,2009,2010,1,10.5916903885704,9.483216565025765,,
arima,CHN,2009,2011,2,9.46205248298186,8.238507729787052,,
arima,CHN,2009,2012,3,7.8578201481217,7.782784716235247,,
arima,CHN,2009,2013,4,7.77842954757257,7.6159316665893755,,
arima,CHN,2009,2014,5,7.46100735778161,7.554842058761259,,
arima,CIV,2009,2010,1,6.84804939907013,3.524475338315,,
arima,CIV,2009,2011,2,-5.37044724000579,3.6209536793845762,,
arima,CIV,2009,2012,3,7.62041176451649,3.700663921119156,,
arima,CIV,2009,2013,4,10.7602131311256,3.7665203876270446,,
arima,CIV,2009,2014,5,9.37199994240375,3.820930888542928,,
arima,CMR,2009,2010,1,2.89902472122014,3.310727332661368,,
arima,CMR,2009,2011,2,3.37921128506045,3.3490571685476525,,
arima,CMR,2009,2012,3,4.62597872209571,3.3787423011691975,,
arima,CMR,2009,2013,4,4.99552916130783,3.4017324100069457,,
arima,CMR,2009,2014,5,5.71981814509198,3.4195374544077883,,
arima,COG,2009,2010,1,9.93126543095578,7.727592386340353,,
arima,COG,2009,2011,2,2.20591936286718,5.837053894431409,,
arima,COG,2009,2012,3,9.94715314257564,5.0680865113272855,,
arima,COG,2009,2013,4,-0.712434451876447,4.755312749349588,,
arima,COG,2009,2014,5,6.64606540928447,4.628093535204538,,
arima,COL,2009,2010,1,4.49465897070922,2.704543747484185,,
arima,COL,2009,2011,2,6.94789198173555,3.3452856378107563,,
arima,COL,2009,2012,3,3.91263576716115,3.696311270469315,,
arima,COL,2009,2013,4,5.13399351995672,3.888618027126882,,
arima,COL,2009,2014,5,4.49903000110972,3.9939718395424126,,
arima,COM,2009,2010,1,3.77776673684423,1.8138829248942026,,
arima,COM,2009,2011,2,4.14350668765977,2.709517784117182,,
arima,COM,2009,2012,3,3.1684098843342,2.346241678779686,,
arima,COM,2009,2013,4,4.46624729869704,2.4935891467240126,,
arima,COM,2009,2014,5,2.10665760321017,2.433823926852384,,
arima,CRI,2009,2010,1,5.36034347722267,1.748779607429206,,
arima,CRI,2009,2011,2,4.40315921836142,5.522168474205017,,
arima,CRI,2009,2012,3,4.88259252932575,4.361039898590016,,
arima,CRI,2009,2013,4,2.49476596233289,4.718336646078889,,
arima,CRI,2009,2014,5,3.54210997703849,4.608391056548883,,
arima,CYP,2009,2010,1,2.28267100119788,1.6265332900105847,,
arima,CYP,2009,2011,2,0.416711868408683,2.202333255365362,,
arima,CYP,2009,2012,3,-3.44738151374587,2.714002155275729,,
arima,CYP,2009,2013,4,-6.58747751118347,3.168682736880444,,
arima,CYP,2009,2014,5,-1.77605867728616,3.5727222071797287,,
arima,DEU,2009,2010,1,4.13463778522758,-1.8792663156979326,,
arima,DEU,2009,2011,2,3.75796884489337,1.6288444318625728,,
arima,DEU,2009,2012,3,0.463512036709204,2.2579637848691863,,
arima,DEU,2009,2013,4,0.396995583779145,2.3707855253466463,,
arima,DEU,2009,2014,5,2.18018602168017,2.391018164930108,,
arima,DNK,2009,2010,1,1.58289703108802,0.7474253160168818,,
arima,DNK,2009,2011,2,1.3108037609606,0.8914246276536273,,
arima,DNK,2009,2012,3,-0.0054323016167074,1.0240749095089643,,
arima,DNK,2009,2013,4,1.39267343161971,1.1462706136154428,,
arima,DNK,2009,2014,5,1.27799983192831,1.2588356974828263,,
arima,DOM,2009,2010,1,8.40114541209596,5.0418646874288315,,
arima,DOM,2009,2011,2,3.19196227475523,5.240598513280668,,
arima,DOM,2009,2012,3,2.77567100848816,5.2180114966762385,,
arima,DOM,2009,2013,4,4.93473300709881,5.220578615368298,,
arima,DOM,2009,2014,5,7.11122629673892,5.220286850479887,,
arima,DZA,2009,2010,1,4.80000000093564,4.933320016647486,,
arima,DZA,2009,2011,2,2.99999999941909,4.182570441254537,,
arima,DZA,2009,2012,3,2.40000000034432,4.064576921338914,,
arima,DZA,2009,2013,4,2.60000000061164,4.046032161277224,,
arima,DZA,2009,2014,5,4.09999999866501,4.0431175255752665,,
arima,ECU,2009,2010,1,4.02913787986621,3.355901677984002,,
arima,ECU,2009,2011,2,8.48147656332823,3.5360685396677938,,
arima,ECU,2009,2012,3,5.783212336172,3.6632164637482307,,
arima,ECU,2009,2013,4,7.21123653679159,3.752947696489235,,
arima,ECU,2009,2014,5,4.22606520388456,3.8162731041783653,,
arima,EGY,2009,2010,1,5.14723485746742,5.141398133177419,,
arima,EGY,2009,2011,2,1.76457194806041,5.3403082456240565,,
arima,EGY,2009,2012,3,2.22619979818487,5.421880106909317,,
arima,EGY,2009,2013,4,2.18546605363386,5.455332245021836,,
arima,EGY,2009,2014,5,2.91591188052836,5.469050769114179,,
arima,ESP,2009,2010,1,0.0941223116369514,-2.6619343861001123,,
arima,ESP,2009,2011,2,-0.639920636520344,-1.4000781081316278,,
arima,ESP,2009,2012,3,-2.86511368637748,-0.38203906895983497,,
arima,ESP,2009,2013,4,-1.42732224757626,0.4392933627703277,,
arima,ESP,2009,2014,5,1.52048593647231,1.1019270511213959,,
arima,FIN,2009,2010,1,3.1682879121621,-4.80210141298134,,
arima,FIN,2009,2011,2,2.39039455396828,1.4903685437757037,,
arima,FIN,2009,2012,3,-1.52284013040689,2.774719990681001,,
arima,FIN,2009,2013,4,-0.979741024949618,3.0368680264290915,,
arima,FIN,2009,2014,5,-0.4780684247837,3.0903748705348617,,
arima,FJI,2009,2010,1,2.95467268842502,3.6572388447564874,,
arima,FJI,2009,2011,2,2.70514231228027,3.0092608565005015,,
arima,FJI,2009,2012,3,1.41131415220703,3.221274227547432,,
arima,FJI,2009,2013,4,4.7342203729816,3.1519050972415337,,
arima,FJI,2009,2014,5,5.60351397766961,3.1746021385443273,,
arima,FRA,2009,2010,1,2.00032476039051,-0.7944216366085644,,
arima,FRA,2009,2011,2,2.43757653729007,-0.15280881772964516,,
arima,FRA,2009,2012,3,0.183835264973013,0.3773503116250443,,
arima,FRA,2009,2013,4,0.781756446231,0.8154162201728652,,
arima,FRA,2009,2014,5,0.997832947295251,1.177386295960131,,
arima,GAB,2009,2010,1,7.08988731455126,2.903843969637471,,
arima,GAB,2009,2011,2,7.09175334258654,3.7994748211066067,,
arima,GAB,2009,2012,3,5.25107691750407,4.123610998022141,,
arima,GAB,2009,2013,4,5.63869900338696,4.240918548351696,,
arima,GAB,2009,2014,5,4.31496444107469,4.283373116352315,,
arima,GBR,2009,2010,1,2.26054460931586,0.700620372494797,,
arima,GBR,2009,2011,2,0.851437739020326,3.1790274936498903,,
arima,GBR,2009,2012,3,1.52826034721852,2.1553675085005977,,
arima,GBR,2009,2013,4,1.71846961308464,2.5781712344306107,,
arima,GBR,2009,2014,5,3.16017351468152,2.403540015809488,,
arima,GEO,2009,2010,1,6.24640865303363,-2.662166160371642,,
arima,GEO,2009,2011,2,7.9343365253078,-0.966491212536047,,
arima,GEO,2009,2012,3,6.57883101954195,0.11881346606066345,,
arima,GEO,2009,2013,4,5.13288531209382,0.8134549991489441,,
arima,GEO,2009,2014,5,4.09049059581743,1.2580553671443537,,
arima,GHA,2009,2010,1,7.89971194051621,3.283460066918785,,
arima,GHA,2009,2011,2,14.0471235803149,3.1188213991998444,,
arima,GHA,2009,2012,3,9.2927894063005,3.098434863236951,,
arima,GHA,2009,2013,4,7.31252501678145,3.0959104814843252,,
arima,GHA,2009,2014,5,2.85624016330883,3.0955978975689122,,
arima,GMB,2009,2010,1,5.90833580968288,4.274734823748725,,
arima,GMB,2009,2011,2,-8.13044422315659,4.220907168895033,,
arima,GMB,2009,2012,3,5.24156924630741,4.173854379639245,,
arima,GMB,2009,2013,4,2.872768790327,4.1327237566766195,,
arima,GMB,2009,2014,5,-1.40738249510954,4.096769923289674,,
arima,GNB,2009,2010,1,5.60536311358261,4.965567500477049,,
arima,GNB,2009,2011,2,8.08504167173554,3.309181437088979,,
arima,GNB,2009,2012,3,-1.71286958446419,3.275082811839581,,
arima,GNB,2009,2013,4,3.25607190852087,3.2743808521518014,,
arima,GNB,2009,2014,5,0.964525745841428,3.2743664014987424,,
arima,GRC,2009,2010,1,-5.6937412158003,1.5323951127735995,,
arima,GRC,2009,2011,2,-9.87677875300243,1.7123326379227959,,
arima,GRC,2009,2012,3,-8.33113421099992,1.879818642062674,,
arima,GRC,2009,2013,4,-2.27211699888024,2.0357147596706273,,
arima,GRC,2009,2014,5,0.792225060962835,2.1808230008639358,,
arima,GTM,2009,2010,1,2.88417542800377,2.148703142722647,,
arima,GTM,2009,2011,2,4.16390688293349,2.635763767197732,,
arima,GTM,2009,2012,3,2.97470856847661,2.9823353840107356,,
arima,GTM,2009,2013,4,3.69476814623695,3.2289410005288577,,
arima,GTM,2009,2014,5,4.44397825774911,3.4044150646126914,,
arima,HKG,2009,2010,1,6.76770683250318,4.011019259707166,,
arima,HKG,2009,2011,2,4.81466801092733,7.1348303879711,,
arima,HKG,2009,2012,3,1.70032214482865,6.349503302666992,,
arima,HKG,2009,2013,4,3.10155262780289,6.546934775182105,,
arima,HKG,2009,2014,5,2.76241378329884,6.497300441833739,,
arima,HND,2009,2010,1,3.73114034433009,0.8888076613024083,,
arima,HND,2009,2011,2,3.83569066207505,1.9556350657829844,,
arima,HND,2009,2012,3,4.12868774866939,2.8328346539974483,,
arima,HND,2009,2013,4,2.79155975746801,3.5541126361076603,,
arima,HND,2009,2014,5,3.0580805621437,4.147183967269511,,
arima,HTI,2009,2010,1,-5.65151153448299,2.43922981794218,,
arima,HTI,2009,2011,2,5.09821354410036,2.1874783041366612,,
arima,HTI,2009,2012,3,0.502424403581585,2.0098369392151234,,
arima,HTI,2009,2013,4,4.32478411472874,1.8844893134782432,,
arima,HTI,2009,2014,5,2.88877250863379,1.7960412918994135,,
arima,HUN,2009,2010,1,1.06795068152046,1.0247038009111615,,
arima,HUN,2009,2011,2,1.91670916599742,1.3955706774233088,,
arima,HUN,2009,2012,3,-1.33948446518181,1.7141010857120809,,
arima,HUN,2009,2013,4,2.03216990678146,1.987680710721511,,
arima,HUN,2009,2014,5,4.33435364113967,2.2226529748214805,,
arima,IDN,2009,2010,1,6.22385418062366,4.988045933294009,,
arima,IDN,2009,2011,2,6.16978420771008,5.166312047084663,,
arima,IDN,2009,2012,3,6.03005065305615,5.208487176831765,,
arima,IDN,2009,2013,4,5.5572636889101,5.218465189654066,,
arima,IDN,2009,2014,5,5.006668425755,5.220825840124593,,
arima,IND,2009,2010,1,8.49758470165625,4.884256652091279,,
arima,IND,2009,2011,2,5.24131620024293,4.93127946241289,,
arima,IND,2009,2012,3,5.45638755164772,4.93509078955371,,
arima,IND,2009,2013,4,6.38610640091713,4.9353997080227465,,
arima,IND,2009,2014,5,7.41022760516977,4.935424746707957,,
arima,IRL,2009,2010,1,1.68297175486512,-0.680510121975046,,
arima,IRL,2009,2011,2,1.60886648916944,1.7357414417866486,,
arima,IRL,2009,2012,3,-0.40502941658977,2.996996295046048,,
arima,IRL,2009,2013,4,2.1929375750029,3.6553564710841084,,
arima,IRL,2009,2014,5,9.38579335130922,3.999012727607327,,
arima,IRN,2009,2010,1,5.79793830169604,3.4245188377283804,,
arima,IRN,2009,2011,2,2.6457179180628,4.302096100553046,,
arima,IRN,2009,2012,3,-3.74717139864109,4.5490646658376335,,
arima,IRN,2009,2013,4,-1.52197920494184,4.618566776731446,,
arima,IRN,2009,2014,5,4.98477506709476,4.638126121918269,,
arima,IRQ,2009,2010,1,6.40256484471193,10.050676334231358,,
arima,IRQ,2009,2011,2,7.546471200426,7.940205079184106,,
arima,IRQ,2009,2012,3,13.9364301737537,7.884061165421086,,
arima,IRQ,2009,2013,4,7.62828592298754,7.8825675942364075,,
arima,IRQ,2009,2014,5,2.26368817563613,7.882527861436641,,
arima,ISL,2009,2010,1,-2.22181843777449,-1.485564965509349,,
arima,ISL,2009,2011,2,1.37999669197329,4.548402563702582,,
arima,ISL,2009,2012,3,1.16931174934061,3.6969748941438887,,
arima,ISL,2009,2013,4,3.59695697128252,3.817116256022385,,
arima,ISL,2009,2014,5,1.91381613095174,3.8001636159449244,,
arima,ISR,2009,2010,1,5.54470607068944,3.6416048155462235,,
arima,ISR,2009,2011,2,5.51341969081251,5.053237827930315,,
arima,ISR,2009,2012,3,2.40993765217618,5.361245302132497,,
arima,ISR,2009,2013,4,4.09013743330735,5.428450165813168,,
arima,ISR,2009,2014,5,3.718144149431,5.443113750565573,,
arima,ITA,2009,2010,1,1.52910573247101,-0.42822734933681383,,
arima,ITA,2009,2011,2,0.695463154440176,-0.36009464192117324,,
arima,ITA,2009,2012,3,-3.12523877282996,-0.293459097488844,,
arima,ITA,2009,2013,4,-1.81802510749792,-0.22828781705366197,,
arima,ITA,2009,2014,5,-0.0013876173045446,-0.16454862455896535,,
arima,JPN,2009,2010,1,4.13645589222239,-1.5630204292032888,,
arima,JPN,2009,2011,2,-0.20035785332982,-1.3864628628149367,,
arima,JPN,2009,2012,3,1.64893452981225,-1.2154183029125365,,
arima,JPN,2009,2013,4,1.99727653399265,-1.0497146059786182,,
arima,JPN,2009,2014,5,0.905915486065865,-0.8891850036736075,,
arima,KEN,2009,2010,1,8.05847360290906,6.074887222892845,,
arima,KEN,2009,2011,2,5.1211061197056,3.4044612678314747,,
arima,KEN,2009,2012,3,4.56867961444982,5.409193973842807,,
arima,KEN,2009,2013,4,3.7978483925754,3.9042081437978924,,
arima,KEN,2009,2014,5,5.02011100232484,5.034025770778424,,
arima,KGZ,2009,2010,1,-0.471566596791618,1.4993759805818554,,
arima,KGZ,2009,2011,2,5.95627429693504,1.4309446428501564,,
arima,KGZ,2009,2012,3,-0.0881501998439376,1.397326874120138,,
arima,KGZ,2009,2013,4,10.9154694528045,1.3808117158337976,,
arima,KGZ,2009,2014,5,4.02403863083252,1.372698433378519,,
arima,KHM,2009,2010,1,5.07691843229247,4.895729967293516,,
arima,KHM,2009,2011,2,7.28665813879552,4.549137605976666,,
arima,KHM,2009,2012,3,7.65025657870362,4.303880764979914,,
arima,KHM,2009,2013,4,7.8574997554252,4.1303313023571135,,
arima,KHM,2009,2014,5,8.00032074618566,4.0075236536315835,,
arima,KOR,2009,2010,1,6.98166138853071,4.995791768651075,,
arima,KOR,2009,2011,2,3.6880320602952,5.232488900426045,,
arima,KOR,2009,2012,3,2.54766550568242,5.448289665344232,,
arima,KOR,2009,2013,4,3.2913959543442,5.645038860360036,,
arima,KOR,2009,2014,5,3.21468019683108,5.824418417953552,,
arima,KWT,2009,2010,1,-2.37054804425912,-0.4881058437934471,,
arima,KWT,2009,2011,2,9.62863419534361,5.080014281095817,,
arima,KWT,2009,2012,3,6.62587485078971,1.6027502304050258,,
arima,KWT,2009,2013,4,1.14946552780648,3.7742847891115874,,
arima,KWT,2009,2014,5,0.500914669444924,2.41817197429095,,
arima,LBY,2009,2010,1,5.0272476723775,1.3760378228888195,,
arima,LBY,2009,2011,2,-50.3385151384986,2.3025353128443724,,
arima,LBY,2009,2012,3,86.8267484395784,3.0857907231904758,,
arima,LBY,2009,2013,4,-17.9979615745681,3.7479501402288027,,
arima,LBY,2009,2014,5,-23.0428058282215,4.307735732234855,,
arima,LKA,2009,2010,1,8.01596737040464,4.45951833924139,,
arima,LKA,2009,2011,2,8.66948301160571,4.6162334800678755,,
arima,LKA,2009,2012,3,8.6321813769906,4.649647470713096,,
arima,LKA,2009,2013,4,4.0517463303875,4.656771828735881,,
arima,LKA,2009,2014,5,6.37797889684965,4.65829084745399,,
arima,LUX,2009,2010,1,3.76040578658925,2.3479446597765463,,
arima,LUX,2009,2011,2,1.0442860057217,3.7374115305999736,,
arima,LUX,2009,2012,3,1.64971134354685,3.7372351344491497,,
arima,LUX,2009,2013,4,3.17168513780955,3.737235156843064,,
arima,LUX,2009,2014,5,2.62308838097542,3.737235156840221,,
arima,MAC,2009,2010,1,25.1031075246958,4.595431035892143,,
arima,MAC,2009,2011,2,21.6223064381087,5.440435606859785,,
arima,MAC,2009,2012,3,9.21747479596735,5.927197610405067,,
arima,MAC,2009,2013,4,10.7816711590297,6.207595203786241,,
arima,MAC,2009,2014,5,-2.03874227961819,6.369117281929794,,
arima,MAR,2009,2010,1,3.49955709403216,5.418465568692733,,
arima,MAR,2009,2011,2,5.52464523319847,4.60395999267906,,
arima,MAR,2009,2012,3,3.06234368502997,5.063390850851591,,
arima,MAR,2009,2013,4,4.12221286860944,4.804243805506373,,
arima,MAR,2009,2014,5,2.7192440802029,4.950418556106031,,
arima,MDG,2009,2010,1,0.619239744622121,1.8901184131545863,,
arima,MDG,2009,2011,2,1.57842705366555,1.8814858207211735,,
arima,MDG,2009,2012,3,3.01114811621208,1.8769283366066205,,
arima,MDG,2009,2013,4,2.30037622800727,1.8745222619987185,,
arima,MDG,2009,2014,5,3.33920311195367,1.873252000847329,,
arima,MEX,2009,2010,1,4.9713345832195,-0.40106794087682385,,
arima,MEX,2009,2011,2,3.44404505297089,1.2792658593917197,,
arima,MEX,2009,2012,3,3.55321076010608,2.2937144015336375,,
arima,MEX,2009,2013,4,0.852101550164704,2.9061557179490993,,
arima,MEX,2009,2014,5,2.50376350783593,3.275897849236258,,
arima,MLI,2009,2010,1,5.57678859793515,3.1237957904548077,,
arima,MLI,2009,2011,2,2.93537897118415,3.6218646372656433,,
arima,MLI,2009,2012,3,-1.07239924147837,3.4768727451830976,,
arima,MLI,2009,2013,4,3.29068742053545,3.5190810641821395,,
arima,MLI,2009,2014,5,6.50263878386326,3.506793879242787,,
arima,MLT,2009,2010,1,6.19734978656928,2.489694038754746,,
arima,MLT,2009,2011,2,0.992201768011597,3.585973030236105,,
arima,MLT,2009,2012,3,4.10167460261891,4.27879883883384,,
arima,MLT,2009,2013,4,6.29233378116625,4.716650521470292,,
arima,MLT,2009,2014,5,7.6313628225042,4.993363792841631,,
arima,MNG,2009,2010,1,6.3651616786311,-1.7291167533691345,,
arima,MNG,2009,2011,2,17.2907775869555,0.48410277397613877,,
arima,MNG,2009,2012,3,12.3198198494032,1.7800580256653589,,
arima,MNG,2009,2013,4,11.6489161878925,2.5389072919174995,,
arima,MNG,2009,2014,5,7.88522548204762,2.983253042390608,,
arima,MRT,2009,2010,1,2.62022952055378,3.5002615706521456,,
arima,MRT,2009,2011,2,4.17278328304418,3.446466486243031,,
arima,MRT,2009,2012,3,4.47001318233693,3.4154150192538513,,
arima,MRT,2009,2013,4,4.15081318627171,3.397491567459494,,
arima,MRT,2009,2014,5,4.27482327130284,3.387145836472402,,
arima,MUS,2009,2010,1,4.39672657214976,5.302276227574054,,
arima,MUS,2009,2011,2,4.14555262561014,4.568532574719457,,
arima,MUS,2009,2012,3,3.51062090167264,5.235106558556111,,
arima,MUS,2009,2013,4,3.39755085220649,4.629553278198241,,
arima,MUS,2009,2014,5,3.85773905280689,5.1796719210555,,
arima,MYS,2009,2010,1,7.42484738326097,4.764503171799395,,
arima,MYS,2009,2011,2,5.29391283414003,7.499343653306521,,
arima,MYS,2009,2012,3,5.47345419253853,5.931336552085766,,
arima,MYS,2009,2013,4,4.69372252557893,6.8303455751362785,,
arima,MYS,2009,2014,5,6.00672194558203,6.314903251630851,,
arima,NER,2009,2010,1,8.57816674262253,1.1803962467416804,,
arima,NER,2009,2011,2,2.35775693603874,2.815101865046498,,
arima,NER,2009,2012,3,10.5489445763446,1.5736144378968202,,
arima,NER,2009,2013,4,5.31513063394726,2.516469845324268,,
arima,NER,2009,2014,5,6.64213665495603,1.8004123969164552,,
arima,NIC,2009,2010,1,4.41009911716546,0.17731415295331132,,
arima,NIC,2009,2011,2,6.31668553491842,2.9095203884353094,,
arima,NIC,2009,2012,3,6.4961364710876,2.5018361564382947,,
arima,NIC,2009,2013,4,4.92709413447304,2.562668472410839,,
arima,NIC,2009,2014,5,4.78546013589983,2.5535914211634645,,
arima,NLD,2009,2010,1,1.31935287897116,-0.40863015541772185,,
arima,NLD,2009,2011,2,1.77330320575034,0.9297509447958829,,
arima,NLD,2009,2012,3,-0.977826121310997,1.7254110444028556,,
arima,NLD,2009,2013,4,-0.0302410184270769,2.1984265360334083,,
arima,NLD,2009,2014,5,1.61255885112396,2.479631607687767,,
arima,NOR,2009,2010,1,1.00493269017117,1.0452643492409521,,
arima,NOR,2009,2011,2,1.38505117083945,2.407433845211955,,
arima,NOR,2009,2012,3,2.82395673492459,2.9890403274812796,,
arima,NOR,2009,2013,4,1.27290177696287,3.2373692624766788,,
arima,NOR,2009,2014,5,2.09521388080101,3.3433984451558922,,
arima,NPL,2009,2010,1,4.81641464694573,3.3931344122205624,,
arima,NPL,2009,2011,2,3.42180870116162,3.6998731733417953,,
arima,NPL,2009,2012,3,4.67014192446953,3.6405201708417056,,
arima,NPL,2009,2013,4,3.52515317129149,3.6520047934335773,,
arima,NPL,2009,2014,5,6.01148284250441,3.6497825544478153,,
arima,NZL,2009,2010,1,1.47182504276788,3.3532178812825855,,
arima,NZL,2009,2011,2,2.1445004445998,2.326758963772654,,
arima,NZL,2009,2012,3,2.30256429520961,2.942438404159756,,
arima,NZL,2009,2013,4,2.5648360739867,2.573148248607371,,
arima,NZL,2009,2014,5,3.81933619307242,2.7946518591586025,,
arima,OMN,2009,2010,1,2.47199856582773,6.421978036797703,,
arima,OMN,2009,2011,2,2.89460973541192,8.205819407301002,,
arima,OMN,2009,2012,3,8.86312225557018,8.667665386442508,,
arima,OMN,2009,2013,4,5.22770408145942,8.787239756661869,,
arima,OMN,2009,2014,5,1.29225229411081,8.81819819445088,,
arima,PAK,2009,2010,1,1.50171752152883,4.822945872229155,,
arima,PAK,2009,2011,2,2.68011685421705,4.980064075299884,,
arima,PAK,2009,2012,3,3.02758391088629,5.093624984279778,,
arima,PAK,2009,2013,4,4.36686504978387,5.1757038255362176,,
arima,PAK,2009,2014,5,4.11642817161422,5.235028255417215,,
arima,PAN,2009,2010,1,6.07339353106087,3.18438597487721,,
arima,PAN,2009,2011,2,11.9088772249531,4.667470851568802,,
arima,PAN,2009,2012,3,9.62729346439019,5.180165615249079,,
arima,PAN,2009,2013,4,6.32435388662846,5.357401540742126,,
arima,PAN,2009,2014,5,4.62581375565551,5.4186710826034235,,
arima,PER,2009,2010,1,8.33245910749577,0.05611454982783792,,
arima,PER,2009,2011,2,6.32719240161117,4.587078801821223,,
arima,PER,2009,2012,3,6.13972470560435,2.9680401854584595,,
arima,PER,2009,2013,4,5.85251821084928,3.5465673808828377,,
arima,PER,2009,2014,5,2.38215737180541,3.3398436422004956,,
arima,PHL,2009,2010,1,7.33449996034538,2.482356969470888,,
arima,PHL,2009,2011,2,3.85823282795663,3.671605980692244,,
arima,PHL,2009,2012,3,6.89695171050985,3.943649719884916,,
arima,PHL,2009,2013,4,6.75053130142255,4.005880417859535,,
arima,PHL,2009,2014,5,6.34798748260867,4.020115848463088,,
arima,PRT,2009,2010,1,1.73762453640036,0.5311728318307947,,
arima,PRT,2009,2011,2,-1.71352745905065,3.855337747375357,,
arima,PRT,2009,2012,3,-4.05090267621935,3.5916467186750243,,
arima,PRT,2009,2013,4,-0.984106574148328,3.612564140157902,,
arima,PRT,2009,2014,5,0.741391420706506,3.6109048553363863,,
arima,PRY,2009,2010,1,11.0952312685521,1.5523429708836805,,
arima,PRY,2009,2011,2,4.28637120702282,2.707453066737746,,
arima,PRY,2009,2012,3,-0.708043112316886,3.432786684961889,,
arima,PRY,2009,2013,4,8.29307648940471,3.8882487743457865,,
arima,PRY,2009,2014,5,5.30123864473624,4.174249188022793,,
arima,QAT,2009,2010,1,16.7315558489187,12.520049520702084,,
arima,QAT,2009,2011,2,13.0214050496923,11.907737353813058,,
arima,QAT,2009,2012,3,4.62623675511804,11.374079998055993,,
arima,QAT,2009,2013,4,4.43070196521455,10.90897381733031,,
arima,QAT,2009,2014,5,4.11911527912761,10.503613042264542,,
arima,RUS,2009,2010,1,4.49999999920672,-4.513776207627516,,
arima,RUS,2009,2011,2,4.30002918604238,-3.591211276542948,,
arima,RUS,2009,2012,3,4.0240861571798,-2.8995107608618325,,
arima,RUS,2009,2013,4,1.75542214916291,-2.380902707083922,,
arima,RUS,2009,2014,5,0.736267221403651,-1.9920721260072627,,
arima,RWA,2009,2010,1,7.33465645016436,3.885636876810786,,
arima,RWA,2009,2011,2,7.95838869909085,4.187101784131095,,
arima,RWA,2009,2012,3,8.64150815708138,4.262847585508819,,
arima,RWA,2009,2013,4,4.71984856950924,4.281879407412579,,
arima,RWA,2009,2014,5,5.66845354233575,4.286661325860708,,
arima,SAU,2009,2010,1,5.0395150823517,3.556399571123961,,
arima,SAU,2009,2011,2,11.758820686671,3.96011953293468,,
arima,SAU,2009,2012,3,5.76157382270968,4.2932886504627765,,
arima,SAU,2009,2013,4,2.94563789152025,4.568235820220244,,
arima,SAU,2009,2014,5,4.02467158380668,4.795135440204581,,
arima,SDN,2009,2010,1,3.85824195230107,1.9982206571372758,,
arima,SDN,2009,2011,2,-3.21353209253371,3.658415464248098,,
arima,SDN,2009,2012,3,-17.0046884048945,3.777012325278688,,
arima,SDN,2009,2013,4,1.95514463302422,3.7854843524083157,,
arima,SDN,2009,2014,5,4.66137954229873,3.786089555978304,,
arima,SEN,2009,2010,1,3.39088925336209,2.5275030300520918,,
arima,SEN,2009,2011,2,1.33409107961258,2.7299983021235685,,
arima,SEN,2009,2012,3,4.00299555090457,2.753563731502486,,
arima,SEN,2009,2013,4,2.41238527605579,2.756306163244876,,
arima,SEN,2009,2014,5,6.22407443790986,2.7566253143089514,,
arima,SGP,2009,2010,1,14.5197497108994,5.434059410906022,,
arima,SGP,2009,2011,2,6.21493416858989,7.521924684972817,,
arima,SGP,2009,2012,3,4.43549759378537,7.645186394638443,,
arima,SGP,2009,2013,4,4.81763099120676,7.6524634202484805,,
arima,SGP,2009,2014,5,3.93554027709007,7.652893035429649,,
arima,SLB,2009,2010,1,9.70817235491481,2.108021171566823,,
arima,SLB,2009,2011,2,7.43023752099302,2.2305089272336227,,
arima,SLB,2009,2012,3,2.46591837712438,2.2701962001867853,,
arima,SLB,2009,2013,4,5.23744704670068,2.283055278434112,,
arima,SLB,2009,2014,5,1.18945509547778,2.2872217499769163,,
arima,SLV,2009,2010,1,2.15419536693635,-0.5985551866301693,,
arima,SLV,2009,2011,2,3.80688113429295,0.5761779176451161,,
arima,SLV,2009,2012,3,2.82262371802327,1.2408374747660411,,
arima,SLV,2009,2013,4,2.23562439198375,1.6168993438530812,,
arima,SLV,2009,2014,5,1.70870628357073,1.8296737301777604,,
arima,SWE,2009,2010,1,5.75076477579255,-1.1483432932383555,,
arima,SWE,2009,2011,2,3.16388567406926,1.487958569321361,,
arima,SWE,2009,2012,3,-0.414397702454409,2.2188647964620842,,
arima,SWE,2009,2013,4,1.13766671801426,2.4215062012496156,,
arima,SWE,2009,2014,5,2.29577238758284,2.4776878801154574,,
arima,SYC,2009,2010,1,4.50513204312067,4.522373894715147,,
arima,SYC,2009,2011,2,9.5097833517957,4.5113584549751815,,
arima,SYC,2009,2012,3,3.1106784939243,4.51875516074156,,
arima,SYC,2009,2013,4,1.25373496242949,4.513788381612819,,
arima,SYC,2009,2014,5,4.0636918123521,4.517123500744613,,
arima,TCD,2009,2010,1,13.6738272725339,2.3622641484624047,,
arima,TCD,2009,2011,2,4.49542967058827,2.956656000287685,,
arima,TCD,2009,2012,3,9.06180392253447,3.180000680594234,,
arima,TCD,2009,2013,4,2.83821524730293,3.263923173925952,,
arima,TCD,2009,2014,5,2.06283074361411,3.2954573249849584,,
arima,TGO,2009,2010,1,5.85433399076879,3.365179742554628,,
arima,TGO,2009,2011,2,5.82325622135289,3.4331349541188696,,
arima,TGO,2009,2012,3,6.30271426865185,3.491646379087283,,
arima,TGO,2009,2013,4,5.82425069283059,3.5420264275490227,,
arima,TGO,2009,2014,5,5.63323739145223,3.585405122981196,,
arima,THA,2009,2010,1,7.51339053261624,2.848834116143866,,
arima,THA,2009,2011,2,0.840132083053334,5.7075929724351635,,
arima,THA,2009,2012,3,7.24279620249642,6.191694698773276,,
arima,THA,2009,2013,4,2.68749556320556,6.273672400714729,,
arima,THA,2009,2014,5,0.984468863619426,6.287554490469783,,
arima,TON,2009,2010,1,0.824396914081831,2.658755897694738,,
arima,TON,2009,2011,2,6.70369746238768,0.737832649837089,,
arima,TON,2009,2012,3,0.919761024923076,2.33185130544821,,
arima,TON,2009,2013,4,0.393922530137331,1.0091042996685284,,
arima,TON,2009,2014,5,1.99053769890816,2.1067449296198273,,
arima,TUN,2009,2010,1,2.97113275066512,3.822405012596216,,
arima,TUN,2009,2011,2,-2.04663389535644,3.7641728732815323,,
arima,TUN,2009,2012,3,4.21667711535632,3.716557420338424,,
arima,TUN,2009,2013,4,2.42993096446429,3.6776230554729095,,
arima,TUN,2009,2014,5,3.09032803070775,3.645787072114897,,
arima,TUR,2009,2010,1,8.54219848467686,4.264792477648278,,
arima,TUR,2009,2011,2,10.9799625273598,4.435781269434159,,
arima,TUR,2009,2012,3,4.80762696633448,4.461579934362543,,
arima,TUR,2009,2013,4,8.48825689298511,4.465472418221488,,
arima,TUR,2009,2014,5,4.60079447270559,4.466059713363861,,
arima,TZA,2009,2010,1,6.33652342666889,3.7769525456922226,,
arima,TZA,2009,2011,2,7.67215543486064,2.9375655841773716,,
arima,TZA,2009,2012,3,4.50015356010131,3.694539745034788,,
arima,TZA,2009,2013,4,6.78158560065316,3.0118869204404293,,
arima,TZA,2009,2014,5,6.73246186832483,3.6275154359485495,,
arima,UGA,2009,2010,1,5.63761163749757,6.269767124278219,,
arima,UGA,2009,2011,2,9.3916554927176,6.1177764579531795,,
arima,UGA,2009,2012,3,3.83745560605229,6.053167820892418,,
arima,UGA,2009,2013,4,3.58690582623025,6.025703792450552,,
arima,UGA,2009,2014,5,5.10630732539796,6.014029302899778,,
arima,UKR,2009,2010,1,4.09200436668087,-14.768791327290002,,
arima,UKR,2009,2011,2,5.44528081048476,-10.851487083888827,,
arima,UKR,2009,2012,3,0.152314967200653,-8.218063332090956,,
arima,UKR,2009,2013,4,0.045439094492707,-6.447733476242955,,
arima,UKR,2009,2014,5,-10.0788949840953,-5.2576220115130035,,
arima,URY,2009,2010,1,7.8034096507169,2.6978557250107325,,
arima,URY,2009,2011,2,5.16213302463606,2.3155758932238446,,
arima,URY,2009,2012,3,3.53817872056869,2.2149331282297733,,
arima,URY,2009,2013,4,4.63753862902416,2.188436919684567,,
arima,URY,2009,2014,5,3.23879122952364,2.1814612660713895,,
arima,USA,2009,2010,1,2.69519258673525,1.350259806267068,,
arima,USA,2009,2011,2,1.56440685205419,3.247962606952321,,
arima,USA,2009,2012,3,2.28911339009767,3.147093407393157,,
arima,USA,2009,2013,4,2.11783009443471,3.1524549399872135,,
arima,USA,2009,2014,5,2.52381981757846,3.152169956742747,,
arima,VNM,2009,2010,1,6.42324482239482,5.890676697732028,,
arima,VNM,2009,2011,2,6.41316889681683,6.143689762812307,,
arima,VNM,2009,2012,3,5.5045447041189,6.268936851907301,,
arima,VNM,2009,2013,4,5.55351081026072,6.330936943964966,,
arima,VNM,2009,2014,5,6.42224312118567,6.36162836715839,,
arima,VUT,2009,2010,1,1.25886720329254,2.225406773067785,,
arima,VUT,2009,2011,2,3.13980290023437,2.514644340151252,,
arima,VUT,2009,2012,3,1.01004768692017,2.3549213213271436,,
arima,VUT,2009,2013,4,0.463390415135436,2.443123704577465,,
arima,VUT,2009,2014,5,3.10512947273315,2.3944165084055484,,
arima,ZAF,2009,2010,1,3.03973288127956,0.5654473937343125,,
arima,ZAF,2009,2011,2,3.16855627858818,2.2043921043326495,,
arima,ZAF,2009,2012,3,2.39623238465745,2.79226596910596,,
arima,ZAF,2009,2013,4,2.48546800826588,3.003130727781889,,
arima,ZAF,2009,2014,5,1.41382645223793,3.078765909265256,,
arima,ABW,2014,2015,1,3.61147906591042,2.889057071023757,,
arima,ABW,2014,2016,2,1.23433537363427,3.176950931590566,,
arima,ABW,2014,2017,3,3.49342985290626,3.4345167630814015,,
arima,ABW,2014,2018,4,3.21247111920076,3.6649494559528435,,
arima,ABW,2014,2019,5,1.22914408896015,3.8711073365872313,,
arima,ALB,2014,2015,1,2.2277040745779,3.184621885033763,,
arima,ALB,2014,2016,2,3.90893551362245,2.820291304493848,,
arima,ALB,2014,2017,3,3.28317593330073,2.869265664901255,,
arima,ALB,2014,2018,4,3.67141928098908,2.8626823910685717,,
arima,ALB,2014,2019,5,2.06257790176122,2.8635673335975924,,
arima,AUS,2014,2015,1,2.16434780647852,3.3050350114936693,,
arima,AUS,2014,2016,2,2.75564065529868,3.4831305836397504,,
arima,AUS,2014,2017,3,2.29331030192918,3.5168435139005547,,
arima,AUS,2014,2018,4,2.87417039499501,3.523225265299953,,
arima,AUS,2014,2019,5,2.19401703622717,3.5244333107177988,,
arima,AUT,2014,2015,1,1.30352331826198,1.3241831121595051,,
arima,AUT,2014,2016,2,2.11721964494312,1.4192860136014032,,
arima,AUT,2014,2017,3,2.27224992038207,1.5082215772198597,,
arima,AUT,2014,2018,4,2.48422114080024,1.5913897493388223,,
arima,AUT,2014,2019,5,1.75497619649288,1.6691645401219994,,
arima,BEL,2014,2015,1,1.47416433731927,1.5989599887168953,,
arima,BEL,2014,2016,2,1.19350273007754,1.6754051212282146,,
arima,BEL,2014,2017,3,1.47446761556785,1.7470815868714562,,
arima,BEL,2014,2018,4,1.87796847383565,1.8142868563023922,,
arima,BEL,2014,2019,5,2.4428900448156,1.8772998438813988,,
arima,BEN,2014,2015,1,1.77815106030278,3.213194726206612,,
arima,BEN,2014,2016,2,3.33967342629693,3.3627839389830516,,
arima,BEN,2014,2017,3,5.67156195150444,3.461057405859542,,
arima,BEN,2014,2018,4,6.69725362180888,3.525618707524776,,
arima,BEN,2014,2019,5,6.86568662848335,3.5680326144030987,,
arima,BFA,2014,2015,1,3.9212287937935,4.368402488420549,,
arima,BFA,2014,2016,2,5.95797670754024,4.3572655331071655,,
arima,BFA,2014,2017,3,6.20348941121868,4.358938385735142,,
arima,BFA,2014,2018,4,6.60456906812341,4.3586871109624425,,
arima,BFA,2014,2019,5,5.88920497068135,4.358724854282051,,
arima,BGD,2014,2015,1,6.55263987816197,4.834775618962757,,
arima,BGD,2014,2016,2,7.11347821270093,4.765806524042915,,
arima,BGD,2014,2017,3,6.59024999794057,4.703713996064628,,
arima,BGD,2014,2018,4,7.31941263014136,4.647812406588712,,
arima,BGD,2014,2019,5,7.88191515117722,4.597484487792645,,
arima,BGR,2014,2015,1,3.39755351999294,1.2578108623692321,,
arima,BGR,2014,2016,2,3.02662820096305,1.4215038536743858,,
arima,BGR,2014,2017,3,2.74592737750996,1.51130123287803,,
arima,BGR,2014,2018,4,2.33015054210419,1.5605615539678384,,
arima,BGR,2014,2019,5,3.79331964589196,1.5875843830903673,,
arima,BHR,2014,2015,1,2.50787205267615,4.989212979977988,,
arima,BHR,2014,2016,2,3.81499327422425,5.057180737653643,,
arima,BHR,2014,2017,3,4.95383534123657,5.021985288354685,,
arima,BHR,2014,2018,4,2.05258864979861,5.040210395283572,,
arima,BHR,2014,2019,5,2.05287774418655,5.030772967173251,,
arima,BHS,2014,2015,1,0.997411675486745,3.161158688244457,,
arima,BHS,2014,2016,2,-1.15650811269629,3.3730691771884063,,
arima,BHS,2014,2017,3,3.3713988456489,3.434322225752115,,
arima,BHS,2014,2018,4,2.39795510823548,3.4520275124372892,,
arima,BHS,2014,2019,5,-0.838585871193203,3.4571452524348043,,
arima,BLZ,2014,2015,1,2.7602602736023,4.520644791737206,,
arima,BLZ,2014,2016,2,-0.0187414958130319,4.850445166040064,,
arima,BLZ,2014,2017,3,-1.83323729057784,5.017596672227283,,
arima,BLZ,2014,2018,4,0.822068592512508,5.10231345303663,,
arima,BLZ,2014,2019,5,4.25658710030072,5.145250146306151,,
arima,BOL,2014,2015,1,4.85718718508603,5.254768822222548,,
arima,BOL,2014,2016,2,4.26392086992173,5.010314144740176,,
arima,BOL,2014,2017,3,4.19520633364647,4.805163273637854,,
arima,BOL,2014,2018,4,2.86808404814794,4.632996881292688,,
arima,BOL,2014,2019,5,1.50672102666863,4.488511671486458,,
arima,BRA,2014,2015,1,-3.54576339269425,2.5694482792953197,,
arima,BRA,2014,2016,2,-3.27591690782192,3.0525497958060512,,
arima,BRA,2014,2017,3,1.32286905404399,3.408653529771329,,
arima,BRA,2014,2018,4,1.783666761634,3.6711446729577877,,
arima,BRA,2014,2019,5,1.22077782360842,3.864632114058453,,
arima,BRN,2014,2015,1,-0.392383749502031,0.5632462554615378,,
arima,BRN,2014,2016,2,-2.47791771833224,1.0198273296573668,,
arima,BRN,2014,2017,3,1.32872661057823,0.8157496720254047,,
arima,BRN,2014,2018,4,0.0523710418528935,0.9069660905287383,,
arima,BRN,2014,2019,5,3.86884436177075,0.8661951648864,,
arima,BTN,2014,2015,1,6.66080128866197,6.487380026806092,,
arima,BTN,2014,2016,2,8.47594339232963,6.553504639922512,,
arima,BTN,2014,2017,3,2.08684522733067,6.5880576212858735,,
arima,BTN,2014,2018,4,3.50187185732737,6.606113054275625,,
arima,BTN,2014,2019,5,5.75514851246506,6.615547801946722,,
arima,BWA,2014,2015,1,-4.85132507409779,7.117427284315534,,
arima,BWA,2014,2016,2,7.20442475914267,7.423018859777006,,
arima,BWA,2014,2017,3,4.11437856445083,7.644094293391671,,
arima,BWA,2014,2018,4,4.18869237159223,7.804027849394017,,
arima,BWA,2014,2019,5,3.0317733945467,7.919729272737775,,
arima,CAF,2014,2015,1,4.33712103020231,6.379099802814119,,
arima,CAF,2014,2016,2,4.75031684122342,4.863278320821601,,
arima,CAF,2014,2017,3,4.52727821346231,3.8128189810711217,,
arima,CAF,2014,2018,4,3.78944359275462,3.084854087066236,,
arima,CAF,2014,2019,5,3.09999999999999,2.580376791420103,,
arima,CAN,2014,2015,1,0.64997101491096,3.116848082021648,,
arima,CAN,2014,2016,2,1.03855091989323,3.2060178572376374,,
arima,CAN,2014,2017,3,3.03383491841392,3.238250894403972,,
arima,CAN,2014,2018,4,2.74296341402246,3.2499024734558386,,
arima,CAN,2014,2019,5,1.90843193887251,3.2541142793027817,,
arima,CHE,2014,2015,1,1.45450336491099,2.5492184908163193,,
arima,CHE,2014,2016,2,1.91159094214852,2.423976866365603,,
arima,CHE,2014,2017,3,1.42034612231261,2.4147811655420517,,
arima,CHE,2014,2018,4,3.32743256101493,2.4141059833571585,,
arima,CHE,2014,2019,5,1.11532187197474,2.414056408997189,,
arima,CHL,2014,2015,1,2.15194249981184,5.7934541305832745,,
arima,CHL,2014,2016,2,1.753038749071,3.329759111498058,,
arima,CHL,2014,2017,3,1.35769537343957,4.868029345526352,,
arima,CHL,2014,2018,4,3.99002947789977,3.907571458260714,,
arima,CHL,2014,2019,5,0.644223402631923,4.507257607550011,,
arima,CHN,2014,2015,1,6.98162255562367,7.300278516839095,,
arima,CHN,2014,2016,2,6.7736886867727,7.458922496724554,,
arima,CHN,2014,2017,3,6.89123916636191,7.517315806289591,,
arima,CHN,2014,2018,4,6.757806142324,7.5388090807549695,,
arima,CHN,2014,2019,5,6.06737806333672,7.5467202755593945,,
arima,CIV,2014,2015,1,7.19494942728191,6.347038909034256,,
arima,CIV,2014,2016,2,7.17275963956332,6.016241518786322,,
arima,CIV,2014,2017,3,7.41076242592504,5.743576155202012,,
arima,CIV,2014,2018,4,4.84314605889178,5.518827101278578,,
arima,CIV,2014,2019,5,6.72137167584978,5.333573878883649,,
arima,CMR,2014,2015,1,5.66695298703932,4.28396711746887,,
arima,CMR,2014,2016,2,4.53579423678801,4.134618319167284,,
arima,CMR,2014,2017,3,3.54117654926007,4.0189813856214975,,
arima,CMR,2014,2018,4,3.95551423892049,3.9294466819483507,,
arima,CMR,2014,2019,5,3.47505998194981,3.8601222635637704,,
arima,COG,2014,2015,1,0.415193061293763,5.307264706731973,,
arima,COG,2014,2016,2,-8.68524343913786,4.880607655345726,,
arima,COG,2014,2017,3,-5.59477371915547,4.697278066911717,,
arima,COG,2014,2018,4,-2.30431780125842,4.6185034682353745,,
arima,COG,2014,2019,5,1.12447391976529,4.584654936475579,,
arima,COL,2014,2015,1,2.95590137527523,4.390387980733171,,
arima,COL,2014,2016,2,2.08738250162794,4.325792803145868,,
arima,COL,2014,2017,3,1.35936086788746,4.293179372562349,,
arima,COL,2014,2018,4,2.56432428277704,4.276713192049285,,
arima,COL,2014,2019,5,3.18685539245533,4.268399589467842,,
arima,COM,2014,2015,1,1.14735632260047,2.8180004357970665,,
arima,COM,2014,2016,2,3.3204465548877,2.5595244294789326,,
arima,COM,2014,2017,3,3.81576287489548,2.6739502357322213,,
arima,COM,2014,2018,4,3.64245114733689,2.623294604970889,,
arima,COM,2014,2019,5,1.76078023564568,2.6457195544805168,,
arima,CRI,2014,2015,1,3.65208093006359,5.4766837013455705,,
arima,CRI,2014,2016,2,4.20432320775184,4.394435163908327,,
arima,CRI,2014,2017,3,4.15769914676933,4.71941657363347,,
arima,CRI,2014,2018,4,2.85285959760458,4.621830009167389,,
arima,CRI,2014,2019,5,2.70813912948329,4.651133647096546,,
arima,CYP,2014,2015,1,3.41892038889013,-2.0977163012488846,,
arima,CYP,2014,2016,2,6.57359080924678,-1.6489797241839677,,
arima,CYP,2014,2017,3,5.75083236554525,-1.225256256890627,,
arima,CYP,2014,2018,4,6.27166360056404,-0.8251516389220379,,
arima,CYP,2014,2019,5,5.87559583386607,-0.44734932756465096,,
arima,DEU,2014,2015,1,1.66300602334775,2.574703601573462,,
arima,DEU,2014,2016,2,2.22222216259371,2.4624513517555995,,
arima,DEU,2014,2017,3,2.797906720551,2.4683020207905346,,
arima,DEU,2014,2018,4,1.13569604599849,2.467997079658291,,
arima,DEU,2014,2019,5,0.977734697038784,2.4680129734122493,,
arima,DNK,2014,2015,1,2.10441456445301,1.3489139881296581,,
arima,DNK,2014,2016,2,3.07304549209093,1.4328807042131648,,
arima,DNK,2014,2017,3,3.05647723922718,1.5111680527225322,,
arima,DNK,2014,2018,4,1.8600074900921,1.5841601765365898,,
arima,DNK,2014,2019,5,1.71140093932736,1.6522152357553757,,
arima,DOM,2014,2015,1,6.98771131236387,5.2983621373476595,,
arima,DOM,2014,2016,2,6.71974078681295,5.222165957362186,,
arima,DOM,2014,2017,3,3.93386176401576,5.2336103865067525,,
arima,DOM,2014,2018,4,7.09751640210159,5.231891468859307,,
arima,DOM,2014,2019,5,4.8940301149584,5.2321496449414315,,
arima,DZA,2014,2015,1,3.20000000089023,4.136399059195416,,
arima,DZA,2014,2016,2,3.90000000017621,3.9895244570898627,,
arima,DZA,2014,2017,3,1.49999999895587,3.9667452315566405,,
arima,DZA,2014,2018,4,1.40000000088281,3.9632123326860755,,
arima,DZA,2014,2019,5,0.899999999219148,3.962664404732536,,
arima,ECU,2014,2015,1,0.119692109287612,4.723789598721756,,
arima,ECU,2014,2016,2,-0.687954245877947,4.570176572969307,,
arima,ECU,2014,2017,3,5.97039880954841,4.462776652168744,,
arima,ECU,2014,2018,4,1.04429460679607,4.387687037004496,,
arima,ECU,2014,2019,5,0.1654044646003,4.335187460994703,,
arima,EGY,2014,2015,1,4.37201907781687,4.156042144131617,,
arima,EGY,2014,2016,2,4.34664345601914,4.718234406274945,,
arima,EGY,2014,2017,3,4.18122099961562,4.981044301564089,,
arima,EGY,2014,2018,4,5.33110861887155,5.1039009214659155,,
arima,EGY,2014,2019,5,5.55209307084222,5.161333116083609,,
arima,ESP,2014,2015,1,4.06086672473866,1.7489827834284992,,
arima,ESP,2014,2016,2,2.91515598595787,2.0977302546608705,,
arima,ESP,2014,2017,3,2.89604207865007,2.390675249488572,,
arima,ESP,2014,2018,4,2.39541124478878,2.6367466251213485,,
arima,ESP,2014,2019,5,1.96117850841711,2.84344454785398,,
arima,FIN,2014,2015,1,0.466503766322674,1.8251080106257254,,
arima,FIN,2014,2016,2,2.57193414898754,2.962419911622823,,
arima,FIN,2014,2017,3,3.30337003591039,2.9863642766394953,,
arima,FIN,2014,2018,4,1.19297759742292,2.986868388673801,,
arima,FIN,2014,2019,5,1.34973845741737,2.986879001982734,,
arima,FJI,2014,2015,1,4.50120064471365,2.9672304789620987,,
arima,FJI,2014,2016,2,2.44565202449249,3.258086669684995,,
arima,FJI,2014,2017,3,5.35336434979577,3.1662074572697008,,
arima,FJI,2014,2018,4,3.812350939512,3.195231387113083,,
arima,FJI,2014,2019,5,-0.581946590349759,3.186062953020005,,
arima,FRA,2014,2015,1,1.06675474783462,1.2586791922580167,,
arima,FRA,2014,2016,2,0.860031075424033,1.3814216899617782,,
arima,FRA,2014,2017,3,2.08361485997399,1.4957925424924723,,
arima,FRA,2014,2018,4,1.64590872395887,1.602362737439686,,
arima,FRA,2014,2019,5,2.02744646419237,1.7016643182164768,,
arima,GAB,2014,2015,1,3.8788993950789,4.453043722440483,,
arima,GAB,2014,2016,2,2.09144220829562,4.476305427375737,,
arima,GAB,2014,2017,3,0.472642030911146,4.484463142241357,,
arima,GAB,2014,2018,4,0.83791658082157,4.487323994961053,,
arima,GAB,2014,2019,5,3.92080879452831,4.488327275710454,,
arima,GBR,2014,2015,1,2.14040560033371,4.160317543208398,,
arima,GBR,2014,2016,2,2.20652020635357,1.4209541851969225,,
arima,GBR,2014,2017,3,3.02322219840339,3.051609347613031,,
arima,GBR,2014,2018,4,1.55133095078786,2.080932620504978,,
arima,GBR,2014,2019,5,1.25629899760824,2.6587453489503616,,
arima,GEO,2014,2015,1,3.35102350265353,3.5359585679119387,,
arima,GEO,2014,2016,2,3.45021517996871,3.210708847589216,,
arima,GEO,2014,2017,3,5.15990261658827,3.0079595137394732,,
arima,GEO,2014,2018,4,6.062036412677,2.881572649099815,,
arima,GEO,2014,2019,5,5.38071926589951,2.802787484926199,,
arima,GHA,2014,2015,1,2.12075933817334,3.188041299344772,,
arima,GHA,2014,2016,2,3.37346574966936,3.4416070001691046,,
arima,GHA,2014,2017,3,8.12889488100956,3.5217537662467318,,
arima,GHA,2014,2018,4,6.20007768127284,3.547086467364507,,
arima,GHA,2014,2019,5,6.5077747939152,3.5550935994963377,,
arima,GMB,2014,2015,1,4.0580738039996,4.513039019810746,,
arima,GMB,2014,2016,2,1.94335965478776,4.047420711003757,,
arima,GMB,2014,2017,3,4.8226112492757,3.822410920805154,,
arima,GMB,2014,2018,4,7.23489033258579,3.7136750641440566,,
arima,GMB,2014,2019,5,6.22205315994859,3.661128521554124,,
arima,GNB,2014,2015,1,6.1340893623123,5.511214895378589,,
arima,GNB,2014,2016,2,5.4326782650304,3.327832661988272,,
arima,GNB,2014,2017,3,4.66367943913264,3.286850678308184,,
arima,GNB,2014,2018,4,3.76145359637003,3.286081448367283,,
arima,GNB,2014,2019,5,5.32749571119344,3.28606700995682,,
arima,GRC,2014,2015,1,-0.228301892172851,-0.6235934189665873,,
arima,GRC,2014,2016,2,-0.0317947678412054,-0.13945710465556793,,
arima,GRC,2014,2017,3,1.47312472702352,0.28284148087430383,,
arima,GRC,2014,2018,4,2.06467207892409,0.651200742654372,,
arima,GRC,2014,2019,5,2.27718065334808,0.9725102387989164,,
arima,GTM,2014,2015,1,4.09217170075418,4.132750472284259,,
arima,GTM,2014,2016,2,2.6778031930216,4.075520004343971,,
arima,GTM,2014,2017,3,3.0798512212244,4.034901408365436,,
arima,GTM,2014,2018,4,3.40687328176345,4.006072877014114,,
arima,GTM,2014,2019,5,4.01789830861587,3.985612193924197,,
arima,HKG,2014,2015,1,2.38780116013344,5.450846932909908,,
arima,HKG,2014,2016,2,2.17544820327555,6.497777642321656,,
arima,HKG,2014,2017,3,3.79610937243891,6.223747036511288,,
arima,HKG,2014,2018,4,2.84690922660509,6.295473629537669,,
arima,HKG,2014,2019,5,-1.67242865968056,6.276699434108082,,
arima,HND,2014,2015,1,3.84007997093951,3.927677765884658,,
arima,HND,2014,2016,2,3.89297219726413,4.436535188800882,,
arima,HND,2014,2017,3,4.84291391050387,4.857549636296524,,
arima,HND,2014,2018,4,3.84499476966735,5.205885254521835,,
arima,HND,2014,2019,5,2.55963434592314,5.494088435306184,,
arima,HTI,2014,2015,1,1.40000000859727,1.8388186480031359,,
arima,HTI,2014,2016,2,1.81246807847532,1.760672922153522,,
arima,HTI,2014,2017,3,2.51027134544685,1.7031308145797828,,
arima,HTI,2014,2018,4,1.66781095484656,1.660760050113409,,
arima,HTI,2014,2019,5,-1.72309699839232,1.6295606075284415,,
arima,HUN,2014,2015,1,3.65981615406955,2.6273229344861417,,
arima,HUN,2014,2016,2,2.43864141309342,2.7747573585971943,,
arima,HUN,2014,2017,3,4.12418389451805,2.9013212131754154,,
arima,HUN,2014,2018,4,5.60613813768876,3.009968901001913,,
arima,HUN,2014,2019,5,5.07718495088933,3.1032366045605824,,
arima,IDN,2014,2015,1,4.87632230022123,5.174865581383956,,
arima,IDN,2014,2016,2,5.03306918280177,5.252901771890894,,
arima,IDN,2014,2017,3,5.06978590134916,5.271673530536539,,
arima,IDN,2014,2018,4,5.17429153955024,5.276189113887818,,
arima,IDN,2014,2019,5,5.01928768046282,5.277275346317461,,
arima,IND,2014,2015,1,7.99625378567987,4.866825867644708,,
arima,IND,2014,2016,2,8.25630550176662,5.284209635433379,,
arima,IND,2014,2017,3,6.79538341902422,4.934146970385591,,
arima,IND,2014,2018,4,6.45385134495295,5.227746958975483,,
arima,IND,2014,2019,5,3.87143694070524,4.981502609301069,,
arima,IRL,2014,2015,1,24.6239856364006,7.550443100840156,,
arima,IRL,2014,2016,2,1.22271661130947,3.6949672860168774,,
arima,IRL,2014,2017,3,10.1088576065965,4.697624645558763,,
arima,IRL,2014,2018,4,7.68865937437435,4.436872969519632,,
arima,IRL,2014,2019,5,4.97288003766816,4.504684207237252,,
arima,IRN,2014,2015,1,-1.42488493937503,5.3563712699415955,,
arima,IRN,2014,2016,2,8.8150866425182,4.661209056202502,,
arima,IRN,2014,2017,3,3.02685468694025,4.483077981845839,,
arima,IRN,2014,2018,4,-3.74796015711334,4.437432981262755,,
arima,IRN,2014,2019,5,-2.36143538770575,4.425736728457036,,
arima,IRQ,2014,2015,1,2.60676642939541,9.70681534541374,,
arima,IRQ,2014,2016,2,13.7873730187089,7.9117714888844315,,
arima,IRQ,2014,2017,3,-1.81975035118309,7.84884234888889,,
arima,IRQ,2014,2018,4,2.63385099105624,7.84663623194853,,
arima,IRQ,2014,2019,5,5.5137905789381,7.846558891753592,,
arima,ISL,2014,2015,1,3.76859020213645,2.36267370581937,,
arima,ISL,2014,2016,2,6.21808764670307,3.760803743975246,,
arima,ISL,2014,2017,3,3.48506704155555,3.6062640368698804,,
arima,ISL,2014,2018,4,4.66077036232377,3.623345796377539,,
arima,ISL,2014,2019,5,1.13821227336888,3.6214576958152764,,
arima,ISR,2014,2015,1,2.23599889603805,4.586574460180864,,
arima,ISR,2014,2016,2,4.53601939236572,5.210131825306128,,
arima,ISR,2014,2017,3,4.34394518932547,5.330584811496912,,
arima,ISR,2014,2018,4,4.05349952888294,5.353852794033471,,
arima,ISR,2014,2019,5,3.57898762923605,5.358347485518031,,
arima,ITA,2014,2015,1,0.885667635240807,-0.4700350503804809,,
arima,ITA,2014,2016,2,1.23622108511661,-0.4174444623895117,,
arima,ITA,2014,2017,3,1.60369995294101,-0.3657726358319455,,
arima,ITA,2014,2018,4,0.826646712344115,-0.31500351987808495,,
arima,ITA,2014,2019,5,0.429162533780342,-0.26512134410740673,,
arima,JPN,2014,2015,1,1.79997735783475,1.3796358512879379,,
arima,JPN,2014,2016,2,0.704986495111257,1.482526305167735,,
arima,JPN,2014,2017,3,1.62345062245441,1.5822606854482464,,
arima,JPN,2014,2018,4,0.834143845965585,1.6789358018935316,,
arima,JPN,2014,2019,5,-0.308496921143259,1.7726454947138293,,
arima,KEN,2014,2015,1,4.96772112759767,4.098815175210226,,
arima,KEN,2014,2016,2,4.21351706814744,4.970668513377419,,
arima,KEN,2014,2017,3,3.83795817364721,4.320451640322436,,
arima,KEN,2014,2018,4,5.64794640709219,4.805374922137437,,
arima,KEN,2014,2019,5,5.11415885767801,4.443725449490875,,
arima,KGZ,2014,2015,1,3.87582544512439,2.6870245609210737,,
arima,KGZ,2014,2016,2,4.33585592190116,2.336368425380274,,
arima,KGZ,2014,2017,3,4.73993722377884,2.1540640510629507,,
arima,KGZ,2014,2018,4,3.75791013557165,2.0592849169577567,,
arima,KGZ,2014,2019,5,4.60062565707598,2.010009718294151,,
arima,KHM,2014,2015,1,7.20703472529512,5.6645621064288445,,
arima,KHM,2014,2016,2,7.90550116130704,5.25364748013814,,
arima,KHM,2014,2017,3,8.07503915535979,4.952573888540253,,
arima,KHM,2014,2018,4,8.77622376224463,4.7319798727567335,,
arima,KHM,2014,2019,5,7.93695013588524,4.570352545892102,,
arima,KOR,2014,2015,1,2.92029267301234,4.505396963717706,,
arima,KOR,2014,2016,2,3.17152748983935,4.671385856013141,,
arima,KOR,2014,2017,3,3.433191763972,4.827234975053631,,
arima,KOR,2014,2018,4,3.17611568177327,4.9735637297661235,,
arima,KOR,2014,2019,5,2.31380210595475,5.110953691207904,,
arima,KWT,2014,2015,1,0.592770817217982,3.4429669035368704,,
arima,KWT,2014,2016,2,2.92607584256388,2.744938342006539,,
arima,KWT,2014,2017,3,-4.71222270495362,3.182017589614957,,
arima,KWT,2014,2018,4,2.74333045031415,2.90833499377516,,
arima,KWT,2014,2019,5,2.26381706595791,3.079704748059891,,
arima,LBY,2014,2015,1,-0.842656252118843,7.579038427800555,,
arima,LBY,2014,2016,2,-1.4909411172622,5.768144274124566,,
arima,LBY,2014,2017,3,32.4918021862688,6.471106833262624,,
arima,LBY,2014,2018,4,7.9413678529104,6.1982270746379555,,
arima,LBY,2014,2019,5,-11.1960828853386,6.304154995974706,,
arima,LKA,2014,2015,1,4.20595547501601,5.235948284408263,,
arima,LKA,2014,2016,2,5.05362488993089,5.014297281755463,,
arima,LKA,2014,2017,3,6.46068127080994,4.940220395059704,,
arima,LKA,2014,2018,4,2.31008425504933,4.915463524678514,,
arima,LKA,2014,2019,5,-0.220483886824823,4.9071896533212,,
arima,LUX,2014,2015,1,2.26836572735107,3.4184634275193053,,
arima,LUX,2014,2016,2,4.97819047122638,3.6338440467856565,,
arima,LUX,2014,2017,3,1.31711942298405,3.6394509220461946,,
arima,LUX,2014,2018,4,1.61129891211624,3.63959688248727,,
arima,LUX,2014,2019,5,2.74932091920692,3.639600682188417,,
arima,MAC,2014,2015,1,-21.7540078753246,3.758370545574271,,
arima,MAC,2014,2016,2,-0.701510212552961,6.833367615931929,,
arima,MAC,2014,2017,3,9.91855844513513,7.393562975754078,,
arima,MAC,2014,2018,4,6.35917030567686,7.495617980681208,,
arima,MAC,2014,2019,5,-2.4609094006739,7.514210109030833,,
arima,MAR,2014,2015,1,4.34458297635238,5.541411564747343,,
arima,MAR,2014,2016,2,0.52118550608968,4.358657468738507,,
arima,MAR,2014,2017,3,5.05789816173446,5.025130352811434,,
arima,MAR,2014,2018,4,3.06564133025955,4.6495779816944145,,
arima,MAR,2014,2019,5,2.89097476137077,4.861198869538642,,
arima,MDG,2014,2015,1,3.13229807490305,1.7846766499728508,,
arima,MDG,2014,2016,2,3.99314606199499,1.8305360170795106,,
arima,MDG,2014,2017,3,3.93330759462793,1.8571263418178314,,
arima,MDG,2014,2018,4,3.19435651744398,1.872544028853174,,
arima,MDG,2014,2019,5,4.41123212909589,1.8814835614034178,,
arima,MEX,2014,2015,1,2.70232343024026,3.1519327357419042,,
arima,MEX,2014,2016,2,1.7724932254128,3.4346089306422187,,
arima,MEX,2014,2017,3,1.87172854648381,3.614432976209618,,
arima,MEX,2014,2018,4,1.97208211101069,3.7288277782750323,,
arima,MEX,2014,2019,5,-0.392690513290532,3.8015998633334824,,
arima,MLI,2014,2015,1,6.23887890181064,2.917185091444841,,
arima,MLI,2014,2016,2,6.00506308559498,3.6418793082742607,,
arima,MLI,2014,2017,3,5.37554769647939,3.4650783066696835,,
arima,MLI,2014,2018,4,4.86784999935264,3.508211801380239,,
arima,MLI,2014,2019,5,4.99999911699705,3.4976886801928,,
arima,MLT,2014,2015,1,9.62070302842181,6.40526636139473,,
arima,MLT,2014,2016,2,4.07800422216982,6.128445972584425,,
arima,MLT,2014,2017,3,12.9713425287845,5.953346861221905,,
arima,MLT,2014,2018,4,7.18921425536917,5.842590211642333,,
arima,MLT,2014,2019,5,4.0850557312243,5.7725325435557435,,
arima,MNG,2014,2015,1,2.37983580731722,5.8524380837645325,,
arima,MNG,2014,2016,2,1.48978448679577,5.460272244767854,,
arima,MNG,2014,2017,3,5.63687638694772,5.264525043448415,,
arima,MNG,2014,2018,4,7.74488062024881,5.166819014482652,,
arima,MNG,2014,2019,5,5.60224422064255,5.118049642395028,,
arima,MRT,2014,2015,1,5.37633923694936,3.3612255189253375,,
arima,MRT,2014,2016,2,1.26090922448303,3.383721380192062,,
arima,MRT,2014,2017,3,6.27054569386574,3.3971277632157846,,
arima,MRT,2014,2018,4,4.77217363890155,3.4051172819831597,,
arima,MRT,2014,2019,5,3.14100489264639,3.409878626636769,,
arima,MUS,2014,2015,1,3.71766362108832,4.815067610412008,,
arima,MUS,2014,2016,2,3.88576121076034,4.81673171008825,,
arima,MUS,2014,2017,3,3.95441730960265,4.815214655722017,,
arima,MUS,2014,2018,4,4.11669369456492,4.816597658184527,,
arima,MUS,2014,2019,5,2.86394938684734,4.815336862359485,,
arima,MYS,2014,2015,1,5.09153242155011,7.188877484220472,,
arima,MYS,2014,2016,2,4.44978139761541,6.007809126217308,,
arima,MYS,2014,2017,3,5.81272240983328,6.750522474061233,,
arima,MYS,2014,2018,4,4.84308697634881,6.283468121679664,,
arima,MYS,2014,2019,5,4.41318742129586,6.577174662314514,,
arima,NER,2014,2015,1,4.39264883207291,4.525554273258931,,
arima,NER,2014,2016,2,4.28137558478143,1.036829311144611,,
arima,NER,2014,2017,3,5.53198531271451,3.766509571439637,,
arima,NER,2014,2018,4,6.89458420864513,1.6307280454208601,,
arima,NER,2014,2019,5,6.07881528959186,3.3018258634451874,,
arima,NIC,2014,2015,1,4.79226768332697,3.5723356688405277,,
arima,NIC,2014,2016,2,4.56314739524967,2.7711881636638687,,
arima,NIC,2014,2017,3,4.63120757580209,2.8785489132926334,,
arima,NIC,2014,2018,4,-3.3633566598573,2.864161636934195,,
arima,NIC,2014,2019,5,-2.89686986728901,2.866089657386081,,
arima,NLD,2014,2015,1,2.12064007193544,1.8033723178314278,,
arima,NLD,2014,2016,2,2.42428065449427,2.0928050534265736,,
arima,NLD,2014,2017,3,2.78150834679987,2.2982283167450444,,
arima,NLD,2014,2018,4,2.25873158164956,2.444026327552768,,
arima,NLD,2014,2019,5,2.3001616053659,2.5475056492814554,,
arima,NOR,2014,2015,1,2.04428845501438,2.7073887691401612,,
arima,NOR,2014,2016,2,1.29158732771135,3.013265744946256,,
arima,NOR,2014,2017,3,2.66964474273466,3.168004310518851,,
arima,NOR,2014,2018,4,1.1103912365576,3.246284225547968,,
arima,NOR,2014,2019,5,1.46970781954143,3.2858848582298763,,
arima,NPL,2014,2015,1,3.97605327162971,3.1574067148192944,,
arima,NPL,2014,2016,2,0.433113719381524,3.8429782727574873,,
arima,NPL,2014,2017,3,8.97727935643466,3.6976015995244067,,
arima,NPL,2014,2018,4,7.62237610397933,3.7284289827138113,,
arima,NPL,2014,2019,5,6.65705543110468,3.721891981053423,,
arima,NZL,2014,2015,1,3.72968312125018,2.5802642801108546,,
arima,NZL,2014,2016,2,3.7435247472109,2.737410530449357,,
arima,NZL,2014,2017,3,3.31568621648204,2.6447007302689984,,
arima,NZL,2014,2018,4,3.32219666491432,2.6993956850068153,,
arima,NZL,2014,2019,5,2.32371708441623,2.6671279197009676,,
arima,OMN,2014,2015,1,5.01705799719045,4.64774425934787,,
arima,OMN,2014,2016,2,5.04642394571691,7.393569865391697,,
arima,OMN,2014,2017,3,0.304057565922449,8.111541753035896,,
arima,OMN,2014,2018,4,1.28710391543288,8.29927531860275,,
arima,OMN,2014,2019,5,-1.12863801728058,8.348363440640629,,
arima,PAK,2014,2015,1,4.21794209572506,4.553846656437721,,
arima,PAK,2014,2016,2,6.57383828511043,4.708731347288528,,
arima,PAK,2014,2017,3,4.43262590683975,4.82572038133841,,
arima,PAK,2014,2018,4,6.15170261099519,4.914085693705583,,
arima,PAK,2014,2019,5,2.49763692943365,4.9808306539761205,,
arima,PAN,2014,2015,1,5.26691719595516,5.140486415330664,,
arima,PAN,2014,2016,2,4.57196707937275,5.524081028431195,,
arima,PAN,2014,2017,3,5.7440594635578,5.646193042906068,,
arima,PAN,2014,2018,4,3.91824253321265,5.685065705789903,,
arima,PAN,2014,2019,5,3.10295395631086,5.69744027782672,,
arima,PER,2014,2015,1,3.25224477218451,2.8772812402127124,,
arima,PER,2014,2016,2,3.95331871520767,3.7046090850651785,,
arima,PER,2014,2017,3,2.51883544233135,3.683859316661269,,
arima,PER,2014,2018,4,3.969351341365,3.684379730535279,,
arima,PER,2014,2019,5,2.24063176875049,3.684366678312479,,
arima,PHL,2014,2015,1,6.34830971672761,5.1814095142313565,,
arima,PHL,2014,2016,2,7.14945675000752,4.551086285136259,,
arima,PHL,2014,2017,3,6.9309883258402,4.361945953943714,,
arima,PHL,2014,2018,4,6.34148557153473,4.3051908428636665,,
arima,PHL,2014,2019,5,6.11852566221303,4.288160405127839,,
arima,PRT,2014,2015,1,1.58979803702681,1.493208741502036,,
arima,PRT,2014,2016,2,2.00414129666575,2.059654142111463,,
arima,PRT,2014,2017,3,3.31472008175986,2.4411485883903303,,
arima,PRT,2014,2018,4,2.94628343449202,2.6980806993846778,,
arima,PRT,2014,2019,5,2.74568432648596,2.871121513750181,,
arima,PRY,2014,2015,1,2.95715168367079,5.261841598936405,,
arima,PRY,2014,2016,2,4.26802583314583,5.126255599089205,,
arima,PRY,2014,2017,3,4.81007885554041,5.039769825420246,,
arima,PRY,2014,2018,4,3.20425034076639,4.984603443525743,,
arima,PRY,2014,2019,5,-0.40185510068001,4.949414653945402,,
arima,QAT,2014,2015,1,4.75334572438737,6.324940463020779,,
arima,QAT,2014,2016,2,3.06419188430156,6.45195916070848,,
arima,QAT,2014,2017,3,-1.49760470227838,6.55360404464356,,
arima,QAT,2014,2018,4,1.23487220191065,6.634943899470117,,
arima,QAT,2014,2019,5,0.688240954592672,6.700034947116263,,
arima,RUS,2014,2015,1,-1.9727192264298,0.9759310496052203,,
arima,RUS,2014,2016,2,0.193671130698817,0.8423020028271486,,
arima,RUS,2014,2017,3,1.82670527549192,0.7351069416651541,,
arima,RUS,2014,2018,4,2.80634082046656,0.6491167964491416,,
arima,RUS,2014,2019,5,2.19807571381982,0.5801368920196215,,
arima,RWA,2014,2015,1,8.87036752872743,4.418054659592504,,
arima,RWA,2014,2016,2,5.65874584202778,4.511022322660048,,
arima,RWA,2014,2017,3,4.70393439751061,4.527266074153688,,
arima,RWA,2014,2018,4,8.07084254621641,4.530104259538593,,
arima,RWA,2014,2019,5,9.28613387454543,4.530600160764505,,
arima,SAU,2014,2015,1,4.65512316652699,5.090825848169665,,
arima,SAU,2014,2016,2,1.70404739202878,5.251997647128605,,
arima,SAU,2014,2017,3,1.18210705878283,5.384691792950604,,
arima,SAU,2014,2018,4,3.2269508901591,5.493940038916485,,
arima,SAU,2014,2019,5,1.65158925617395,5.583885071326823,,
arima,SDN,2014,2015,1,1.91017689052751,3.439605455436619,,
arima,SDN,2014,2016,2,3.46764218409288,3.2990864180183603,,
arima,SDN,2014,2017,3,0.70925628476644,3.293368925506822,,
arima,SDN,2014,2018,4,-2.6809305497999,3.2931362899777143,,
arima,SDN,2014,2019,5,-2.17825104530091,3.2931268244140437,,
arima,SEN,2014,2015,1,6.36704365066983,1.5110077910616018,,
arima,SEN,2014,2016,2,6.35606857208136,2.664316157698595,,
arima,SEN,2014,2017,3,7.40748618589598,2.78688309495634,,
arima,SEN,2014,2018,4,6.20924103388887,2.7999087995669374,,
arima,SEN,2014,2019,5,4.6136280976221,2.8012930960534015,,
arima,SGP,2014,2015,1,2.97679931634806,6.970093863109627,,
arima,SGP,2014,2016,2,3.91095306322606,7.7594760749226594,,
arima,SGP,2014,2017,3,4.32679370770501,7.576146467692714,,
arima,SGP,2014,2018,4,3.18660848474074,7.618723744434094,,
arima,SGP,2014,2019,5,1.15877947300108,7.608835409854081,,
arima,SLB,2014,2015,1,1.67578612030815,1.6510301595776111,,
arima,SLB,2014,2016,2,5.55494348257992,2.276365143863754,,
arima,SLB,2014,2017,3,3.07546176144591,2.513371574879456,,
arima,SLB,2014,2018,4,2.74585244829055,2.603198707143492,,
arima,SLB,2014,2019,5,1.74925244485951,2.6372438326542262,,
arima,SLV,2014,2015,1,2.40000008852115,1.9146412249138405,,
arima,SLV,2014,2016,2,2.53906241135864,2.066316261370808,,
arima,SLV,2014,2017,3,2.24761908134138,2.1495561662575042,,
arima,SLV,2014,2018,4,2.4124442237792,2.195238579971722,,
arima,SLV,2014,2019,5,2.43747159065784,2.2203092828467135,,
arima,SWE,2014,2015,1,4.38824673608589,2.547912416352958,,
arima,SWE,2014,2016,2,2.13117914731151,2.5557920029342918,,
arima,SWE,2014,2017,3,1.88282184966646,2.555360121513906,,
arima,SWE,2014,2018,4,1.7702553546772,2.5553837930047067,,
arima,SWE,2014,2019,5,2.60823012869524,2.5553824955664513,,
arima,SYC,2014,2015,1,8.9140088750469,4.960178500278758,,
arima,SYC,2014,2016,2,12.1175272453913,4.848801466533253,,
arima,SYC,2014,2017,3,6.95416218794271,4.7681611292861685,,
arima,SYC,2014,2018,4,4.93947272254312,4.70977508889132,,
arima,SYC,2014,2019,5,5.5142920737342,4.667501831742805,,
arima,TCD,2014,2015,1,3.30415979779805,3.3616194953985543,,
arima,TCD,2014,2016,2,-4.12250332637034,3.515412776737777,,
arima,TCD,2014,2017,3,-1.61746922820204,3.5783621760528392,,
arima,TCD,2014,2018,4,5.74111580758154,3.6041281057450907,,
arima,TCD,2014,2019,5,5.38282202874814,3.6146744038850196,,
arima,TGO,2014,2015,1,5.4680413807304,4.297103100154368,,
arima,TGO,2014,2016,2,4.21490387414525,4.135953924677809,,
arima,TGO,2014,2017,3,4.00791259566937,4.052814504711519,,
arima,TGO,2014,2018,4,4.79518333086139,4.009921557031893,,
arima,TGO,2014,2019,5,4.91949260488683,3.9877924038408654,,
arima,THA,2014,2015,1,3.13404724911635,3.510553008802645,,
arima,THA,2014,2016,2,3.43515771692182,4.637487414508388,,
arima,THA,2014,2017,3,4.1776810321001,5.263664642574783,,
arima,THA,2014,2018,4,4.22287028746071,5.611597866517274,,
arima,THA,2014,2019,5,2.11455779628278,5.8049257661868845,,
arima,TON,2014,2015,1,1.11374402398066,1.65607501787266,,
arima,TON,2014,2016,2,6.59869879417958,1.6908429067501807,,
arima,TON,2014,2017,3,3.20231976224244,1.663941102491015,,
arima,TON,2014,2018,4,0.527828083180253,1.684756489785536,,
arima,TON,2014,2019,5,-0.285210784299821,1.6686504939182405,,
arima,TUN,2014,2015,1,0.967834205635981,2.9793943190125503,,
arima,TUN,2014,2016,2,1.117231963992,3.045169515749422,,
arima,TUN,2014,2017,3,2.25261437620587,3.0987332462225954,,
arima,TUN,2014,2018,4,2.60696965356362,3.1423526250240044,,
arima,TUN,2014,2019,5,1.55009304966742,3.1778738665471975,,
arima,TUR,2014,2015,1,5.80557386628684,4.751391938964612,,
arima,TUR,2014,2016,2,3.32366508200445,4.751378395350657,,
arima,TUR,2014,2017,3,7.82585730002594,4.7513783946307075,,
arima,TUR,2014,2018,4,3.46815306092219,4.751378394630669,,
arima,TUR,2014,2019,5,1.30162365464503,4.751378394630669,,
arima,TZA,2014,2015,1,6.16062877406682,3.167148255538923,,
arima,TZA,2014,2016,2,6.86711619644551,4.012570881953878,,
arima,TZA,2014,2017,3,6.72726996832438,3.252635468124667,,
arima,TZA,2014,2018,4,5.50267599384966,3.9357279418152413,,
arima,TZA,2014,2019,5,5.79999999996723,3.321708224979705,,
arima,UGA,2014,2015,1,5.18785986002466,5.613123840057076,,
arima,UGA,2014,2016,2,4.78100029254482,5.7862417872699865,,
arima,UGA,2014,2017,3,3.13140551723596,5.854059954587767,,
arima,UGA,2014,2018,4,6.30392378262997,5.880627412742098,,
arima,UGA,2014,2019,5,6.43874503276439,5.891035093466861,,
arima,UKR,2014,2015,1,-9.7729872128676,-6.843489345774533,,
arima,UKR,2014,2016,2,2.44098194492067,-5.1180916433372925,,
arima,UKR,2014,2017,3,2.35997228099491,-3.9614385084605432,,
arima,UKR,2014,2018,4,3.48836234022659,-3.1860541014160617,,
arima,UKR,2014,2019,5,3.19950386354134,-2.666260430730349,,
arima,URY,2014,2015,1,0.370741257681345,2.543712472509094,,
arima,URY,2014,2016,2,1.68979822971775,2.453191665088786,,
arima,URY,2014,2017,3,1.74037649141989,2.426937413058508,,
arima,URY,2014,2018,4,0.164777608846705,2.419322746670604,,
arima,URY,2014,2019,5,0.928351027546341,2.4171142227281885,,
arima,USA,2014,2015,1,2.94555045227337,3.003731144099099,,
arima,USA,2014,2016,2,1.81945147909089,3.098123335084942,,
arima,USA,2014,2017,3,2.45762230126449,3.1004565223788134,,
arima,USA,2014,2018,4,2.96650506701943,3.100514194129955,,
arima,USA,2014,2019,5,2.58382533052225,3.1005156196609827,,
arima,VNM,2014,2015,1,6.98715430598611,6.637857746023686,,
arima,VNM,2014,2016,2,6.69000892660424,6.5031620701673285,,
arima,VNM,2014,2017,3,6.94019037359206,6.44696589952357,,
arima,VNM,2014,2018,4,7.46500685572751,6.423520383734406,,
arima,VNM,2014,2019,5,7.35926270105006,6.413738717042122,,
arima,VUT,2014,2015,1,3.50101268962098,2.443324871030974,,
arima,VUT,2014,2016,2,3.61980830670927,2.263134509066315,,
arima,VUT,2014,2017,3,4.22332192519966,2.3649549329775112,,
arima,VUT,2014,2018,4,2.51532789491979,2.3074191213368804,,
arima,VUT,2014,2019,5,3.27677257380314,2.3399309641871255,,
arima,ZAF,2014,2015,1,1.32186223678229,2.2880453238002896,,
arima,ZAF,2014,2016,2,0.664552307858116,2.8201860720771315,,
arima,ZAF,2014,2017,3,1.15794695181735,3.009834254924989,,
arima,ZAF,2014,2018,4,1.55678384721676,3.0774224510440784,,
arima,ZAF,2014,2019,5,0.25993557687633,3.1015100230209596,,
arima,ABW,2019,2020,1,-23.9400592677491,2.786038450240592,,
arima,ABW,2019,2021,2,14.833691976226,3.0251825890472017,,
arima,ABW,2019,2022,3,10.6079607621246,3.2429686557931015,,
arima,ABW,2019,2023,4,9.51636022347185,3.441304149631007,,
arima,ABW,2019,2024,5,6.81077669324554,3.621926210094691,,
arima,ALB,2019,2020,1,-3.31375636888916,1.2510461637658659,,
arima,ALB,2019,2021,2,8.96957619074095,3.046648688435707,,
arima,ALB,2019,2022,3,4.8268006234359,2.8158796598111624,,
arima,ALB,2019,2023,4,4.01541716935742,2.845537863027438,,
arima,ALB,2019,2024,5,4.04592845095348,2.841726220610513,,
arima,AUS,2019,2020,1,-0.133531904304775,3.093211190842312,,
arima,AUS,2019,2021,2,2.00694844335034,3.328417537578415,,
arima,AUS,2019,2022,3,4.25304559238732,3.3987807643509336,,
arima,AUS,2019,2023,4,3.58382100798981,3.4198302970295558,,
arima,AUS,2019,2024,5,1.37340773365975,3.4261273764318525,,
arima,AUT,2019,2020,1,-6.31825509209936,2.0894035969400866,,
arima,AUT,2019,2021,2,4.92309171717903,2.1476982419920514,,
arima,AUT,2019,2022,3,5.33096379400371,2.2015864982939553,,
arima,AUT,2019,2023,4,-0.786244288594673,2.251401436950345,,
arima,AUT,2019,2024,5,-0.659089573171372,2.2974509528121563,,
arima,BEL,2019,2020,1,-4.7929839083518,1.9816331437184884,,
arima,BEL,2019,2021,2,6.25445686466593,2.034500881446456,,
arima,BEL,2019,2022,3,4.02460852835887,2.0840794706681525,,
arima,BEL,2019,2023,4,1.56125539542029,2.1305735446506935,,
arima,BEL,2019,2024,5,1.09775383828703,2.1741750054713664,,
arima,BEN,2019,2020,1,3.84879240030133,3.376301736191985,,
arima,BEN,2019,2021,2,7.1554516457574,3.510547168892174,,
arima,BEN,2019,2022,3,6.25294705373625,3.5968140775113393,,
arima,BEN,2019,2023,4,6.3527773854442,3.6522497029402325,,
arima,BEN,2019,2024,5,7.45311566226201,3.687872963537864,,
arima,BFA,2019,2020,1,2.01077262406221,5.120899693966636,,
arima,BFA,2019,2021,2,6.94252492572348,5.0901488755381825,,
arima,BFA,2019,2022,3,1.62673258211919,5.0608587619831145,,
arima,BFA,2019,2023,4,3.00027415814125,5.032959967872484,,
arima,BFA,2019,2024,5,4.83395810163883,5.006386403677726,,
arima,BGD,2019,2020,1,3.44801755122445,5.696306996402933,,
arima,BGD,2019,2021,2,6.93867912442445,5.616652577612936,,
arima,BGD,2019,2022,3,7.09982877575158,5.542229740237943,,
arima,BGD,2019,2023,4,5.77511237007889,5.472694881945307,,
arima,BGD,2019,2024,5,4.22325911250161,5.407726967682453,,
arima,BGR,2019,2020,1,-3.13323543125917,2.452136245570064,,
arima,BGR,2019,2021,2,7.82817310703665,2.1827310743768598,,
arima,BGR,2019,2022,3,4.08386398118941,2.0348256679852534,,
arima,BGR,2019,2023,4,1.68151075832925,1.9536245197557052,,
arima,BGR,2019,2024,5,3.38708962009333,1.90904449638361,,
arima,BHR,2019,2020,1,-5.9113629524152,4.738680503391711,,
arima,BHR,2019,2021,2,4.35004091668986,4.881388565543002,,
arima,BHR,2019,2022,3,6.18016125475185,4.809454517093568,,
arima,BHR,2019,2023,4,3.87811614845566,4.845713907406358,,
arima,BHR,2019,2024,5,2.89710543153512,4.827436840924003,,
arima,BHS,2019,2020,1,-20.0893664891399,1.5211585099334972,,
arima,BHS,2019,2021,2,17.5861390037409,2.7140652360091377,,
arima,BHS,2019,2022,3,10.8779009410268,3.0677761357186735,,
arima,BHS,2019,2023,4,3.04824180553773,3.172655585082593,,
arima,BHS,2019,2024,5,3.37866553336166,3.2037535775615122,,
arima,BLZ,2019,2020,1,-13.5228997055506,4.5935390972247925,,
arima,BLZ,2019,2021,2,17.9899244143607,4.723831930366774,,
arima,BLZ,2019,2022,3,9.25051329530994,4.792672249027212,,
arima,BLZ,2019,2023,4,0.500127941638667,4.829044084369117,,
arima,BLZ,2019,2024,5,3.50466435023895,4.848261171562802,,
arima,BOL,2019,2020,1,-12.7194690092717,2.3243125458979206,,
arima,BOL,2019,2021,2,10.0290488827886,2.5206915813711444,,
arima,BOL,2019,2022,3,3.74741781241461,2.6831950682878714,,
arima,BOL,2019,2023,4,2.51636590154891,2.8176665672259307,,
arima,BOL,2019,2024,5,-1.12335595517212,2.928941619655512,,
arima,BRA,2019,2020,1,-3.2767587964736,2.237726864886975,,
arima,BRA,2019,2021,2,4.76260437908608,2.6824377545485936,,
arima,BRA,2019,2022,3,3.01669435393015,3.016513194504435,,
arima,BRA,2019,2023,4,3.24165532906981,3.267477140241429,,
arima,BRA,2019,2024,5,3.41931516501906,3.4560061206064807,,
arima,BRN,2019,2020,1,1.1335733495246,2.835816393221335,,
arima,BRN,2019,2021,2,-1.59076260099606,-0.024961899757819372,,
arima,BRN,2019,2022,3,-1.62833154515108,1.2772849563666053,,
arima,BRN,2019,2023,4,1.12764418162719,0.6844928205873839,,
arima,BRN,2019,2024,5,4.05251709306727,0.9543360646613136,,
arima,BTN,2019,2020,1,-10.2183974208569,6.319986188841056,,
arima,BTN,2019,2021,2,4.42136738945015,6.393813673823499,,
arima,BTN,2019,2022,3,5.21386783786224,6.4347021471962424,,
arima,BTN,2019,2023,4,4.63215702969933,6.457347741247713,,
arima,BTN,2019,2024,5,7.49856206754038,6.4698897338349415,,
arima,BWA,2019,2020,1,-8.72888243996397,4.9172268858797805,,
arima,BWA,2019,2021,2,11.9162724376008,5.532811459684174,,
arima,BWA,2019,2022,3,5.48601706446772,6.008868599684197,,
arima,BWA,2019,2023,4,3.20806812224438,6.377023375143231,,
arima,BWA,2019,2024,5,-2.77988981666252,6.661732766737032,,
arima,CAF,2019,2020,1,0.899999996857062,2.152334536258965,,
arima,CAF,2019,2021,2,0.982919996264229,1.9384847375044831,,
arima,CAF,2019,2022,3,0.453901876447787,1.7882233100556608,,
arima,CAF,2019,2023,4,0.69996840076054,1.6826422119650348,,
arima,CAF,2019,2024,5,1.49999999847535,1.6084557193748514,,
arima,CAN,2019,2020,1,-5.03823342794087,2.639270710741401,,
arima,CAN,2019,2021,2,5.95052804984759,2.94651485097272,,
arima,CAN,2019,2022,3,4.69541985045903,3.06184728725195,,
arima,CAN,2019,2023,4,1.95308552199025,3.105140450949354,,
arima,CAN,2019,2024,5,2.04626605401701,3.1213917162776297,,
arima,CHE,2019,2020,1,-2.2552579425106,1.5997521770184029,,
arima,CHE,2019,2021,2,6.17622836050151,2.26930850416529,,
arima,CHE,2019,2022,3,3.53430286842426,2.3411068379191478,,
arima,CHE,2019,2023,4,0.825560934124624,2.3488059672094304,,
arima,CHE,2019,2024,5,1.39033363875791,2.349631565642281,,
arima,CHL,2019,2020,1,-6.1396969411886,2.3345997375796053,,
arima,CHL,2019,2021,2,11.3374032409913,4.848171568621788,,
arima,CHL,2019,2022,3,2.06391864254198,3.6925257769997586,,
arima,CHL,2019,2023,4,0.677024831595858,4.223848247756432,,
arima,CHL,2019,2024,5,2.80512637106611,3.979566158921285,,
arima,CHN,2019,2020,1,2.33950385203023,6.440677814867694,,
arima,CHN,2019,2021,2,8.57038414981781,7.074569167166196,,
arima,CHN,2019,2022,3,3.13385438394069,7.310860982288445,,
arima,CHN,2019,2023,4,5.41600334492955,7.398942041749681,,
arima,CHN,2019,2024,5,4.95830378788091,7.431775481332851,,
arima,CIV,2019,2020,1,0.699728593494228,5.712434745535188,,
arima,CIV,2019,2021,2,7.06253713446816,5.520382007560555,,
arima,CIV,2019,2022,3,6.39988362730921,5.361086285775413,,
arima,CIV,2019,2023,4,6.60000045209176,5.22896045801241,,
arima,CIV,2019,2024,5,6.0195346193922,5.119370356241786,,
arima,CMR,2019,2020,1,0.259932915907115,3.7398557388714897,,
arima,CMR,2019,2021,2,3.33885747179505,3.7152706144237992,,
arima,CMR,2019,2022,3,3.7367840056412,3.6962363809995256,,
arima,CMR,2019,2023,4,3.34756290750219,3.6814997445094155,,
arima,CMR,2019,2024,5,3.52472308052245,3.670090382745222,,
arima,COG,2019,2020,1,-6.26777227963225,2.561739494553672,,
arima,COG,2019,2021,2,1.01507036990908,3.2496077801643963,,
arima,COG,2019,2022,3,1.47535613247133,3.5768668069276,,
arima,COG,2019,2023,4,1.90686426346754,3.732562995919526,,
arima,COG,2019,2024,5,2.09998918002519,3.806636745714516,,
arima,COL,2019,2020,1,-7.18591413760859,3.6299535767324778,,
arima,COL,2019,2021,2,10.8011981904878,3.8515943508682677,,
arima,COL,2019,2022,3,7.32827729427979,3.966004918319417,,
arima,COL,2019,2023,4,0.841819555752039,4.025063446676994,,
arima,COL,2019,2024,5,1.49330728771066,4.055549352388913,,
arima,COM,2019,2020,1,-0.195556841918759,3.061796472710885,,
arima,COM,2019,2021,2,2.04245238320844,2.4864322073669882,,
arima,COM,2019,2022,3,2.45381174550259,2.725371014509115,,
arima,COM,2019,2023,4,3.1866131800554,2.626143869207732,,
arima,COM,2019,2024,5,3.30071498500033,2.667351182839314,,
arima,CRI,2019,2020,1,-4.14159340574358,4.048508806305072,,
arima,CRI,2019,2021,2,8.21817953969082,4.62817041985019,,
arima,CRI,2019,2022,3,5.46119455235068,4.508483823681096,,
arima,CRI,2019,2023,4,4.79187732359398,4.533196312774405,,
arima,CRI,2019,2024,5,4.08292444182048,4.528093760469181,,
arima,CYP,2019,2020,1,-3.22063018637567,6.001897414463423,,
arima,CYP,2019,2021,2,11.3975590801512,6.04161133135691,,
arima,CYP,2019,2022,3,8.73854684881674,6.074354712641262,,
arima,CYP,2019,2023,4,3.62045368236082,6.101351017760394,,
arima,CYP,2019,2024,5,3.94076934447787,6.123608966130361,,
arima,DEU,2019,2020,1,-4.13191443239947,2.090822546974744,,
arima,DEU,2019,2021,2,3.90999994204108,2.4171148471045116,,
arima,DEU,2019,2022,3,1.8092581243061,2.400734437630336,,
arima,DEU,2019,2023,4,-0.869647578573321,2.4015567610944046,,
arima,DEU,2019,2024,5,-0.495851897260366,2.4015154791056594,,
arima,DNK,2019,2020,1,-1.78010601831291,2.183739252204636,,
arima,DNK,2019,2021,2,6.50025445756295,2.2289634215612937,,
arima,DNK,2019,2022,3,0.443832614908331,2.2697802365496234,,
arima,DNK,2019,2023,4,0.604587766175584,2.30661921910014,,
arima,DNK,2019,2024,5,3.47783593140312,2.3398680317707337,,
arima,DOM,2019,2020,1,-7.92905234231061,5.2626847248229325,,
arima,DOM,2019,2021,2,14.0124289062207,5.293112050316437,,
arima,DOM,2019,2022,3,5.23795652902595,5.2887918213012695,,
arima,DOM,2019,2023,4,2.19229848237939,5.289405229757016,,
arima,DOM,2019,2024,5,4.95352204492849,5.289318134852496,,
arima,DZA,2019,2020,1,-4.99999999908597,4.797304757567613,,
arima,DZA,2019,2021,2,3.79999999900707,3.9753117197280305,,
arima,DZA,2019,2022,3,3.60000000094915,3.8463746436815573,,
arima,DZA,2019,2023,4,4.10000000005964,3.8261496918703983,,
arima,DZA,2019,2024,5,3.69999999907979,3.822977224428867,,
arima,ECU,2019,2020,1,-9.24509619165865,2.465965247248366,,
arima,ECU,2019,2021,2,9.42189269033631,2.9418947533026873,,
arima,ECU,2019,2022,3,5.86842354862311,3.2570709614959203,,
arima,ECU,2019,2023,4,1.8328406107788,3.4657910365225906,,
arima,ECU,2019,2024,5,-1.94409022506859,3.6040123507800104,,
arima,EGY,2019,2020,1,3.55016483883115,5.36522183765549,,
arima,EGY,2019,2021,2,3.29064601193245,5.283623742201307,,
arima,EGY,2019,2022,3,6.58784560870467,5.245388915313889,,
arima,EGY,2019,2023,4,3.76028052279247,5.227473031628446,,
arima,EGY,2019,2024,5,2.3991692678251,5.219078096582043,,
arima,ESP,2019,2020,1,-10.9400706350371,2.324916747611897,,
arima,ESP,2019,2021,2,6.68314420473001,2.623035861154225,,
arima,ESP,2019,2022,3,6.37031712129601,2.861128108541583,,
arima,ESP,2019,2023,4,2.46085796805582,3.051280016590627,,
arima,ESP,2019,2024,5,3.45525405630191,3.2031444663216,,
arima,FIN,2019,2020,1,-2.49103605535707,2.5821205399046034,,
arima,FIN,2019,2021,2,2.67634641498897,2.8893139262806384,,
arima,FIN,2019,2022,3,0.763041912763526,2.9002590099059318,,
arima,FIN,2019,2023,4,-1.28973484453397,2.9006489755135183,,
arima,FIN,2019,2024,5,0.374566568538427,2.9006628697129875,,
arima,FJI,2019,2020,1,-17.1835352599354,3.6000190627246726,,
arima,FJI,2019,2021,2,-4.3459619989752,3.0648784815067094,,
arima,FJI,2019,2022,3,17.7451269773594,3.2272466262979687,,
arima,FJI,2019,2023,4,9.44245856738313,3.1779821612802848,,
arima,FJI,2019,2024,5,3.53085896076352,3.1929295976545733,,
arima,FRA,2019,2020,1,-7.44064589948231,1.9560464447546817,,
arima,FRA,2019,2021,2,6.88233783360239,2.035002849241545,,
arima,FRA,2019,2022,3,2.71676264185913,2.1084185203676613,,
arima,FRA,2019,2023,4,1.43921494437743,2.1766822768282896,,
arima,FRA,2019,2024,5,1.19046798275883,2.240155652125928,,
arima,GAB,2019,2020,1,-1.8377610635094,4.1307500073786745,,
arima,GAB,2019,2021,2,1.46795731508091,4.238680414064046,,
arima,GAB,2019,2022,3,3.03761449525692,4.276745700959389,,
arima,GAB,2019,2023,4,2.43893665041031,4.290170704264052,,
arima,GAB,2019,2024,5,3.39403899521831,4.294905483072518,,
arima,GBR,2019,2020,1,-10.047896637362,2.024237354716725,,
arima,GBR,2019,2021,2,8.5431118453255,2.546455147392725,,
arima,GBR,2019,2022,3,5.14970388522993,2.3130332781373326,,
arima,GBR,2019,2023,4,0.271650048355255,2.417368614487096,,
arima,GBR,2019,2024,5,1.08027716858781,2.3707326139874696,,
arima,GEO,2019,2020,1,-6.2904717853839,4.483027472177177,,
arima,GEO,2019,2021,2,10.6442336580969,3.8787094636330868,,
arima,GEO,2019,2022,3,10.9585321385624,3.500866628151626,,
arima,GEO,2019,2023,4,7.83220126555726,3.264624771536072,,
arima,GEO,2019,2024,5,9.67979379712661,3.116917286898845,,
arima,GHA,2019,2020,1,0.513941670628171,4.771662261864924,,
arima,GHA,2019,2021,2,5.07646643533542,4.061374444097632,,
arima,GHA,2019,2022,3,3.80484978178042,3.838457040780152,,
arima,GHA,2019,2023,4,3.14009100080186,3.768496431209218,,
arima,GHA,2019,2024,5,5.84746854280382,3.746539927057024,,
arima,GMB,2019,2020,1,0.591487287873974,3.282939849502357,,
arima,GMB,2019,2021,2,5.25596878816744,3.4353202756258696,,
arima,GMB,2019,2022,3,5.49299823010114,3.5280946144119745,,
arima,GMB,2019,2023,4,5.91679576551141,3.584578758446474,,
arima,GMB,2019,2024,5,5.55126065805138,3.618968208902875,,
arima,GNB,2019,2020,1,2.89149979806913,-1.5898006214985774,,
arima,GNB,2019,2021,2,5.0173096003907,3.050520881578453,,
arima,GNB,2019,2022,3,5.45776090019501,3.3122877719079624,,
arima,GNB,2019,2023,4,4.63052364601562,3.3270544006485236,,
arima,GNB,2019,2024,5,4.40920107183611,3.327887406396833,,
arima,GRC,2019,2020,1,-9.19623149726978,2.248421532518756,,
arima,GRC,2019,2021,2,8.65449786002131,2.3947101156150636,,
arima,GRC,2019,2022,3,5.52198580589408,2.5206702937093355,,
arima,GRC,2019,2023,4,2.13591131996631,2.6291269219008564,,
arima,GRC,2019,2024,5,2.0865743380603,2.7225123106534053,,
arima,GTM,2019,2020,1,-1.78555117570465,3.874387427344631,,
arima,GTM,2019,2021,2,8.04170398855833,3.877258325303524,,
arima,GTM,2019,2022,3,4.15492196609047,3.8792859917191773,,
arima,GTM,2019,2023,4,3.52430434049013,3.8807180980329643,,
arima,GTM,2019,2024,5,3.71558453779777,3.8817295703728694,,
arima,HKG,2019,2020,1,-6.54479640529367,3.416718435024059,,
arima,HKG,2019,2021,2,6.45443038333934,6.321434211828171,,
arima,HKG,2019,2022,3,-3.68528359281325,5.808550460817352,,
arima,HKG,2019,2023,4,3.15034461759902,5.899110006832675,,
arima,HKG,2019,2024,5,2.62936861207362,5.883119967455646,,
arima,HND,2019,2020,1,-8.96508223267296,3.7307523210790507,,
arima,HND,2019,2021,2,12.5652843771279,4.210406201582133,,
arima,HND,2019,2022,3,4.14356194013767,4.610241711191762,,
arima,HND,2019,2023,4,3.57584760454412,4.943541286662964,,
arima,HND,2019,2024,5,3.63240745450875,5.221377057472171,,
arima,HTI,2019,2020,1,-3.30550546965893,1.2676132845836137,,
arima,HTI,2019,2021,2,-1.79823988931486,1.324194769676448,,
arima,HTI,2019,2022,3,-1.68198396897978,1.3655192253788713,,
arima,HTI,2019,2023,4,-1.86388420254838,1.3957006643478145,,
arima,HTI,2019,2024,5,-4.18495104762965,1.4177437679471832,,
arima,HUN,2019,2020,1,-4.33872540024058,4.1456603994475945,,
arima,HUN,2019,2021,2,7.22291580811137,4.097558384297448,,
arima,HUN,2019,2022,3,4.15238057779229,4.056762351889049,,
arima,HUN,2019,2023,4,-0.817107370513455,4.022162631792664,,
arima,HUN,2019,2024,5,0.709070599066038,3.99281809606027,,
arima,IDN,2019,2020,1,-2.06551182934165,5.176613006074256,,
arima,IDN,2019,2021,2,3.70288562827751,5.238176978807802,,
arima,IDN,2019,2022,3,5.30719722664799,5.253040607489398,,
arima,IDN,2019,2023,4,5.04883117855516,5.2566291910030145,,
arima,IDN,2019,2024,5,5.03257477088519,5.2574955966372015,,
arima,IND,2019,2020,1,-5.77772470687303,6.002222518941906,,
arima,IND,2019,2021,2,9.68959249191741,5.970701463951425,,
arima,IND,2019,2022,3,7.6093649776932,5.940398706405096,,
arima,IND,2019,2023,4,7.210224629335,5.911267158771651,,
arima,IND,2019,2024,5,7.09927893176518,5.883261553465859,,
arima,IRL,2019,2020,1,7.15369505735335,5.186143303362006,,
arima,IRL,2019,2021,2,16.2581881158197,5.0370082691456375,,
arima,IRL,2019,2022,3,7.51113888415304,4.9594454174753375,,
arima,IRL,2019,2023,4,-2.53637409313261,4.919106163920061,,
arima,IRL,2019,2024,5,2.59946721553708,4.898126334757591,,
arima,IRN,2019,2020,1,4.44180865358672,1.6370514281746384,,
arima,IRN,2019,2021,2,4.13089685034471,3.409358244901715,,
arima,IRN,2019,2022,3,4.35281087521344,3.8775794386384046,,
arima,IRN,2019,2023,4,5.33235116079808,4.001277595297907,,
arima,IRN,2019,2024,5,3.66312057949303,4.03395709414512,,
arima,IRQ,2019,2020,1,-12.0367930960454,9.682284366299772,,
arima,IRQ,2019,2021,2,1.5021807095434,7.6140895234909145,,
arima,IRQ,2019,2022,3,7.95904804990212,7.5678431320242225,,
arima,IRQ,2019,2023,4,0.517705525140073,7.566809027944944,,
arima,IRQ,2019,2024,5,-1.54525198319173,7.566785904600336,,
arima,ISL,2019,2020,1,-6.64587810456635,1.187566446805378,,
arima,ISL,2019,2021,2,5.18057190719905,3.953060421033089,,
arima,ISL,2019,2022,3,8.85729897856851,3.582778875066272,,
arima,ISL,2019,2023,4,5.0322597376242,3.632357150976949,,
arima,ISL,2019,2024,5,-1.2828764442695,3.6257189442689772,,
arima,ISR,2019,2020,1,-1.80206927953466,4.523567652480312,,
arima,ISR,2019,2021,2,9.33534690236249,5.086399461658556,,
arima,ISR,2019,2022,3,6.36407234798706,5.198632908020248,,
arima,ISR,2019,2023,4,2.06272504731618,5.221013211117569,,
arima,ISR,2019,2024,5,0.953618469238535,5.225476033769507,,
arima,ITA,2019,2020,1,-8.86822122185345,0.7161179511526599,,
arima,ITA,2019,2021,2,8.93106210800055,0.7655358473824232,,
arima,ITA,2019,2022,3,4.82117669913565,0.8137931909333203,,
arima,ITA,2019,2023,4,0.922796543670316,0.8609172367599967,,
arima,ITA,2019,2024,5,0.783039135276795,0.9069345997491662,,
arima,JPN,2019,2020,1,-4.28327942675573,0.9776150891658362,,
arima,JPN,2019,2021,2,3.56419531474475,1.0687278248722762,,
arima,JPN,2019,2022,3,1.33164750653741,1.1575244290906994,,
arima,JPN,2019,2023,4,0.720785304749811,1.244063779046427,,
arima,JPN,2019,2024,5,-0.240084236041696,1.3284032552761502,,
arima,KEN,2019,2020,1,-0.272766327438816,4.947529916654487,,
arima,KEN,2019,2021,2,7.59048947333467,4.375325765351991,,
arima,KEN,2019,2022,3,4.85998104287999,4.80265161256678,,
arima,KEN,2019,2023,4,5.71999241214208,4.4835218416936184,,
arima,KEN,2019,2024,5,4.66019594571891,4.721850066680127,,
arima,KGZ,2019,2020,1,-7.14897757727955,3.677677294040164,,
arima,KGZ,2019,2021,2,5.50700762671923,3.0591157921226246,,
arima,KGZ,2019,2022,3,8.96750520041391,2.7265852886529482,,
arima,KGZ,2019,2023,4,9.0132928339342,2.5478212766751427,,
arima,KGZ,2019,2024,5,11.5397119406559,2.451720102061202,,
arima,KHM,2019,2020,1,-3.55572193406549,6.17938108581431,,
arima,KHM,2019,2021,2,3.08984284148661,5.770764471844098,,
arima,KHM,2019,2022,3,5.12990110773977,5.462522150223681,,
arima,KHM,2019,2023,4,5.00733043811898,5.229997760393386,,
arima,KHM,2019,2024,5,6.0158145735202,5.054591633221361,,
arima,KOR,2019,2020,1,-0.700242317542106,3.7634394424566064,,
arima,KOR,2019,2021,2,4.61296795454287,3.8965191029258697,,
arima,KOR,2019,2022,3,2.72756456708991,4.023640850876527,,
arima,KOR,2019,2023,4,1.58301467403629,4.145071419192133,,
arima,KOR,2019,2024,5,2.00361101838986,4.261065599253082,,
arima,KWT,2019,2020,1,-4.81731593381585,0.3302465972476196,,
arima,KWT,2019,2021,2,1.67213054307859,4.2397070698507395,,
arima,KWT,2019,2022,3,6.75866711966617,1.8254689794259713,,
arima,KWT,2019,2023,4,-1.64087799968877,3.316351314240035,,
arima,KWT,2019,2024,5,-1.47401818168846,2.39567570023315,,
arima,LBY,2019,2020,1,-29.4552967282824,5.023437460340011,,
arima,LBY,2019,2021,2,28.2996823429147,5.180002588348934,,
arima,LBY,2019,2022,3,-8.29981811198795,5.3260613208296546,,
arima,LBY,2019,2023,4,10.2000497852517,5.462318695668955,,
arima,LBY,2019,2024,5,1.89995052025442,5.589432438769172,,
arima,LKA,2019,2020,1,-4.62451503712715,3.4447888766502492,,
arima,LKA,2019,2021,2,4.2074764950026,4.376899597596429,,
arima,LKA,2019,2022,3,-7.34919311146656,4.642937738615721,,
arima,LKA,2019,2023,4,-2.0289296690344,4.718868946021164,,
arima,LKA,2019,2024,5,4.99241614398109,4.7405408319994615,,
arima,LUX,2019,2020,1,-0.510051634039826,3.435628736855282,,
arima,LUX,2019,2021,2,6.92973270801744,3.5491105177205227,,
arima,LUX,2019,2022,3,-1.09741256293819,3.552082053458129,,
arima,LUX,2019,2023,4,0.0994370594039111,3.5521598635221987,,
arima,LUX,2019,2024,5,0.358614003982225,3.552161900989221,,
arima,MAC,2019,2020,1,-54.4020925789353,2.1828673042897115,,
arima,MAC,2019,2021,2,22.4622020023362,6.172273593712221,,
arima,MAC,2019,2022,3,-18.956941494497,6.275524896600947,,
arima,MAC,2019,2023,4,75.3084184293413,6.278197181842108,,
arima,MAC,2019,2024,5,7.84960207010525,6.278266344246943,,
arima,MAR,2019,2020,1,-7.17820744246774,5.11951491259871,,
arima,MAR,2019,2021,2,8.15473889823681,4.352658949249715,,
arima,MAR,2019,2022,3,1.81269242194809,4.788651947174473,,
arima,MAR,2019,2023,4,3.65564411017931,4.540769811122141,,
arima,MAR,2019,2024,5,3.79336515978963,4.6817022427582815,,
arima,MDG,2019,2020,1,-7.13767162064489,1.897176307797396,,
arima,MDG,2019,2021,2,4.65068343174309,1.9652767139729315,,
arima,MDG,2019,2022,3,4.13753534956307,2.0028328222864946,,
arima,MDG,2019,2023,4,4.23086580696344,2.023544318015675,,
arima,MDG,2019,2024,5,4.32283728087992,2.03496632297312,,
arima,MEX,2019,2020,1,-8.35403459379062,2.0999046998810256,,
arima,MEX,2019,2021,2,6.04848347173572,2.563467672191993,,
arima,MEX,2019,2022,3,3.70975708309098,2.8926221780424433,,
arima,MEX,2019,2023,4,3.1067964131456,3.1263394833344105,,
arima,MEX,2019,2024,5,1.35057631384696,3.2922912713915258,,
arima,MLI,2019,2020,1,-1.16910834857605,3.492651787206148,,
arima,MLI,2019,2021,2,3.10094124463507,3.7565058992974114,,
arima,MLI,2019,2022,3,3.70319027585386,3.6796444216706754,,
arima,MLI,2019,2023,4,4.76394100040932,3.7020343957974453,,
arima,MLI,2019,2024,5,5.01653579205785,3.6955121305889627,,
arima,MLT,2019,2020,1,-3.45728232537419,5.520643102147394,,
arima,MLT,2019,2021,2,13.3509818925498,5.6218466127285005,,
arima,MLT,2019,2022,3,2.59276776884379,5.685730519831753,,
arima,MLT,2019,2023,4,10.6340558017004,5.726056725546784,,
arima,MLT,2019,2024,5,6.21275996991034,5.75151232056452,,
arima,MNG,2019,2020,1,-4.55775197583431,4.741394699532884,,
arima,MNG,2019,2021,2,1.63676957736662,4.8558670115385985,,
arima,MNG,2019,2022,3,5.0327096366527,4.906852712805006,,
arima,MNG,2019,2023,4,7.4221127615025,4.929561625450167,,
arima,MNG,2019,2024,5,5.12204539122661,4.939676122274109,,
arima,MRT,2019,2020,1,-0.36065738652286,3.440604570007362,,
arima,MRT,2019,2021,2,0.7427154981402,3.462168386970294,,
arima,MRT,2019,2022,3,6.7960049994761,3.4736263218167136,,
arima,MRT,2019,2023,4,6.80949002457973,3.4797144958709856,,
arima,MRT,2019,2024,5,6.3076021190402,3.4829494473532496,,
arima,MUS,2019,2020,1,-14.1974358137792,5.037158117165673,,
arima,MUS,2019,2021,2,3.33809084057279,4.438134742840883,,
arima,MUS,2019,2022,3,8.3424438025047,4.986823766697528,,
arima,MUS,2019,2023,4,4.69918189687444,4.484239630911329,,
arima,MUS,2019,2024,5,4.94844235250574,4.944592950481203,,
arima,MYS,2019,2020,1,-5.45684658426701,6.044280665394217,,
arima,MYS,2019,2021,2,3.31534954399166,6.480432811126432,,
arima,MYS,2019,2022,3,9.03173723044451,6.235981780773129,,
arima,MYS,2019,2023,4,3.5370638041057,6.372989719001823,,
arima,MYS,2019,2024,5,5.10545921024041,6.296200616863256,,
arima,NER,2019,2020,1,4.45481803846413,1.9930987268050637,,
arima,NER,2019,2021,2,1.11520063869706,3.3992864956030093,,
arima,NER,2019,2022,3,12.2215497467041,2.3113091396478422,,
arima,NER,2019,2023,4,2.63516980401258,3.1530848635848074,,
arima,NER,2019,2024,5,8.32327058280728,2.501797072041101,,
arima,NIC,2019,2020,1,-2.23654176262323,1.936992562806127,,
arima,NIC,2019,2021,2,10.4543887816515,2.837812691136466,,
arima,NIC,2019,2022,3,3.55027477135765,2.7174520768853636,,
arima,NIC,2019,2023,4,4.42779393186883,2.7335337307109207,,
arima,NIC,2019,2024,5,3.58094495324541,2.7313850245799807,,
arima,NLD,2019,2020,1,-3.86799714191608,2.5194339070503022,,
arima,NLD,2019,2021,2,6.27683593745216,2.6056039971338727,,
arima,NLD,2019,2022,3,5.00723453395074,2.6657621459359278,,
arima,NLD,2019,2023,4,-0.598061017580278,2.7077605106095675,,
arima,NLD,2019,2024,5,1.07383137319854,2.737080938022716,,
arima,NOR,2019,2020,1,-1.36055723261586,2.255403501628473,,
arima,NOR,2019,2021,2,4.14314688769197,2.654844165207524,,
arima,NOR,2019,2022,3,4.08039770659241,2.8827894561367304,,
arima,NOR,2019,2023,4,0.352695581319765,3.01286899083217,,
arima,NOR,2019,2024,5,1.42372134524737,3.0871003350183384,,
arima,NPL,2019,2020,1,-2.3696206292072,3.337492617582662,,
arima,NPL,2019,2021,2,4.838149614115,3.958638988759368,,
arima,NPL,2019,2022,3,5.6313145568451,3.8627063726582245,,
arima,NPL,2019,2023,4,1.98254843461849,3.877522633782917,,
arima,NPL,2019,2024,5,3.67787459697703,3.8752343443289567,,
arima,NZL,2019,2020,1,-0.240916114758988,2.615289340178173,,
arima,NZL,2019,2021,2,4.29916005216614,2.7976579131900787,,
arima,NZL,2019,2022,3,3.34521847792682,2.6909775198239143,,
arima,NZL,2019,2023,4,1.81389453412019,2.753382495312847,,
arima,NZL,2019,2024,5,-0.868722371893952,2.7168773715230667,,
arima,OMN,2019,2020,1,-3.37972052697999,2.6168372315152135,,
arima,OMN,2019,2021,2,2.5821749892893,6.388153640457475,,
arima,OMN,2019,2022,3,7.98570728354278,7.416122814443078,,
arima,OMN,2019,2023,4,1.41401383200161,7.696322221779738,,
arima,OMN,2019,2024,5,1.63163231397978,7.772697768691726,,
arima,PAK,2019,2020,1,-1.27408744338709,4.709901045551635,,
arima,PAK,2019,2021,2,6.51388575852702,4.821862119411911,,
arima,PAK,2019,2022,3,4.7781068690358,4.906240728023199,,
arima,PAK,2019,2023,4,-0.414935997088406,4.969832022262321,,
arima,PAK,2019,2024,5,3.08176295579301,5.017757115713858,,
arima,PAN,2019,2020,1,-17.8211174074602,4.480612245711296,,
arima,PAN,2019,2021,2,16.4669992022652,5.233611287227377,,
arima,PAN,2019,2022,3,11.0386022908773,5.475971788345793,,
arima,PAN,2019,2023,4,7.16634016390665,5.553978013140058,,
arima,PAN,2019,2024,5,2.74784148771307,5.579085120439198,,
arima,PER,2019,2020,1,-10.9333065010382,2.6706353708812207,,
arima,PER,2019,2021,2,13.4166456126513,3.6695615022085186,,
arima,PER,2019,2022,3,2.81819976419922,3.6387102835407696,,
arima,PER,2019,2023,4,-0.350699814345759,3.6396631044385677,,
arima,PER,2019,2024,5,3.5152749274832,3.639633677151657,,
arima,PHL,2019,2020,1,-9.51829474045297,5.236856576374075,,
arima,PHL,2019,2021,2,5.71473313185116,4.744294807513466,,
arima,PHL,2019,2022,3,7.58098212785563,4.569535829716252,,
arima,PHL,2019,2023,4,5.51894967856043,4.507532031915677,,
arima,PHL,2019,2024,5,5.71474526128652,4.485533328386089,,
arima,PRT,2019,2020,1,-8.20463159324387,2.9809710202223405,,
arima,PRT,2019,2021,2,5.55875672070374,3.0682712721187646,,
arima,PRT,2019,2022,3,6.98584137580278,3.1263659187975446,,
arima,PRT,2019,2023,4,3.09998745904281,3.165025463293894,,
arima,PRT,2019,2024,5,2.21459232301109,3.19075176453003,,
arima,PRY,2019,2020,1,-0.819785390971916,2.363157813708218,,
arima,PRY,2019,2021,2,3.99461510731535,3.1758663561580533,,
arima,PRY,2019,2022,3,-0.0280771723899278,3.694572259642099,,
arima,PRY,2019,2023,4,5.28584584975323,4.02563290470208,,
arima,PRY,2019,2024,5,4.66914577981763,4.236930192763315,,
arima,QAT,2019,2020,1,-3.5576039896784,3.1176927056853048,,
arima,QAT,2019,2021,2,1.62684671918775,3.7512373663860825,,
arima,QAT,2019,2022,3,4.18500970982862,4.255683441393769,,
arima,QAT,2019,2023,4,1.18715991623776,4.657337592040687,,
arima,QAT,2019,2024,5,3.10963283242745,4.977145921859565,,
arima,RUS,2019,2020,1,-2.65365449695453,1.7478144170086356,,
arima,RUS,2019,2021,2,5.866491772979,1.4947249664281195,,
arima,RUS,2019,2022,3,-1.43537063467896,1.2936448321346274,,
arima,RUS,2019,2023,4,4.06661395813023,1.1338862159033052,,
arima,RUS,2019,2024,5,4.92167966203073,1.0069576381508438,,
arima,RWA,2019,2020,1,-2.77710485515125,4.388725296826841,,
arima,RWA,2019,2021,2,8.41140448646523,4.701224775270518,,
arima,RWA,2019,2022,3,9.82497394651698,4.750958405168212,,
arima,RWA,2019,2023,4,8.55964292914153,4.758873406995155,,
arima,RWA,2019,2024,5,7.22717103344534,4.7601330627662986,,
arima,SAU,2019,2020,1,-3.80478901996312,3.525613144892607,,
arima,SAU,2019,2021,2,6.51959698325419,3.890143934463497,,
arima,SAU,2019,2022,3,12.0005874752929,4.191233692064165,,
arima,SAU,2019,2023,4,0.542592439393161,4.43992336307589,,
arima,SAU,2019,2024,5,2.64893068308965,4.645332384494501,,
arima,SDN,2019,2020,1,-3.62980082410752,1.7974737272961243,,
arima,SDN,2019,2021,2,-1.8685204827207,2.948419418734172,,
arima,SDN,2019,2022,3,-0.957816591119183,3.0069302384242995,,
arima,SDN,2019,2023,4,-29.4332716274387,3.0099047628056654,,
arima,SDN,2019,2024,5,-13.9643378424022,3.010055979201918,,
arima,SEN,2019,2020,1,1.34207377285524,3.004350057291327,,
arima,SEN,2019,2021,2,6.5440010991951,3.1759735390074844,,
arima,SEN,2019,2022,3,3.85043193752725,3.0427948543233114,,
arima,SEN,2019,2023,4,4.25743083300657,3.1461406312347733,,
arima,SEN,2019,2024,5,6.46220577412338,3.0659449930907146,,
arima,SGP,2019,2020,1,-3.61084281729929,5.385173459687415,,
arima,SGP,2019,2021,2,10.1410845197192,7.19091808440009,,
arima,SGP,2019,2022,3,4.01027884472296,7.204749146098697,,
arima,SGP,2019,2023,4,1.45026775889565,7.20485508481511,,
arima,SGP,2019,2024,5,5.3435120192366,7.204855896250405,,
arima,SLB,2019,2020,1,-3.38125925839405,2.199429389415462,,
arima,SLB,2019,2021,2,-0.227975292792024,2.5362117451234942,,
arima,SLB,2019,2022,3,-2.58448361755723,2.655937155076596,,
arima,SLB,2019,2023,4,2.84111851154807,2.69849928324481,,
arima,SLB,2019,2024,5,2.99755987604104,2.713630029131728,,
arima,SLV,2019,2020,1,-7.893101359867,2.3730761035581347,,
arima,SLV,2019,2021,2,11.9047617015957,2.3322962732311603,,
arima,SLV,2019,2022,3,2.9546041089332,2.309875491128764,,
arima,SLV,2019,2023,4,3.35508721646165,2.2975485278713754,,
arima,SLV,2019,2024,5,2.5904637107794,2.290771153984281,,
arima,SWE,2019,2020,1,-1.93379704032216,2.7426785534784432,,
arima,SWE,2019,2021,2,5.2258643028773,2.5447518768921706,,
arima,SWE,2019,2022,3,1.25543620445816,2.558509611645624,,
arima,SWE,2019,2023,4,-0.204061304891439,2.5575533218275415,,
arima,SWE,2019,2024,5,1.01779633304398,2.5576197928151387,,
arima,SYC,2019,2020,1,-11.7398608281732,4.809681651230948,,
arima,SYC,2019,2021,2,0.552281631207279,4.761702498204852,,
arima,SYC,2019,2022,3,9.88048366355446,4.792448653425621,,
arima,SYC,2019,2023,4,5.17980996672414,4.772745803307665,,
arima,SYC,2019,2024,5,3.34667429007052,4.785371847116499,,
arima,TCD,2019,2020,1,-0.393646582380399,3.874474571908028,,
arima,TCD,2019,2021,2,0.293442648033434,3.631163185182208,,
arima,TCD,2019,2022,3,4.12969897668356,3.5381092566049688,,
arima,TCD,2019,2023,4,3.99861309461539,3.5025209771570545,,
arima,TCD,2019,2024,5,4.95210484607125,3.4889103144647042,,
arima,TGO,2019,2020,1,2.15900131150536,4.170124938582085,,
arima,TGO,2019,2021,2,5.13562929064506,4.100671367265144,,
arima,TGO,2019,2022,3,6.29443692019429,4.063537428156815,,
arima,TGO,2019,2023,4,6.19762969378132,4.043683453659111,,
arima,TGO,2019,2024,5,6.52651376797853,4.033068358336053,,
arima,THA,2019,2020,1,-6.09306312966953,3.9415686026099364,,
arima,THA,2019,2021,2,1.55858232076893,4.688042787230832,,
arima,THA,2019,2022,3,2.63784213566305,5.141577203114719,,
arima,THA,2019,2023,4,2.24883437970568,5.41713055864784,,
arima,THA,2019,2024,5,2.94859986593323,5.584548176994586,,
arima,TON,2019,2020,1,1.80618715298932,1.727518271636843,,
arima,TON,2019,2021,2,-0.934919892094683,1.7418940522374433,,
arima,TON,2019,2022,3,-2.12854876486114,1.7467969765270106,,
arima,TON,2019,2023,4,2.79014715494606,1.748469140791136,,
arima,TON,2019,2024,5,1.71653807667747,1.749039439894503,,
arima,TUN,2019,2020,1,-8.97512622934723,2.309295777738073,,
arima,TUN,2019,2021,2,4.73603648206102,2.441975428436886,,
arima,TUN,2019,2022,3,2.75228761004381,2.552206773735911,,
arima,TUN,2019,2023,4,0.184015548469745,2.643787882236232,,
arima,TUN,2019,2024,5,1.61444564976986,2.7198742205767106,,
arima,TUR,2019,2020,1,1.80306247087255,4.346666503242057,,
arima,TUR,2019,2021,2,11.811094450607,4.396311039456791,,
arima,TUR,2019,2022,3,5.44122511322401,4.436405178332448,,
arima,TUR,2019,2023,4,5.04512369812289,4.468786183267757,,
arima,TUR,2019,2024,5,3.3276230893799,4.494937873016533,,
arima,TZA,2019,2020,1,1.99196460647855,4.485114572321651,,
arima,TZA,2019,2021,2,4.32138429480482,3.2665014727134905,,
arima,TZA,2019,2022,3,4.56600576430955,4.360780201688602,,
arima,TZA,2019,2023,4,5.06952353203394,3.378150081371974,,
arima,TZA,2019,2024,5,5.5263138305945,4.260523034246425,,
arima,UGA,2019,2020,1,2.95130642218098,6.090966435326606,,
arima,UGA,2019,2021,2,3.53658034070898,5.929185347882033,,
arima,UGA,2019,2022,3,4.58802192181773,5.865630977965343,,
arima,UGA,2019,2023,4,5.33697295511469,5.840664166335452,,
arima,UGA,2019,2024,5,6.05558075875589,5.830856159682574,,
arima,UKR,2019,2020,1,-3.75281793983162,1.6984582590123063,,
arima,UKR,2019,2021,2,3.44562065945944,0.7291678565064926,,
arima,UKR,2019,2022,3,-28.7585842155085,0.14753958990295868,,
arima,UKR,2019,2023,4,5.53473354963334,-0.20146978813037275,,
arima,UKR,2019,2024,5,3.24811808426423,-0.4108948675999763,,
arima,URY,2019,2020,1,-7.35732706897301,1.8380744464372683,,
arima,URY,2019,2021,2,5.84427325018082,2.1564161575122727,,
arima,URY,2019,2022,3,4.60623000920732,2.246725429605729,,
arima,URY,2019,2023,4,0.761749241321681,2.2723449583772135,,
arima,URY,2019,2024,5,3.32575905957381,2.279612874940573,,
arima,USA,2019,2020,1,-2.081375977796,2.889860140799791,,
arima,USA,2019,2021,2,6.15202247867526,3.049295349627989,,
arima,USA,2019,2022,3,2.52421385073222,3.053152353812065,,
arima,USA,2019,2023,4,2.93436322440155,3.0532456611899352,,
arima,USA,2019,2024,5,2.79318715363841,3.0532479184513615,,
arima,VNM,2019,2020,1,2.86541320912272,6.959246375554848,,
arima,VNM,2019,2021,2,2.55372852648131,6.699552072936652,,
arima,VNM,2019,2022,3,8.53750041218142,6.590666672380087,,
arima,VNM,2019,2023,4,4.97865959483225,6.545012877380223,,
arima,VNM,2019,2024,5,7.03955197123018,6.525871018258285,,
arima,VUT,2019,2020,1,-5.72530282073851,2.580919034804901,,
arima,VUT,2019,2021,2,-1.16332488626091,2.399283016603886,,
arima,VUT,2019,2022,3,5.59195729750803,2.5012136543783945,,
arima,VUT,2019,2023,4,5.82973013269719,2.444012142145178,,
arima,VUT,2019,2024,5,3.76564827114278,2.4761125299501203,,
arima,ZAF,2019,2020,1,-6.1689177146757,1.5728751658016573,,
arima,ZAF,2019,2021,2,4.85864865060148,2.338623624104913,,
arima,ZAF,2019,2022,3,2.05813661692193,2.6696930585383685,,
arima,ZAF,2019,2023,4,0.80610455095804,2.812830102077385,,
arima,ZAF,2019,2024,5,0.534843531905139,2.8747150455429487,,
